-- phpMyAdmin SQL Dump
-- version 3.5.2
-- http://www.phpmyadmin.net
--
-- Client: vminfotron-dev.ird.fr
-- Généré le: Ven 21 Septembre 2018 à 12:03
-- Version du serveur: 5.0.77
-- Version de PHP: 5.3.3

SET SQL_MODE="NO_AUTO_VALUE_ON_ZERO";
SET time_zone = "+00:00";


/*!40101 SET @OLD_CHARACTER_SET_CLIENT=@@CHARACTER_SET_CLIENT */;
/*!40101 SET @OLD_CHARACTER_SET_RESULTS=@@CHARACTER_SET_RESULTS */;
/*!40101 SET @OLD_COLLATION_CONNECTION=@@COLLATION_CONNECTION */;
/*!40101 SET NAMES utf8 */;

--
-- Base de données: `20180513-css5`
--

-- --------------------------------------------------------

--
-- Structure de la table `information`
--

CREATE TABLE IF NOT EXISTS `information` (
  `idInformation` int(11) NOT NULL auto_increment,
  `uniqueTag` varchar(20) default '',
  `idRef_Dimension` int(11) default NULL,
  `title` varchar(200) NOT NULL default '',
  `subtitle` varchar(200) default '',
  `idRef_Source` int(11) default NULL,
  `idRef_Author` int(11) default NULL,
  `entryDate` date default NULL,
  `shortDescription` longtext,
  `idRef_Misc1` int(11) default NULL,
  PRIMARY KEY  (`idInformation`),
  UNIQUE KEY `idInformation_2` (`uniqueTag`),
  KEY `numsource` (`idRef_Source`),
  KEY `numauteur` (`idRef_Author`),
  KEY `numdimension` (`idRef_Dimension`),
  KEY `idRef_Misc1` (`idRef_Misc1`),
  KEY `idInformation` (`uniqueTag`)
) ENGINE=InnoDB  DEFAULT CHARSET=utf8 AUTO_INCREMENT=18 ;

--
-- Contenu de la table `information`
--

INSERT INTO `information` (`idInformation`, `uniqueTag`, `idRef_Dimension`, `title`, `subtitle`, `idRef_Source`, `idRef_Author`, `entryDate`, `shortDescription`, `idRef_Misc1`) VALUES
(1, 'XP-01', 3, 'Integrative Approaches Combining Genomics, Transcriptomics and Epigenomics', 'study of adaptation mechanisms of tropical trees/forests to environmental variations', 1, 2, '2018-08-24', 'More specifically, design and calibrate empirically the models of evolution to explain and\r\npredict the future of tropical species to global changes.\r\nThe Link to UMR DIADE is provided for any convenience.', NULL),
(2, 'XP-02', 3, 'Reconciling Exploitation and Conservation of Tropical Pelagic Ecosystems', 'Derivation of alternative abundance indicators coupling operational models with fishery independant data', 2, 3, '2017-12-29', 'The current research is entitled: \r\n"Reconciling exploitation and conservation of tropical pelagic ecosystems:\r\nDerivation of alternative abundance indicators coupling operational\r\nmodels and data independent of the fishery\r\n\r\n(Concilier exploitation et conservation des écosystèmes pélagiques tropicaux : \r\nDérivation d’indicateurs d’abondance alternatifs couplant modèles opérationnels \r\net données indépendantes de la pêche)', NULL),
(3, 'XP-03', 3, 'Evolution of the Water Cycle Within the Intertropical Band', ' using hyper-resolved modeling of the critical zone', 3, 4, '2017-10-27', 'Software link : PyGrav  (processing of micro-gravity data)', NULL),
(4, 'XP-04', 4, 'Integrated Modelling of Marine Socio-Ecosystems', 'and scenarios of adaptation to climate change', 2, 5, '2017-11-24', 'doi: APECOSM model description\r\nweb-link: Globec-Cliotop program home page', NULL),
(5, 'XP-05', 3, 'Accelerating Malaria Eradication in West Africa', 'identification, characterization and treatment of persistence foci', 4, 6, '2018-01-18', 'Links below are provided for any convenience :\r\n\r\n- institution: UMR SESSTIM\r\n- web-link: UN Sustainable Development Goal 3: Ensure healthy lives and promote well-being for all at all ages', NULL),
(6, 'XP-06', 3, 'Applied Meta-Acoustics for Biological Conservation within Southern Countries', 'ecological study and conservation tool based on sound environments collections (soundscape ecology)', 5, 7, '2017-11-12', '- institution: access to UMR IMBE\r\n- DOI article: soundscape ecology in an insular biodiversity hot spot', NULL),
(7, 'XP-07', 3, 'Spatial Agro-Hydrology; Satellite Data Mining and Assimilation', 'modeling and predicting interactions between agriculture and water resources', 6, 8, '2018-02-06', 'web-link: the CNES European Copernicus satellites program.', NULL),
(8, 'XP-08', 4, 'Screening, Prevention and Control of Major Endemics in Developing Countries', 'Direction in Tropical Health Research / Herpetologist', 7, 9, '2018-05-14', 'Personal home page from Futura-Sciences.com\r\nBooks from the Amazon.com library', NULL),
(9, 'XP-09', 4, 'Geostatistics for Ecosystem Approach to Fisheries', 'A study of movements and trajectories', 2, 10, '2018-06-07', 'Web-link AFH: Association Française d''Halieutique / French Association for fisheries Sciences\r\nWeb-link SFDS: Société Française de Statistique / French Society for Statistics', NULL),
(10, 'XP-10', 3, 'Hydrosystems and Water Resources Modelling', 'Integrated approach to vulnerable water resources  under changes and uncertainty', 8, 11, '2018-06-13', 'Web-link: the GICC program (Management and impact of climate change)', NULL),
(11, 'XP-11', 3, 'Ecosystem Approach to Pelagic Fisheries and Marine Ecosystems off West Africa ', NULL, 9, 12, '2018-06-25', NULL, NULL),
(12, 'XP-12', 5, 'Modelling and Adaptative Management of Water Resources for Agriculture in West Africa', 'Integrated approach of water resources and water usages', 10, 13, '2018-08-21', 'Software: overview of ZonAgri (Modeling agricultural activities at the regional level)', NULL),
(13, 'XP-13', 3, 'Agent-Based Modelling of Complex Marine and Terrestrial Ecological Systems', 'Conception and development of information systems dedicated to formalization of knowledge', 11, 14, '2018-07-30', '- Software: centre d''informations (CI) application page.\r\n- DOI: Le Fur, Mboup & Sall (2017) A Simulation Model for Integrating Multidisciplinary Knowledge in Natural Sciences.\r\n', NULL),
(14, 'XP-14', 6, 'Viability Assessment of Rural Territories in Transition', 'Development of spatial decision tools and observatories', 12, 15, '2018-07-17', 'Web-link CSFD : French Scientific Committee on Desertification', NULL),
(15, 'XP-15', 4, 'Hydrosystems Management and Governance', NULL, 10, 16, '2018-08-21', 'web-link Water Alternatives: journal\r\nweb-link IWMI : International Water Management Institute', NULL),
(16, 'XP-16', 6, 'Dynamics of Hydrosystems and their Associated Services', 'Multi-level data management and analysis', 10, 17, '2018-09-11', 'web-link : King''s College Water Activity Hub', NULL),
(17, 'XP-17', 3, 'Data Analysis and Mathematical Models for Sustainable Control of Antibiotic Resistance', NULL, 13, 18, '2018-08-26', 'DOI access:\r\n  Optimal control of an age-structured model for  the transmission \r\n  of hepatitis B with differential infectivity\r\n  (J. Math. Biol. 2016)', NULL);

-- --------------------------------------------------------

--
-- Structure de la table `info_access`
--

CREATE TABLE IF NOT EXISTS `info_access` (
  `id` int(11) NOT NULL auto_increment,
  `idInformation` int(11) NOT NULL,
  `nbAccess` int(11) default NULL,
  PRIMARY KEY  (`id`),
  UNIQUE KEY `idInformation` (`idInformation`)
) ENGINE=InnoDB  DEFAULT CHARSET=utf8 AUTO_INCREMENT=18 ;

--
-- Contenu de la table `info_access`
--

INSERT INTO `info_access` (`id`, `idInformation`, `nbAccess`) VALUES
(1, 1, 96),
(2, 2, 76),
(3, 3, 88),
(4, 4, 79),
(5, 5, 78),
(6, 6, 69),
(7, 7, 82),
(8, 8, 186),
(9, 9, 78),
(10, 10, 53),
(11, 11, 45),
(12, 12, 63),
(13, 13, 55),
(14, 14, 92),
(15, 15, 75),
(16, 16, 21),
(17, 17, 71);

-- --------------------------------------------------------

--
-- Structure de la table `info_keyword`
--

CREATE TABLE IF NOT EXISTS `info_keyword` (
  `id` int(11) NOT NULL auto_increment,
  `idInformation` int(11) NOT NULL,
  `idRef_Keyword` int(11) NOT NULL,
  PRIMARY KEY  (`id`),
  UNIQUE KEY `idInformation_2` (`idInformation`,`idRef_Keyword`),
  KEY `idInformation` (`idInformation`,`idRef_Keyword`),
  KEY `idRef_Keyword` (`idRef_Keyword`)
) ENGINE=InnoDB  DEFAULT CHARSET=utf8 AUTO_INCREMENT=533 ;

--
-- Contenu de la table `info_keyword`
--

INSERT INTO `info_keyword` (`id`, `idInformation`, `idRef_Keyword`) VALUES
(6, 1, 1),
(4, 1, 2),
(2, 1, 3),
(1, 1, 4),
(10, 1, 5),
(8, 1, 6),
(5, 1, 7),
(7, 1, 8),
(9, 1, 9),
(11, 1, 10),
(12, 1, 11),
(14, 1, 12),
(3, 1, 13),
(13, 1, 14),
(31, 1, 31),
(32, 1, 32),
(33, 1, 33),
(22, 2, 15),
(15, 2, 16),
(17, 2, 17),
(23, 2, 18),
(16, 2, 19),
(63, 2, 20),
(19, 2, 21),
(20, 2, 22),
(25, 2, 25),
(27, 2, 26),
(26, 2, 27),
(28, 2, 28),
(29, 2, 29),
(37, 2, 35),
(36, 2, 36),
(62, 2, 37),
(40, 2, 38),
(39, 2, 39),
(61, 2, 57),
(64, 2, 58),
(132, 2, 113),
(194, 2, 150),
(50, 3, 18),
(57, 3, 40),
(52, 3, 41),
(41, 3, 42),
(55, 3, 43),
(47, 3, 44),
(54, 3, 45),
(45, 3, 46),
(51, 3, 47),
(49, 3, 48),
(53, 3, 49),
(43, 3, 50),
(42, 3, 51),
(56, 3, 52),
(44, 3, 53),
(46, 3, 54),
(48, 3, 55),
(60, 3, 56),
(65, 3, 59),
(68, 4, 8),
(66, 4, 15),
(70, 4, 18),
(71, 4, 20),
(73, 4, 25),
(155, 4, 31),
(72, 4, 38),
(67, 4, 48),
(81, 4, 52),
(69, 4, 57),
(74, 4, 60),
(75, 4, 61),
(76, 4, 62),
(77, 4, 63),
(78, 4, 64),
(79, 4, 65),
(80, 4, 67),
(82, 4, 68),
(83, 4, 69),
(84, 4, 70),
(85, 4, 71),
(86, 4, 72),
(95, 4, 73),
(87, 4, 74),
(88, 4, 75),
(136, 4, 76),
(91, 4, 77),
(89, 4, 78),
(90, 4, 79),
(135, 4, 80),
(92, 4, 81),
(93, 4, 82),
(94, 4, 83),
(195, 4, 150),
(114, 5, 36),
(96, 5, 45),
(97, 5, 85),
(99, 5, 86),
(100, 5, 87),
(104, 5, 88),
(102, 5, 89),
(105, 5, 90),
(103, 5, 91),
(101, 5, 92),
(106, 5, 93),
(107, 5, 94),
(108, 5, 95),
(109, 5, 96),
(110, 5, 97),
(111, 5, 98),
(112, 5, 99),
(115, 5, 100),
(113, 5, 101),
(116, 5, 102),
(117, 5, 103),
(158, 5, 127),
(119, 6, 2),
(118, 6, 16),
(120, 6, 104),
(121, 6, 105),
(122, 6, 106),
(123, 6, 107),
(124, 6, 108),
(130, 6, 109),
(125, 6, 110),
(133, 6, 111),
(127, 6, 112),
(126, 6, 113),
(128, 6, 114),
(129, 6, 115),
(131, 6, 116),
(134, 6, 117),
(159, 7, 8),
(141, 7, 18),
(148, 7, 44),
(160, 7, 48),
(145, 7, 49),
(143, 7, 52),
(137, 7, 53),
(139, 7, 54),
(140, 7, 55),
(142, 7, 78),
(147, 7, 82),
(138, 7, 102),
(144, 7, 115),
(146, 7, 118),
(154, 7, 119),
(150, 7, 120),
(151, 7, 121),
(149, 7, 122),
(152, 7, 123),
(153, 7, 124),
(156, 7, 125),
(157, 7, 126),
(196, 7, 151),
(192, 8, 8),
(180, 8, 31),
(168, 8, 42),
(182, 8, 45),
(164, 8, 89),
(171, 8, 90),
(184, 8, 92),
(170, 8, 94),
(161, 8, 98),
(183, 8, 99),
(162, 8, 128),
(165, 8, 130),
(166, 8, 131),
(167, 8, 132),
(190, 8, 133),
(179, 8, 134),
(173, 8, 136),
(174, 8, 137),
(175, 8, 138),
(176, 8, 139),
(177, 8, 140),
(178, 8, 141),
(185, 8, 143),
(188, 8, 144),
(186, 8, 145),
(191, 8, 146),
(187, 8, 147),
(189, 8, 148),
(193, 8, 149),
(200, 9, 3),
(199, 9, 4),
(206, 9, 15),
(211, 9, 18),
(231, 9, 19),
(213, 9, 20),
(221, 9, 25),
(201, 9, 27),
(212, 9, 31),
(219, 9, 38),
(202, 9, 57),
(216, 9, 60),
(214, 9, 61),
(209, 9, 62),
(203, 9, 63),
(204, 9, 64),
(217, 9, 67),
(220, 9, 70),
(205, 9, 71),
(208, 9, 73),
(218, 9, 76),
(210, 9, 78),
(207, 9, 83),
(215, 9, 115),
(198, 9, 116),
(197, 9, 127),
(234, 9, 150),
(222, 9, 151),
(223, 9, 152),
(224, 9, 153),
(225, 9, 154),
(226, 9, 155),
(227, 9, 156),
(228, 9, 157),
(229, 9, 158),
(230, 9, 159),
(232, 9, 160),
(233, 9, 161),
(241, 10, 8),
(245, 10, 18),
(246, 10, 31),
(242, 10, 36),
(248, 10, 39),
(262, 10, 41),
(238, 10, 44),
(254, 10, 45),
(240, 10, 48),
(253, 10, 49),
(247, 10, 52),
(239, 10, 54),
(236, 10, 68),
(251, 10, 72),
(244, 10, 82),
(243, 10, 100),
(235, 10, 101),
(250, 10, 115),
(237, 10, 121),
(252, 10, 124),
(263, 10, 138),
(255, 10, 162),
(256, 10, 163),
(257, 10, 164),
(258, 10, 165),
(259, 10, 166),
(260, 10, 167),
(261, 10, 168),
(264, 10, 169),
(265, 10, 170),
(318, 11, 8),
(274, 11, 15),
(268, 11, 16),
(266, 11, 19),
(276, 11, 20),
(319, 11, 31),
(277, 11, 38),
(278, 11, 45),
(269, 11, 57),
(275, 11, 62),
(270, 11, 63),
(271, 11, 64),
(267, 11, 68),
(273, 11, 71),
(272, 11, 125),
(285, 11, 138),
(279, 11, 150),
(280, 11, 171),
(284, 11, 172),
(282, 11, 173),
(281, 11, 174),
(283, 11, 175),
(286, 11, 176),
(320, 11, 184),
(316, 12, 8),
(299, 12, 18),
(317, 12, 31),
(313, 12, 39),
(310, 12, 45),
(315, 12, 48),
(309, 12, 49),
(301, 12, 52),
(298, 12, 54),
(303, 12, 59),
(305, 12, 72),
(300, 12, 78),
(295, 12, 101),
(314, 12, 104),
(312, 12, 119),
(293, 12, 122),
(308, 12, 124),
(297, 12, 125),
(294, 12, 126),
(306, 12, 138),
(322, 12, 151),
(296, 12, 163),
(302, 12, 168),
(307, 12, 169),
(287, 12, 177),
(288, 12, 178),
(289, 12, 179),
(290, 12, 180),
(291, 12, 181),
(292, 12, 182),
(311, 12, 183),
(504, 12, 223),
(351, 13, 8),
(328, 13, 15),
(344, 13, 17),
(332, 13, 18),
(359, 13, 19),
(355, 13, 20),
(343, 13, 27),
(353, 13, 31),
(357, 13, 38),
(366, 13, 40),
(340, 13, 45),
(350, 13, 48),
(345, 13, 57),
(337, 13, 59),
(335, 13, 61),
(352, 13, 62),
(347, 13, 63),
(326, 13, 64),
(349, 13, 71),
(356, 13, 72),
(333, 13, 78),
(348, 13, 80),
(329, 13, 93),
(358, 13, 104),
(363, 13, 116),
(367, 13, 138),
(360, 13, 150),
(364, 13, 153),
(365, 13, 160),
(327, 13, 162),
(339, 13, 169),
(346, 13, 174),
(341, 13, 175),
(362, 13, 181),
(323, 13, 185),
(325, 13, 187),
(330, 13, 188),
(331, 13, 189),
(334, 13, 190),
(336, 13, 191),
(338, 13, 192),
(342, 13, 193),
(361, 13, 194),
(385, 14, 8),
(381, 14, 17),
(376, 14, 18),
(375, 14, 31),
(389, 14, 45),
(384, 14, 48),
(415, 14, 59),
(417, 14, 60),
(380, 14, 68),
(388, 14, 72),
(399, 14, 93),
(392, 14, 104),
(377, 14, 122),
(390, 14, 151),
(400, 14, 166),
(368, 14, 181),
(369, 14, 189),
(373, 14, 192),
(371, 14, 196),
(372, 14, 197),
(374, 14, 198),
(393, 14, 199),
(396, 14, 201),
(404, 14, 203),
(405, 14, 204),
(406, 14, 205),
(407, 14, 206),
(408, 14, 207),
(409, 14, 208),
(410, 14, 209),
(413, 14, 210),
(411, 14, 211),
(412, 14, 212),
(414, 14, 213),
(416, 14, 214),
(418, 14, 215),
(419, 14, 216),
(420, 14, 217),
(421, 14, 218),
(422, 14, 219),
(462, 14, 222),
(433, 15, 18),
(432, 15, 31),
(439, 15, 41),
(429, 15, 44),
(430, 15, 48),
(437, 15, 49),
(465, 15, 54),
(456, 15, 78),
(436, 15, 124),
(424, 15, 126),
(455, 15, 151),
(431, 15, 166),
(434, 15, 168),
(438, 15, 179),
(441, 15, 183),
(460, 15, 190),
(426, 15, 197),
(427, 15, 201),
(442, 15, 222),
(443, 15, 223),
(444, 15, 224),
(445, 15, 225),
(446, 15, 226),
(449, 15, 228),
(450, 15, 229),
(451, 15, 230),
(452, 15, 231),
(454, 15, 233),
(457, 15, 235),
(459, 15, 237),
(461, 15, 238),
(503, 15, 246),
(530, 15, 262),
(489, 16, 8),
(491, 16, 18),
(495, 16, 41),
(478, 16, 44),
(467, 16, 49),
(498, 16, 52),
(468, 16, 54),
(501, 16, 82),
(476, 16, 115),
(482, 16, 120),
(483, 16, 122),
(485, 16, 124),
(486, 16, 126),
(470, 16, 138),
(496, 16, 151),
(500, 16, 165),
(494, 16, 168),
(475, 16, 178),
(487, 16, 181),
(497, 16, 183),
(488, 16, 197),
(493, 16, 198),
(490, 16, 212),
(492, 16, 217),
(466, 16, 239),
(471, 16, 240),
(474, 16, 241),
(479, 16, 242),
(480, 16, 243),
(484, 16, 244),
(499, 16, 245),
(506, 17, 17),
(510, 17, 18),
(511, 17, 40),
(512, 17, 52),
(527, 17, 78),
(508, 17, 89),
(505, 17, 90),
(513, 17, 92),
(509, 17, 94),
(531, 17, 98),
(514, 17, 131),
(532, 17, 132),
(507, 17, 247),
(515, 17, 248),
(517, 17, 249),
(520, 17, 250),
(516, 17, 251),
(518, 17, 252),
(519, 17, 253),
(521, 17, 254),
(522, 17, 255),
(523, 17, 256),
(524, 17, 257),
(525, 17, 258),
(526, 17, 259),
(528, 17, 260),
(529, 17, 261);

-- --------------------------------------------------------

--
-- Structure de la table `info_link`
--

CREATE TABLE IF NOT EXISTS `info_link` (
  `id` int(11) NOT NULL auto_increment,
  `idInformation1` int(11) NOT NULL,
  `idInformation2` int(11) NOT NULL,
  `linkWeight` int(11) default NULL,
  `initialWeight` int(11) NOT NULL default '0',
  PRIMARY KEY  (`id`),
  UNIQUE KEY `idInformation1` (`idInformation1`,`idInformation2`),
  KEY `infolinktoinformation2` (`idInformation2`)
) ENGINE=InnoDB  DEFAULT CHARSET=utf8 AUTO_INCREMENT=287 ;

--
-- Contenu de la table `info_link`
--

INSERT INTO `info_link` (`id`, `idInformation1`, `idInformation2`, `linkWeight`, `initialWeight`) VALUES
(14, 2, 4, 20, 10),
(22, 5, 2, 5, 3),
(28, 6, 2, 13, 6),
(37, 4, 7, 18, 10),
(40, 3, 7, 26, 10),
(45, 7, 5, 10, 5),
(47, 1, 7, 14, 5),
(48, 5, 1, 6, 0),
(49, 7, 2, 8, 0),
(50, 2, 1, 9, 0),
(51, 1, 4, 8, 0),
(52, 4, 3, 4, 0),
(53, 7, 1, 9, 0),
(54, 1, 1, 10, 0),
(55, 7, 7, 12, 0),
(56, 4, 6, 4, 0),
(57, 4, 2, 7, 0),
(58, 2, 5, 5, 0),
(59, 6, 3, 7, 0),
(60, 3, 5, 7, 0),
(61, 5, 3, 5, 0),
(62, 3, 3, 18, 0),
(63, 7, 3, 6, 0),
(64, 4, 5, 6, 0),
(65, 5, 6, 7, 0),
(66, 6, 6, 6, 0),
(67, 6, 1, 5, 0),
(68, 1, 5, 4, 0),
(69, 3, 1, 4, 0),
(70, 7, 4, 3, 0),
(71, 2, 2, 6, 0),
(72, 5, 7, 2, 0),
(73, 4, 8, 4, 0),
(74, 8, 8, 74, 0),
(75, 8, 5, 18, 0),
(76, 5, 8, 22, 0),
(77, 5, 5, 5, 0),
(78, 8, 6, 5, 0),
(79, 6, 8, 7, 0),
(80, 8, 7, 7, 0),
(81, 2, 8, 9, 0),
(82, 7, 8, 6, 0),
(83, 8, 4, 7, 0),
(84, 8, 2, 7, 0),
(85, 1, 2, 9, 0),
(86, 1, 8, 5, 0),
(87, 8, 1, 9, 0),
(88, 1, 6, 6, 0),
(89, 4, 1, 7, 0),
(90, 2, 7, 2, 0),
(91, 7, 6, 6, 0),
(92, 3, 2, 4, 0),
(93, 8, 3, 3, 0),
(94, 3, 6, 5, 0),
(95, 6, 7, 3, 0),
(96, 1, 3, 3, 0),
(97, 6, 5, 3, 0),
(98, 5, 4, 4, 0),
(99, 2, 3, 4, 0),
(100, 2, 6, 2, 0),
(101, 3, 4, 3, 0),
(102, 4, 4, 12, 0),
(103, 4, 9, 1, 0),
(104, 9, 9, 21, 0),
(105, 9, 8, 3, 0),
(106, 8, 9, 5, 0),
(107, 9, 1, 2, 0),
(108, 5, 9, 2, 0),
(109, 6, 9, 2, 0),
(110, 1, 9, 5, 0),
(111, 9, 4, 5, 0),
(112, 6, 10, 1, 0),
(113, 10, 10, 25, 0),
(114, 10, 3, 22, 0),
(115, 7, 10, 18, 0),
(116, 3, 10, 2, 0),
(117, 10, 1, 2, 0),
(118, 1, 10, 1, 0),
(119, 8, 11, 2, 0),
(120, 11, 4, 1, 0),
(121, 4, 11, 2, 0),
(122, 11, 11, 15, 0),
(123, 11, 6, 3, 0),
(124, 6, 4, 2, 0),
(125, 3, 11, 1, 0),
(126, 11, 10, 2, 0),
(127, 10, 11, 2, 0),
(128, 11, 9, 6, 0),
(129, 9, 11, 9, 0),
(130, 6, 11, 3, 0),
(131, 9, 2, 2, 0),
(132, 2, 9, 3, 0),
(133, 10, 12, 4, 0),
(134, 12, 12, 25, 0),
(135, 12, 3, 5, 0),
(136, 3, 12, 5, 0),
(137, 12, 10, 1, 0),
(138, 10, 7, 3, 0),
(139, 12, 11, 1, 0),
(140, 12, 2, 2, 0),
(141, 7, 12, 1, 0),
(142, 3, 9, 2, 0),
(143, 9, 12, 2, 0),
(144, 12, 13, 4, 0),
(145, 13, 13, 21, 0),
(146, 9, 13, 2, 0),
(147, 13, 11, 1, 0),
(148, 11, 13, 1, 0),
(149, 13, 6, 4, 0),
(150, 2, 13, 2, 0),
(151, 13, 4, 1, 0),
(152, 11, 14, 2, 0),
(153, 14, 9, 7, 0),
(154, 9, 14, 5, 0),
(155, 14, 14, 35, 0),
(156, 14, 12, 4, 0),
(157, 12, 14, 4, 0),
(158, 14, 8, 4, 0),
(159, 8, 13, 2, 0),
(160, 13, 14, 11, 0),
(161, 14, 1, 5, 0),
(162, 1, 14, 6, 0),
(163, 14, 5, 1, 0),
(164, 5, 13, 5, 0),
(165, 14, 7, 2, 0),
(166, 7, 13, 1, 0),
(167, 13, 10, 2, 0),
(168, 10, 5, 2, 0),
(169, 4, 10, 1, 0),
(170, 10, 13, 3, 0),
(171, 14, 4, 4, 0),
(172, 11, 1, 3, 0),
(173, 8, 10, 5, 0),
(174, 4, 12, 2, 0),
(175, 12, 9, 1, 0),
(176, 12, 7, 1, 0),
(177, 7, 15, 2, 0),
(178, 15, 15, 70, 0),
(179, 15, 14, 9, 5),
(180, 14, 2, 4, 0),
(181, 2, 15, 3, 0),
(182, 14, 15, 11, 0),
(183, 11, 15, 2, 0),
(184, 15, 10, 16, 9),
(185, 3, 15, 3, 0),
(186, 15, 8, 5, 0),
(187, 15, 12, 5, 0),
(188, 10, 15, 4, 0),
(189, 15, 9, 4, 0),
(190, 1, 13, 1, 0),
(191, 12, 15, 3, 0),
(192, 10, 14, 3, 0),
(193, 14, 13, 4, 0),
(194, 13, 5, 1, 0),
(195, 8, 16, 3, 0),
(196, 16, 16, 23, 0),
(197, 16, 9, 2, 0),
(198, 9, 16, 2, 0),
(199, 12, 16, 11, 0),
(200, 16, 12, 9, 0),
(201, 3, 16, 3, 0),
(202, 16, 14, 1, 0),
(203, 6, 15, 1, 0),
(204, 16, 4, 2, 0),
(205, 4, 16, 1, 0),
(206, 16, 15, 6, 0),
(207, 7, 16, 1, 0),
(208, 2, 16, 3, 0),
(209, 10, 4, 2, 0),
(210, 2, 10, 1, 0),
(211, 14, 6, 1, 0),
(212, 2, 14, 4, 0),
(213, 13, 15, 1, 0),
(214, 15, 2, 1, 0),
(215, 16, 13, 2, 0),
(216, 15, 13, 1, 0),
(217, 13, 2, 2, 0),
(218, 16, 1, 2, 0),
(219, 9, 5, 2, 0),
(220, 5, 10, 1, 0),
(221, 16, 10, 1, 0),
(222, 15, 17, 3, 0),
(223, 17, 17, 39, 0),
(224, 17, 7, 2, 0),
(225, 7, 17, 1, 0),
(226, 17, 6, 2, 0),
(227, 6, 13, 3, 0),
(228, 6, 17, 1, 0),
(229, 17, 15, 3, 0),
(230, 10, 17, 2, 0),
(231, 3, 17, 1, 0),
(232, 17, 5, 8, 5),
(233, 5, 17, 4, 0),
(234, 4, 15, 3, 0),
(235, 15, 16, 6, 0),
(236, 13, 7, 2, 0),
(237, 14, 10, 3, 0),
(238, 11, 8, 2, 0),
(239, 8, 17, 4, 0),
(240, 6, 12, 1, 0),
(241, 12, 17, 1, 0),
(242, 17, 4, 3, 0),
(243, 5, 11, 1, 0),
(244, 5, 14, 2, 0),
(245, 1, 15, 3, 0),
(246, 17, 3, 3, 0),
(247, 16, 17, 3, 0),
(248, 9, 17, 2, 0),
(249, 17, 9, 3, 0),
(250, 9, 6, 1, 0),
(251, 17, 1, 2, 0),
(252, 14, 3, 1, 0),
(253, 9, 15, 2, 0),
(254, 15, 4, 1, 0),
(255, 15, 3, 1, 0),
(256, 13, 17, 2, 0),
(257, 17, 13, 1, 0),
(258, 13, 8, 2, 0),
(259, 8, 14, 2, 0),
(260, 4, 17, 2, 0),
(261, 17, 8, 2, 0),
(262, 8, 15, 2, 0),
(263, 14, 17, 1, 0),
(264, 17, 2, 1, 0),
(265, 2, 11, 1, 0),
(266, 11, 5, 1, 0),
(267, 13, 1, 1, 0),
(268, 1, 17, 3, 0),
(269, 2, 17, 1, 0),
(270, 17, 16, 2, 0),
(271, 4, 14, 1, 0),
(272, 14, 11, 1, 0),
(273, 11, 16, 1, 0),
(274, 16, 8, 2, 0),
(275, 15, 1, 1, 0),
(276, 1, 16, 1, 0),
(277, 9, 10, 1, 0),
(278, 11, 12, 1, 0),
(279, 7, 14, 1, 0),
(280, 15, 5, 1, 0),
(281, 16, 3, 1, 0),
(282, 16, 5, 1, 0),
(283, 17, 11, 1, 0),
(284, 17, 14, 2, 0),
(285, 11, 2, 1, 0),
(286, 14, 16, 1, 0);

-- --------------------------------------------------------

--
-- Structure de la table `info_medium`
--

CREATE TABLE IF NOT EXISTS `info_medium` (
  `id` int(11) NOT NULL auto_increment,
  `idInformation` int(11) NOT NULL,
  `idRef_Medium` int(11) NOT NULL,
  `fileName` varchar(200) NOT NULL,
  PRIMARY KEY  (`id`),
  UNIQUE KEY `idInformation` (`idInformation`,`idRef_Medium`,`fileName`),
  KEY `idinfo` (`idInformation`),
  KEY `idsupport` (`idRef_Medium`)
) ENGINE=InnoDB  DEFAULT CHARSET=utf8 AUTO_INCREMENT=115 ;

--
-- Contenu de la table `info_medium`
--

INSERT INTO `info_medium` (`id`, `idInformation`, `idRef_Medium`, `fileName`) VALUES
(1, 1, 1, 'http://louisebrousseau.wixsite.com/louisebrousseau'),
(2, 1, 2, 'https://www.researchgate.net/profile/Louise_Brousseau'),
(3, 1, 5, 'http://orcid.org/0000-0003-2769-2767'),
(5, 1, 6, 'mailto:louise.brousseau@ird.fr'),
(6, 1, 7, 'http://www.diade-research.fr/en/'),
(8, 2, 2, 'https://www.researchgate.net/profile/Manuela_Capello'),
(107, 2, 4, 'http://www.researcherid.com/rid/G-7360-2016'),
(10, 2, 6, 'mailto:manuela.capello@ird.fr'),
(9, 2, 7, 'http://www.umr-marbec.fr/en/?lang=en'),
(11, 3, 1, 'https://basilehector.jimdo.com/'),
(15, 3, 2, 'https://www.researchgate.net/profile/Basile_Hector'),
(12, 3, 5, 'http://orcid.org/0000-0003-2619-5435'),
(14, 3, 6, 'mailto:hector.basile@ird.fr'),
(13, 3, 8, 'http://basileh.github.io/pyGrav/'),
(16, 4, 2, 'https://www.researchgate.net/profile/Olivier_Maury2'),
(106, 4, 4, 'http://www.researcherid.com/rid/I-4513-2013'),
(20, 4, 5, 'http://orcid.org/0000-0002-7999-9982'),
(17, 4, 6, 'mailto:olivier.maury@ird.fr'),
(21, 4, 9, 'http://www.sciencedirect.com/science/article/pii/S0079661109001463'),
(90, 4, 18, 'http://www.globec.org/index.php?id=62'),
(25, 5, 2, 'https://www.researchgate.net/profile/Jordi_Landier2'),
(24, 5, 5, 'https://orcid.org/0000-0001-8619-9775'),
(26, 5, 6, 'mailto:jordi.landier@ird.fr'),
(38, 5, 7, 'https://sesstim.univ-amu.fr/page/sesstim'),
(88, 5, 17, 'http://www.un.org/sustainabledevelopment/health/'),
(28, 6, 2, 'https://www.researchgate.net/profile/Amandine_Gasc'),
(29, 6, 6, 'mailto:amandine.gasc@ird.fr'),
(31, 6, 7, 'https://www.imbe.fr/l-institut.html?lang=en'),
(30, 6, 9, 'https://link.springer.com/article/10.1007%2Fs10530-017-1612-0'),
(35, 7, 2, 'https://www.researchgate.net/profile/Sylvain_Ferrant'),
(33, 7, 5, 'http://orcid.org/0000-0002-3478-2624'),
(34, 7, 6, 'mailto:sylvain.ferrant@ird.fr'),
(32, 7, 7, 'http://www.cesbio.ups-tlse.fr/index_us.htm'),
(86, 7, 16, 'https://copernicus.cnes.fr/en/copernicus-0'),
(41, 8, 1, 'https://www.futura-sciences.com/sante/personnalites/vie-jean-philippe-chippaux-267/'),
(40, 8, 3, 'http://www.documentation.ird.fr/hor/CHIPPAUX,JEAN-PHILIPPE/tout?pres=TY'),
(39, 8, 7, 'http://www.umr216.fr/'),
(44, 8, 11, 'https://www.amazon.fr/Livres-Jean-Philippe-Chippaux/s?ie=UTF8&page=1&rh=n%3A301061%2Cp_27%3AJean-Philippe%20Chippaux'),
(45, 9, 1, 'http://www.umr-marbec.fr/bez-nicolas.html'),
(46, 9, 3, 'http://www.documentation.ird.fr/hor/BEZ,NICOLAS/tout?pres=TY'),
(47, 9, 6, 'mailto:nicolas.bez@ird.fr'),
(51, 9, 7, 'http://www.umr-marbec.fr/en/?lang=en'),
(49, 9, 12, 'https://www.association-francaise-halieutique.fr/'),
(50, 9, 13, 'https://www.sfds.asso.fr/'),
(59, 10, 2, 'https://www.researchgate.net/profile/Alain_Dezetter'),
(53, 10, 4, 'http://www.researcherid.com/ProfileView.action?returnCode=ROUTER.Success&Init=Yes&SrcApp=CR&queryString=KG0UuZjN5WnwT1uZoHspzSuZFdOpPqbNSNY8PRPSpyk%253D&SID=D1rR3vEtqlzWc7xbkhY'),
(60, 10, 5, 'https://orcid.org/0000-0003-3728-0467'),
(56, 10, 6, 'mailto:alain.dezetter@ird.fr'),
(91, 10, 19, 'http://www.gip-ecofor.org/gicc/?q=en'),
(62, 11, 2, 'https://www.researchgate.net/profile/Patrice_Brehmer'),
(65, 11, 3, 'http://www.documentation.ird.fr/hor/BREHMER,PATRICE/tout?pres=TY'),
(61, 11, 5, 'http://orcid.org/0000-0001-8949-9095'),
(64, 11, 7, 'https://www-iuem.univ-brest.fr/LEMAR'),
(63, 11, 14, 'https://scholar.google.fr/citations?user=wxUPS9IAAAAJ&hl=fr'),
(68, 12, 2, 'https://www.researchgate.net/profile/Jean_Christophe_Poussin'),
(66, 12, 3, 'http://www.documentation.ird.fr/hor/POUSSIN,JEAN-CHRISTOPHE/tout?pres=TY'),
(67, 12, 5, 'http://orcid.org/0000-0001-9491-509X'),
(70, 12, 6, 'mailto:Jean-Christophe.Poussin@ird.fr'),
(69, 12, 7, 'http://www.g-eau.fr/index.php/en/'),
(71, 12, 8, 'http://www.g-eau.fr/index.php/fr/productions/logiciels/item/65-zonagri-interface'),
(73, 13, 2, 'https://www.researchgate.net/profile/Jean_Le_Fur'),
(72, 13, 3, 'http://www.documentation.ird.fr/hor/LE%20FUR,JEAN/tout?pres=TY'),
(75, 13, 6, 'mailto:jean.lefur@ird.fr'),
(74, 13, 7, 'https://www6.montpellier.inra.fr/cbgp_eng/'),
(76, 13, 8, 'http://centreinfo.science'),
(77, 13, 9, 'http://www.scitepress.org/DigitalLibrary/Link.aspx?doi=10.5220/0006441803400347'),
(80, 14, 1, 'http://www.espace-dev.fr/index.php?option=com_contact&view=contact&id=59:loireau-maud&catid=4&Itemid=288 http://images.univ-perp.fr/maud_loireau.html'),
(81, 14, 2, 'https://www.researchgate.net/profile/Maud_Loireau'),
(85, 14, 3, 'http://www.documentation.ird.fr/hor/DELABRE,MAUD/tout?pres=TY'),
(82, 14, 6, 'mailto:/maud.loireau@ird.fr'),
(78, 14, 7, 'http://www.espace-dev.fr/'),
(84, 14, 15, 'http://www.csf-desertification.eu/'),
(95, 15, 2, 'https://www.researchgate.net/profile/Francois_Molle'),
(96, 15, 3, 'http://www.documentation.ird.fr/hor/MOLLE,FRANCOIS/tout?pres=TY'),
(97, 15, 5, 'https://orcid.org/0000-0001-5748-8770'),
(98, 15, 6, 'mailto:francois.molle@ird.fr'),
(92, 15, 7, 'http://www.g-eau.fr/index.php/en/'),
(99, 15, 14, 'https://scholar.google.fr/citations?user=oToOr3UAAAAJ&hl=fr'),
(93, 15, 20, 'http://www.water-alternatives.org/'),
(94, 15, 21, 'http://www.iwmi.cgiar.org/'),
(100, 15, 22, 'http://ird.academia.edu/FrancoisMolle'),
(105, 16, 2, 'https://www.researchgate.net/profile/Andrew_Ogilvie2/contributions'),
(102, 16, 3, 'http://www.documentation.ird.fr/hor/OGILVIE,ANDREW/tout?pres=TY'),
(103, 16, 6, 'mailto:andrew.ogilvie@ird.fr'),
(101, 16, 23, 'https://www.kcl.ac.uk/sspp/departments/geography/research/activity-hubs/water/about-us.aspx'),
(104, 16, 24, 'https://www.linkedin.com/in/aogilvie/'),
(110, 17, 2, 'https://www.researchgate.net/profile/Ramses_Djidjou_Demasse'),
(114, 17, 6, 'mailto:ddramses@gmail.com'),
(108, 17, 7, 'https://mivegec.ird.fr/en/'),
(113, 17, 9, 'https://link.springer.com/article/10.1007%2Fs00285-015-0952-6'),
(109, 17, 14, 'https://scholar.google.com/citations?user=tIgNPfkAAAAJ&hl=fr'),
(111, 17, 24, 'https://www.linkedin.com/in/ramses-djidjou-demasse-58a36234/');

-- --------------------------------------------------------

--
-- Structure de la table `info_misc2`
--

CREATE TABLE IF NOT EXISTS `info_misc2` (
  `id` int(11) NOT NULL auto_increment,
  `idInformation` int(11) NOT NULL,
  `idRef_Misc2` int(11) NOT NULL,
  PRIMARY KEY  (`id`),
  UNIQUE KEY `idInformation_2` (`idInformation`,`idRef_Misc2`),
  KEY `idRef_Misc2` (`idRef_Misc2`),
  KEY `idInformation` (`idInformation`)
) ENGINE=InnoDB DEFAULT CHARSET=utf8 AUTO_INCREMENT=1 ;

-- --------------------------------------------------------

--
-- Structure de la table `ref_author`
--

CREATE TABLE IF NOT EXISTS `ref_author` (
  `idRef_Author` int(11) NOT NULL auto_increment,
  `initials` varchar(50) NOT NULL,
  `fullName` varchar(80) NOT NULL,
  PRIMARY KEY  (`idRef_Author`),
  UNIQUE KEY `initials` (`initials`),
  UNIQUE KEY `fullName` (`fullName`)
) ENGINE=InnoDB  DEFAULT CHARSET=utf8 AUTO_INCREMENT=19 ;

--
-- Contenu de la table `ref_author`
--

INSERT INTO `ref_author` (`idRef_Author`, `initials`, `fullName`) VALUES
(2, 'L.Brousseau', 'BROUSSEAU, Louise'),
(3, 'M.Capello', 'CAPELLO, Manuela'),
(4, 'B.Hector', 'HECTOR, Basile'),
(5, 'O.Maury', 'MAURY, Olivier'),
(6, 'J.Landier', 'LANDIER, Jordi'),
(7, 'A.Gasc', 'GASC, Amandine'),
(8, 'S.Ferrant', 'FERRANT, Sylvain'),
(9, 'J.-P. Chippaux', 'CHIPPAUX, Jean-Philippe'),
(10, 'N. Bez', 'BEZ, Nicolas'),
(11, 'A. Dezetter', 'DEZETTER, Alain'),
(12, 'P.  Brehmer', 'BREHMER, Patrice'),
(13, 'J.-C. Poussin', 'POUSSIN, Jean-Christophe'),
(14, 'J. Le Fur', 'LE FUR, Jean'),
(15, 'M. Loireau', 'LOIREAU, Maud'),
(16, 'F. Molle', 'MOLLE, François'),
(17, 'A. Ogilvie', 'OGILVIE, Andrew'),
(18, 'R. Djidjou Demasse', 'DJIDJOU DEMASSE, Ramsès');

-- --------------------------------------------------------

--
-- Structure de la table `ref_dimension`
--

CREATE TABLE IF NOT EXISTS `ref_dimension` (
  `idRef_Dimension` int(11) NOT NULL auto_increment,
  `dimensionName` varchar(50) NOT NULL,
  PRIMARY KEY  (`idRef_Dimension`),
  UNIQUE KEY `dimension` (`dimensionName`),
  KEY `id` (`idRef_Dimension`)
) ENGINE=InnoDB  DEFAULT CHARSET=utf8 AUTO_INCREMENT=7 ;

--
-- Contenu de la table `ref_dimension`
--

INSERT INTO `ref_dimension` (`idRef_Dimension`, `dimensionName`) VALUES
(5, 'HDR scientist'),
(6, 'PhD engineer'),
(3, 'PhD scientist'),
(4, 'senior scientist');

-- --------------------------------------------------------

--
-- Structure de la table `ref_keyword`
--

CREATE TABLE IF NOT EXISTS `ref_keyword` (
  `idRef_Keyword` int(11) NOT NULL auto_increment,
  `keywordName` varchar(80) NOT NULL,
  `idRef_MetaKeyword` int(11) NOT NULL,
  `optionalDescription` varchar(250) default NULL,
  PRIMARY KEY  (`idRef_Keyword`),
  UNIQUE KEY `groupe` (`keywordName`),
  KEY `idcomposant` (`idRef_MetaKeyword`),
  KEY `id` (`idRef_Keyword`)
) ENGINE=InnoDB  DEFAULT CHARSET=utf8 AUTO_INCREMENT=263 ;

--
-- Contenu de la table `ref_keyword`
--

INSERT INTO `ref_keyword` (`idRef_Keyword`, `keywordName`, `idRef_MetaKeyword`, `optionalDescription`) VALUES
(1, 'genomics', 1, ''),
(2, 'Ecology (evolutionary)', 12, ''),
(3, 'biostatistics', 1, ''),
(4, 'bayesian model', 18, ''),
(5, 'NGS (Next Generation Sequencing)', 2, ''),
(6, 'local adaptation', 3, ''),
(7, 'tropical rain forest', 4, ''),
(8, 'integrative approach', 5, ''),
(9, 'natural selection', 3, ''),
(10, 'phenotype', 9, ''),
(11, 'plasticity', 3, ''),
(12, 'UMR Diade (plant DIversity Adapt. & DEv.)', 6, ''),
(13, 'Coffea_mauritiana', 7, ''),
(14, 'The Reunion Island', 8, ''),
(15, 'Fisheries science', 12, ''),
(16, 'Ecology (behavioural)', 12, ''),
(17, 'complex system', 9, ''),
(18, 'MODELLING', 1, ''),
(19, 'EAF (Ecosystem Approach to Fisheries)', 5, ''),
(20, 'pelagic fishes', 4, ''),
(21, 'FAD (Fish Aggregating Device)', 10, ''),
(22, 'Monte-Carlo simulation', 11, ''),
(25, 'UMR MARBEC (MARine Biodiversity, Exploitation and Conservation)', 6, ''),
(26, 'electronic tagging', 2, ''),
(27, 'collective behaviour', 3, ''),
(28, 'statistical mechanics', 1, ''),
(29, 'Quantum mechanics', 12, ''),
(31, 'MULTIDISCIPLINARY', 1, ''),
(32, 'transcriptomics', 1, ''),
(33, 'epigenomics', 1, ''),
(35, 'Maldives', 8, ''),
(36, 'Ivory Coast', 8, ''),
(37, 'Brazil', 8, ''),
(38, 'tropical pelagic ecosystem', 9, ''),
(39, 'operational model', 18, ''),
(40, 'non linear dynamics', 11, ''),
(41, 'SDG 06 (Sust. Devel. Goal - Water and sanitation)', 14, 'UN Sustainable Development Goal'),
(42, 'Benin', 8, ''),
(43, 'geophysics', 1, 'see https://www.sciencedirect.com/science/article/pii/S1355219800000186'),
(44, 'Hydrology', 12, ''),
(45, 'West Africa', 8, ''),
(46, 'hydro-gravimetry', 1, ''),
(47, 'PyGrav (processing of micro-gravity data)', 15, 'http://basileh.github.io/pyGrav/'),
(48, 'modelling (integrated)', 5, ''),
(49, 'water resources', 4, ''),
(50, 'gravimetric data', 16, ''),
(51, 'critical zone', 4, 'Earth''s outer skin'),
(52, 'numerical model', 18, ''),
(53, 'data mining', 11, ''),
(54, 'hydrosystem', 4, ''),
(55, 'modelling (hyper-resolved)', 5, ''),
(56, 'UMR IGE (Inst. Geosci. Environ. res.)', 6, ''),
(57, 'Ecology (marine)', 12, ''),
(58, 'South Western Indian ocean', 8, ''),
(59, 'Sahel', 8, ''),
(60, 'spatial dynamics', 9, ''),
(61, 'population dynamics', 5, ''),
(62, 'marine ecosystem', 9, ''),
(63, 'ecosystem dynamics', 9, ''),
(64, 'ecosystem processes', 3, ''),
(65, 'functional biodiversity', 9, ''),
(67, 'modelling (statistical)', 5, ''),
(68, 'climate change impacts', 3, ''),
(69, 'RFMO (Regional fisheries management organisation)', 6, ''),
(70, 'tuna fisheries', 4, ''),
(71, 'fisheries management', 3, ''),
(72, 'socio-ecological scenarios', 16, ''),
(73, 'Indian ocean', 8, ''),
(74, 'South Africa', 8, ''),
(75, 'Seychelles', 8, ''),
(76, 'stock assessment', 2, ''),
(77, 'APECOSM (Apex Predators ECOSystem Model)', 18, ''),
(78, 'multi-scale (spatial)', 5, ''),
(79, 'GLOBEC (Global Ocean Ecosystem Dynamics program)', 6, 'International program'),
(80, 'end-to-end model', 18, ''),
(81, 'marine biodiversity', 3, ''),
(82, 'model coupling', 2, ''),
(83, 'global ocean', 8, ''),
(85, 'Plasmodium_falsiparum', 7, ''),
(86, 'epidemic focus', 4, 'FR: foyer de prévalence'),
(87, 'UMR SESSTIM (Sci. Econ. Soc. Santé  & Traitement Inform. Médic.)', 6, ''),
(88, 'Buruli ulcer', 19, ''),
(89, 'Epidemiology', 12, ''),
(90, 'Cameroon', 8, ''),
(91, 'Myobacterium_ulcerans (bacteria)', 7, ''),
(92, 'SDG 03 (Sust. Devel. Goal - Healthy lives and well-being)', 14, 'UN Sustainable Development Goal'),
(93, 'information system', 11, ''),
(94, 'malaria', 19, ''),
(95, 'disease incidence (epidemiology)', 3, ''),
(96, 'prevalence focus (epidemiology)', 3, ''),
(97, 'asymptomatic infection', 9, ''),
(98, 'public health', 9, ''),
(99, 'monitoring and screening (health)', 5, ''),
(100, 'Mali', 8, ''),
(101, 'Burkina-Faso', 8, ''),
(102, 'geomatics', 1, ''),
(103, 'functional regression', 11, ''),
(104, 'SDG 15 (Sust. Devel. Goal - Continental ecosystems)', 14, 'UN Sustainable Development Goal'),
(105, 'UMR IMBE (Medit. Inst. mar. terrestr. Biodiv. Ecol.)', 6, 'Mediterranean Institute of marine and terrestrial Biodiversity and Ecology'),
(106, 'phylogeny', 1, ''),
(107, 'biogeography', 1, ''),
(108, 'acoustic niche hypothesis', 9, ''),
(109, 'acoustic diversity', 9, ''),
(110, 'sound library (fr: sonothèque)', 16, ''),
(111, 'Ecology (soundscape)', 12, ''),
(112, 'biodiversity', 3, ''),
(113, 'biological indicator', 16, ''),
(114, 'big data', 13, ''),
(115, 'remote sensing', 11, ''),
(116, 'animal community', 4, ''),
(117, 'disturbance analysis', 2, ''),
(118, 'UMR CESBIO (Center for the Study of the Biosphere from Space)', 6, ''),
(119, 'spatial agro-hydrology', 1, ''),
(120, 'data assimilation', 11, ''),
(121, 'forecasting', 5, ''),
(122, 'agriculture', 4, ''),
(123, 'South India', 8, ''),
(124, 'water management', 9, ''),
(125, 'monitoring (environmental)', 5, 'observatoire environnementaux'),
(126, 'agro-hydrological model', 18, ''),
(127, 'aggregation (spatial)', 3, ''),
(128, 'venom', 4, ''),
(130, 'clinical research', 5, ''),
(131, 'tropical endemics', 9, ''),
(132, 'prevention (health)', 5, ''),
(133, 'dracunculiasis (guinea worm disease)', 19, ''),
(134, 'ivermectine (medication)', 16, ''),
(136, 'onchocerciasis (river blindness disease)', 19, ''),
(137, 'Niger country', 8, ''),
(138, 'Senegal', 8, ''),
(139, 'Bolivia', 8, ''),
(140, 'tropical medicine', 1, ''),
(141, 'UMR MERIT (Mother and child face tropical infections)', 6, ''),
(143, 'Serpentes (snakes)', 7, ''),
(144, 'Meningitis', 19, ''),
(145, 'Schistosomiasis (snail fever, bilharzia)', 19, ''),
(146, 'filariasis (parasitic disease)', 19, ''),
(147, 'Medical Entomology', 12, ''),
(148, 'envenoming', 3, ''),
(149, 'IRD-CSS2 (sci. comm. Biol. Medic. Sci.)', 6, ''),
(150, 'SDG 14 (Sust. Devel. Goal - Oceans)', 14, ''),
(151, 'SDG 02 (Sust. Devel. Goal - Alimentation)', 14, ''),
(152, 'echo-integration', 2, 'Acoustic remote sensing'),
(153, 'Atlantic ocean', 8, ''),
(154, 'demersal fish species', 4, ''),
(155, 'forage tracking', 2, ''),
(156, 'geostatistics', 1, ''),
(157, 'mackerel (Scrombidae)', 7, ''),
(158, 'Mediterranean sea', 8, ''),
(159, 'plankton', 4, ''),
(160, 'Ecology (quantitative)', 12, ''),
(161, 'statistics (spatial)', 1, ''),
(162, 'environment', 9, ''),
(163, 'environmental impact assesment', 5, ''),
(164, 'Guadeloupe', 8, ''),
(165, 'image processing', 2, ''),
(166, 'Maghreb', 8, ''),
(167, 'parallel and distributed computing', 2, ''),
(168, 'river', 4, ''),
(169, 'simulation', 2, ''),
(170, 'UMR HSM (HydroSciences Montpellier)', 6, ''),
(171, 'SDG 13 (Sust. Devel. Goal - Climate)', 14, ''),
(172, 'fisheries acoustics', 1, ''),
(173, 'behaviour (fish)', 3, ''),
(174, 'Ecology (fisheries)', 12, ''),
(175, 'artisanal fishery', 4, ''),
(176, 'UMR LEMAR (Mar. Environ. Sci. Lab.)', 6, ''),
(177, 'Agronomy', 12, ''),
(178, 'hydrological basin', 4, ''),
(179, 'watershed', 4, ''),
(180, 'adaptive management', 5, ''),
(181, 'agro-system', 4, ''),
(182, 'modelling (companion)', 5, ''),
(183, 'UMR G-Eau  (Water Management, Actors, Territories)', 6, ''),
(184, 'multibeam sonar detection', 2, ''),
(185, 'agent-based model', 18, ''),
(187, 'Ecology (terrestrial)', 12, ''),
(188, 'invasive species', 4, ''),
(189, 'landscape', 4, ''),
(190, 'multi-scale (temporal and functional)', 5, ''),
(191, 'Myomorpha (mice, rats,etc.)', 7, ''),
(192, 'Systems science', 12, ''),
(193, 'Guinea rep.', 8, ''),
(194, 'UMR CBGP (Biol. Manag. Pop.)', 6, ''),
(196, 'risk assessment', 5, ''),
(197, 'arid zone', 4, ''),
(198, 'observatory', 16, ''),
(199, 'SDG 10 (Sust. Devel. Goal - World equity)', 14, ''),
(201, 'desertification', 3, ''),
(203, 'UMR Espace-dev (space for devel.)', 6, ''),
(204, 'agro-ecology', 1, ''),
(205, 'agro-forestry', 1, ''),
(206, 'circum-sahara', 8, ''),
(207, 'erosion', 3, ''),
(208, 'farming practice', 9, ''),
(209, 'gender', 4, ''),
(210, 'landcover', 4, ''),
(211, 'land degradation', 3, ''),
(212, 'land use', 3, ''),
(213, 'rural zone', 9, ''),
(214, 'southern mediterranean', 8, ''),
(215, 'territory', 9, ''),
(216, 'tourism development', 3, ''),
(217, 'monitoring (socio-environmental)', 5, ''),
(218, 'Geography (Social)', 12, ''),
(219, 'modelling (conceptual)', 5, ''),
(222, 'modelling (interdisciplinary)', 5, ''),
(223, 'irrigation', 3, ''),
(224, 'Governance', 12, ''),
(225, 'groundwater', 4, ''),
(226, 'water policy', 5, ''),
(228, 'vulgarization', 5, ''),
(229, 'Nordeste (Brazil)', 8, ''),
(230, 'Thaïland', 8, ''),
(231, 'delta', 4, ''),
(233, 'comparative approach', 5, ''),
(235, 'Middle East', 8, 'FR: Moyen Orient'),
(237, 'Nile river', 8, ''),
(238, 'Mekong river', 8, ''),
(239, 'Niger river', 4, ''),
(240, 'Tunisia', 8, ''),
(241, 'hydrological monitoring system', 16, ''),
(242, 'resource use', 3, ''),
(243, 'wetland', 4, ''),
(244, 'Dam (agricultural reservoir)', 4, 'retenue collinaire'),
(245, 'Senegal river', 4, ''),
(246, 'GIS (Geogr. Infor. Syst.)', 16, ''),
(247, 'data analysis', 2, ''),
(248, 'UMR MIVEGEC (infectious diseases and vectors)', 6, ''),
(249, 'mathematical model', 18, ''),
(250, 'dynamical system', 4, ''),
(251, 'modelling (mathematical)', 5, ''),
(252, 'differential equation', 16, ''),
(253, 'HIV infection', 19, ''),
(254, 'infectious disease', 3, ''),
(255, 'Epidemiology (evolutive)', 12, ''),
(256, 'resistance transmission (epidemiology)', 3, ''),
(257, 'antibiotic resistance', 3, ''),
(258, 'control and prevention strategy', 5, ''),
(259, 'modelling (validation)', 5, ''),
(260, 'nested model', 16, ''),
(261, 'hepatitis B', 19, ''),
(262, 'Egypt', 8, '');

-- --------------------------------------------------------

--
-- Structure de la table `ref_medium`
--

CREATE TABLE IF NOT EXISTS `ref_medium` (
  `idRef_Medium` int(11) NOT NULL auto_increment,
  `mediumName` varchar(60) NOT NULL,
  `optionalDescription` varchar(1000) default NULL,
  `iconFileName` varchar(100) NOT NULL,
  PRIMARY KEY  (`idRef_Medium`),
  KEY `type` (`mediumName`)
) ENGINE=InnoDB  DEFAULT CHARSET=utf8 AUTO_INCREMENT=25 ;

--
-- Contenu de la table `ref_medium`
--

INSERT INTO `ref_medium` (`idRef_Medium`, `mediumName`, `optionalDescription`, `iconFileName`) VALUES
(1, 'Personal home page', '', 'personne.gif'),
(2, 'Research gate access', '', 'researchgate3.png'),
(3, 'Known production set', '', 'horizons.gif'),
(4, 'Indexed publications', '', 'wos.gif'),
(5, 'ORCID access', '', 'orcid.gif'),
(6, 'email contact', '', 'bmail.gif'),
(7, 'institution', '', 'labo.gif'),
(8, 'software', '', 'software.gif'),
(9, 'article', '', 'doi.gif'),
(11, 'books', '', 'books.gif'),
(12, 'web-link AFH', 'French Association for fisheries Sciences', 'logo_afh.jpg'),
(13, 'web-link SFDS', 'French Society  for Statistics', 'sfds_logo.png'),
(14, 'Google scholar', '', 'gscholar.png'),
(15, 'web-link CSFD', ' Fr.Sci.Comm.Desertification', 'csfd-logo.gif'),
(16, 'web-link CNES-Copernicus', '', 'cnes-copernicus.gif'),
(17, 'web-link SDG03', '', 'SDG-03.gif'),
(18, 'web-link cliotop', '', 'cliotop.gif'),
(19, 'web-link GICC', '', 'gicc.gif'),
(20, 'web-link Water alternatives', 'journal', 'waterAlternatives_journal.gif'),
(21, 'web-link IWMI', 'International Water Management Institute', 'iwmi.gif'),
(22, 'academia access', 'academia.edu', 'academia.gif'),
(23, 'web-link water activity hub', '', 'kingsCollege.gif'),
(24, 'linkedIn access', '', 'linkedin.gif');

-- --------------------------------------------------------

--
-- Structure de la table `ref_metakeyword`
--

CREATE TABLE IF NOT EXISTS `ref_metakeyword` (
  `idRef_MetaKeyword` int(11) NOT NULL auto_increment,
  `metaKeywordName` varchar(50) NOT NULL,
  `optionaldescription` varchar(150) default NULL,
  PRIMARY KEY  (`idRef_MetaKeyword`),
  UNIQUE KEY `composant` (`metaKeywordName`),
  KEY `id` (`idRef_MetaKeyword`)
) ENGINE=InnoDB  DEFAULT CHARSET=utf8 AUTO_INCREMENT=20 ;

--
-- Contenu de la table `ref_metakeyword`
--

INSERT INTO `ref_metakeyword` (`idRef_MetaKeyword`, `metaKeywordName`, `optionaldescription`) VALUES
(1, 'Discipline', ''),
(2, 'Method', ''),
(3, 'Natural Process', ''),
(4, 'Natural Item', ''),
(5, 'Approach', ''),
(6, 'Institution', ''),
(7, 'Taxon', ''),
(8, 'Field Location', ''),
(9, 'Concept', ''),
(10, 'Device', ''),
(11, 'Technique', ''),
(12, 'Science', ''),
(13, '?', ''),
(14, 'SDG (Sust. Dev. Goal) Theme', ''),
(15, 'Software', ''),
(16, 'Tool', ''),
(18, 'Model', ''),
(19, 'illness- disease', '');

-- --------------------------------------------------------

--
-- Structure de la table `ref_misc1`
--

CREATE TABLE IF NOT EXISTS `ref_misc1` (
  `idRef_Misc1` int(11) NOT NULL auto_increment,
  `misc1Name` varchar(255) NOT NULL,
  PRIMARY KEY  (`idRef_Misc1`)
) ENGINE=InnoDB DEFAULT CHARSET=utf8 AUTO_INCREMENT=1 ;

-- --------------------------------------------------------

--
-- Structure de la table `ref_misc2`
--

CREATE TABLE IF NOT EXISTS `ref_misc2` (
  `idRef_Misc2` int(11) NOT NULL auto_increment,
  `misc2Name` varchar(255) NOT NULL,
  `optionalDescription` varchar(255) default NULL,
  PRIMARY KEY  (`idRef_Misc2`)
) ENGINE=InnoDB DEFAULT CHARSET=utf8 AUTO_INCREMENT=1 ;

-- --------------------------------------------------------

--
-- Structure de la table `ref_source`
--

CREATE TABLE IF NOT EXISTS `ref_source` (
  `idRef_Source` int(11) NOT NULL auto_increment,
  `header` varchar(150) NOT NULL,
  `detail` text,
  PRIMARY KEY  (`idRef_Source`)
) ENGINE=InnoDB  DEFAULT CHARSET=utf8 AUTO_INCREMENT=14 ;

--
-- Contenu de la table `ref_source`
--

INSERT INTO `ref_source` (`idRef_Source`, `header`, `detail`) VALUES
(1, 'UMR DIADE', 'plant DIversity Adaptation and DEvelopment'),
(2, 'UMR MARBEC', 'MARine Biodiversity, Exploitation and Conservation'),
(3, 'UMR IGE', 'Institute for Geosciences and Environmental research'),
(4, 'UMR SESSTIM', 'Sciences Economiques et Sociales de la Santé et Traitement des Informations Médicales'),
(5, 'UMR IMBE', 'Institut  Méditerranéen de la  Biodiversité et d’Ecologie  marine et continentale'),
(6, 'UMR CESBIO', 'Center for the Study of the Biosphere from Space'),
(7, 'UMR MERIT', 'Mère et enfant face aux infections tropicales / Mother and child face tropical infections'),
(8, 'UMR HSM', ' HydroSciences Montpellier'),
(9, 'UMR LEMAR', 'Laboratoire des sciences de l''environnement marin (Mar. Environ. Sci. Lab.)'),
(10, 'UMR G-EAU', 'Water Management, Actors, Territories'),
(11, 'UMR CBGP', 'Center for Biology and Management of Populations'),
(12, 'UMR Espace-Dev', 'Space for Developement'),
(13, 'UMR MIVEGEC', 'Infectious Diseases and Vectors: Ecology, Genetics, Evolution and Control');

-- --------------------------------------------------------

--
-- Structure de la table `tempo`
--

CREATE TABLE IF NOT EXISTS `tempo` (
  `id` int(11) NOT NULL auto_increment,
  `idInformation` int(11) NOT NULL,
  `ipNumber` varchar(50) default NULL,
  `dateStamp` varchar(20) default NULL,
  PRIMARY KEY  (`id`),
  KEY `idInformation` (`idInformation`)
) ENGINE=InnoDB  DEFAULT CHARSET=utf8 AUTO_INCREMENT=76 ;

--
-- Contenu de la table `tempo`
--

INSERT INTO `tempo` (`id`, `idInformation`, `ipNumber`, `dateStamp`) VALUES
(1, 13, '127.0.0.1', '5 oct. 2017'),
(2, 16, '147.99.65.12', '6 févr. 2018'),
(3, 16, '147.99.65.5', '9 févr. 2018'),
(4, 5, '2.4.165.155', '10 févr. 2018'),
(5, 7, '194.254.211.129', '12 févr. 2018'),
(6, 3, '82.229.198.103', '2 mars 2018'),
(7, 5, '110.77.148.10', '13 mars 2018'),
(8, 4, '2.4.153.70', '13 mai 2018'),
(9, 8, '92.167.102.148', '14 mai 2018'),
(10, 9, '90.51.40.147', '21 mai 2018'),
(11, 8, '220.156.174.33', '22 mai 2018'),
(12, 8, '117.211.161.54', '22 mai 2018'),
(13, 8, '162.38.237.197', '22 mai 2018'),
(14, 6, '162.38.236.59', '22 mai 2018'),
(15, 15, '193.49.41.254', '22 mai 2018'),
(16, 7, '134.246.159.169', '22 mai 2018'),
(17, 8, '157.99.174.214', '23 mai 2018'),
(18, 3, '147.99.64.14', '25 mai 2018'),
(19, 1, '192.134.152.178', '31 mai 2018'),
(20, 7, '10.97.56.254', '4 juin 2018'),
(21, 1, '93.158.26.144', '4 juin 2018'),
(22, 4, '10.97.58.19', '5 juin 2018'),
(23, 7, '10.97.58.20', '5 juin 2018'),
(24, 4, '10.97.58.12', '5 juin 2018'),
(25, 4, '10.97.56.250', '5 juin 2018'),
(26, 4, '10.97.58.15', '5 juin 2018'),
(27, 1, '10.97.58.23', '5 juin 2018'),
(28, 1, '10.97.58.14', '5 juin 2018'),
(29, 1, '10.97.58.21', '5 juin 2018'),
(30, 8, '10.97.58.11', '5 juin 2018'),
(31, 2, '10.97.56.255', '5 juin 2018'),
(32, 8, '93.158.25.147', '5 juin 2018'),
(33, 6, '93.158.28.58', '6 juin 2018'),
(34, 9, '93.158.28.36', '7 juin 2018'),
(35, 9, '93.158.30.0', '7 juin 2018'),
(36, 9, '93.158.24.193', '8 juin 2018'),
(37, 9, '157.99.110.83', '8 juin 2018'),
(38, 5, '10.97.56.9', '8 juin 2018'),
(39, 16, '0:0:0:0:0:0:0:1', '13 juin 2018'),
(40, 4, '66.249.64.14', '6 juil. 2018'),
(41, 12, '196.207.233.178', '6 juil. 2018'),
(42, 1, '66.249.64.13', '6 juil. 2018'),
(43, 3, '66.249.64.15', '7 juil. 2018'),
(44, 12, '86.227.171.42', '7 juil. 2018'),
(45, 8, '89.252.34.73', '7 juil. 2018'),
(46, 6, '91.203.34.14', '10 juil. 2018'),
(47, 9, '134.246.159.52', '13 juil. 2018'),
(48, 13, '92.129.99.172', '18 juil. 2018'),
(49, 13, '77.141.124.72', '19 juil. 2018'),
(50, 14, '193.48.189.213', '19 juil. 2018'),
(51, 3, '37.9.113.113', '21 juil. 2018'),
(52, 12, '2.4.174.84', '22 juil. 2018'),
(53, 12, '86.193.194.223', '24 juil. 2018'),
(54, 6, '176.79.78.51', '28 juil. 2018'),
(55, 10, '87.250.224.127', '2 août 2018'),
(56, 11, '37.9.113.129', '5 août 2018'),
(57, 11, '87.250.224.214', '6 août 2018'),
(58, 1, '86.193.253.215', '7 août 2018'),
(59, 6, '66.17.55.2', '10 août 2018'),
(60, 13, '92.167.106.26', '15 août 2018'),
(61, 1, '66.249.64.40', '18 août 2018'),
(62, 8, '66.249.64.37', '18 août 2018'),
(63, 9, '66.249.64.38', '18 août 2018'),
(64, 12, '86.253.215.234', '24 août 2018'),
(65, 15, '86.227.172.209', '24 août 2018'),
(66, 4, '134.245.223.220', '30 août 2018'),
(67, 17, '77.204.143.26', '30 août 2018'),
(68, 10, '217.169.210.162', '5 sept. 2018'),
(69, 16, '2.4.167.221', '9 sept. 2018'),
(70, 3, '66.249.83.151', '10 sept. 2018'),
(71, 4, '10.97.27.75', '13 sept. 2018'),
(72, 1, '66.249.79.229', '19 sept. 2018'),
(73, 10, '114.142.153.167', '20 sept. 2018'),
(74, 10, '162.38.237.191', '20 sept. 2018'),
(75, 15, '160.13.207.157', '21 sept. 2018');

--
-- Contraintes pour les tables exportées
--

--
-- Contraintes pour la table `information`
--
ALTER TABLE `information`
  ADD CONSTRAINT `Information_refauthor` FOREIGN KEY (`idRef_Author`) REFERENCES `ref_author` (`idRef_Author`) ON DELETE NO ACTION ON UPDATE NO ACTION,
  ADD CONSTRAINT `Information_refdimension` FOREIGN KEY (`idRef_Dimension`) REFERENCES `ref_dimension` (`idRef_Dimension`) ON DELETE NO ACTION ON UPDATE NO ACTION,
  ADD CONSTRAINT `Information_refmisc1` FOREIGN KEY (`idRef_Misc1`) REFERENCES `ref_misc1` (`idRef_Misc1`) ON DELETE NO ACTION ON UPDATE NO ACTION,
  ADD CONSTRAINT `Information_refsource` FOREIGN KEY (`idRef_Source`) REFERENCES `ref_source` (`idRef_Source`) ON DELETE NO ACTION ON UPDATE NO ACTION;

--
-- Contraintes pour la table `info_access`
--
ALTER TABLE `info_access`
  ADD CONSTRAINT `infoaccesstoinformation` FOREIGN KEY (`idInformation`) REFERENCES `information` (`idInformation`);

--
-- Contraintes pour la table `info_keyword`
--
ALTER TABLE `info_keyword`
  ADD CONSTRAINT `infokeywordtoinformation` FOREIGN KEY (`idInformation`) REFERENCES `information` (`idInformation`),
  ADD CONSTRAINT `infokeywordtorefkeyword` FOREIGN KEY (`idRef_Keyword`) REFERENCES `ref_keyword` (`idRef_Keyword`);

--
-- Contraintes pour la table `info_link`
--
ALTER TABLE `info_link`
  ADD CONSTRAINT `infolinktoinformation1` FOREIGN KEY (`idInformation1`) REFERENCES `information` (`idInformation`),
  ADD CONSTRAINT `infolinktoinformation2` FOREIGN KEY (`idInformation2`) REFERENCES `information` (`idInformation`);

--
-- Contraintes pour la table `info_medium`
--
ALTER TABLE `info_medium`
  ADD CONSTRAINT `infomediumtoinformation` FOREIGN KEY (`idInformation`) REFERENCES `information` (`idInformation`) ON DELETE NO ACTION ON UPDATE NO ACTION,
  ADD CONSTRAINT `infomediumtorefmedium` FOREIGN KEY (`idRef_Medium`) REFERENCES `ref_medium` (`idRef_Medium`) ON DELETE NO ACTION ON UPDATE NO ACTION;

--
-- Contraintes pour la table `info_misc2`
--
ALTER TABLE `info_misc2`
  ADD CONSTRAINT `infomisc2toinformation` FOREIGN KEY (`idInformation`) REFERENCES `information` (`idInformation`) ON DELETE NO ACTION ON UPDATE NO ACTION,
  ADD CONSTRAINT `info_misc2_ibfk_2` FOREIGN KEY (`idRef_Misc2`) REFERENCES `ref_misc2` (`idRef_Misc2`) ON DELETE NO ACTION ON UPDATE NO ACTION;

--
-- Contraintes pour la table `ref_keyword`
--
ALTER TABLE `ref_keyword`
  ADD CONSTRAINT `refkeywordtorefmetakeyword` FOREIGN KEY (`idRef_MetaKeyword`) REFERENCES `ref_metakeyword` (`idRef_MetaKeyword`) ON DELETE NO ACTION ON UPDATE NO ACTION;

--
-- Contraintes pour la table `tempo`
--
ALTER TABLE `tempo`
  ADD CONSTRAINT `tempotoinformation` FOREIGN KEY (`idInformation`) REFERENCES `information` (`idInformation`);

/*!40101 SET CHARACTER_SET_CLIENT=@OLD_CHARACTER_SET_CLIENT */;
/*!40101 SET CHARACTER_SET_RESULTS=@OLD_CHARACTER_SET_RESULTS */;
/*!40101 SET COLLATION_CONNECTION=@OLD_COLLATION_CONNECTION */;
