-- phpMyAdmin SQL Dump
-- version 3.5.2
-- http://www.phpmyadmin.net
--
-- Client: vminfotron-dev.ird.fr
-- Généré le: Lun 20 Décembre 2021 à 16:45
-- Version du serveur: 5.0.77
-- Version de PHP: 5.3.3

SET SQL_MODE="NO_AUTO_VALUE_ON_ZERO";
SET time_zone = "+00:00";


/*!40101 SET @OLD_CHARACTER_SET_CLIENT=@@CHARACTER_SET_CLIENT */;
/*!40101 SET @OLD_CHARACTER_SET_RESULTS=@@CHARACTER_SET_RESULTS */;
/*!40101 SET @OLD_COLLATION_CONNECTION=@@COLLATION_CONNECTION */;
/*!40101 SET NAMES utf8 */;

--
-- Base de données: `css5`
--

-- --------------------------------------------------------

--
-- Structure de la table `information`
--

CREATE TABLE IF NOT EXISTS `information` (
  `idInformation` int(11) NOT NULL auto_increment,
  `uniqueTag` varchar(20) default '',
  `idRef_Dimension` int(11) default NULL,
  `title` varchar(200) NOT NULL default '',
  `subtitle` varchar(200) default '',
  `idRef_Source` int(11) default NULL,
  `idRef_Author` int(11) default NULL,
  `entryDate` date default NULL,
  `shortDescription` longtext,
  `idRef_Misc1` int(11) default NULL,
  PRIMARY KEY  (`idInformation`),
  UNIQUE KEY `idInformation_2` (`uniqueTag`),
  KEY `numsource` (`idRef_Source`),
  KEY `numauteur` (`idRef_Author`),
  KEY `numdimension` (`idRef_Dimension`),
  KEY `idRef_Misc1` (`idRef_Misc1`),
  KEY `idInformation` (`uniqueTag`)
) ENGINE=InnoDB  DEFAULT CHARSET=utf8 AUTO_INCREMENT=61 ;

--
-- Contenu de la table `information`
--

INSERT INTO `information` (`idInformation`, `uniqueTag`, `idRef_Dimension`, `title`, `subtitle`, `idRef_Source`, `idRef_Author`, `entryDate`, `shortDescription`, `idRef_Misc1`) VALUES
(1, 'XP-01', 3, 'Integrative Approaches Combining Genomics, Transcriptomics and Epigenomics', 'Study of adaptation mechanisms of tropical trees/forests to environmental variations', 27, 2, '2019-12-19', 'More specifically, design and calibrate empirically the models of evolution to explain and\r\npredict the future of tropical species to global changes.', NULL),
(2, 'XP-02', 3, 'Reconciling Exploitation and Conservation of Tropical Pelagic Ecosystems', 'Derivation of alternative abundance indicators coupling operational models with fishery independant data', 2, 3, '2017-12-29', 'The current research is entitled: \r\n"Reconciling exploitation and conservation of tropical pelagic ecosystems:\r\nDerivation of alternative abundance indicators coupling operational\r\nmodels and data independent of the fishery\r\n\r\n(Concilier exploitation et conservation des écosystèmes pélagiques tropicaux : \r\nDérivation d’indicateurs d’abondance alternatifs couplant modèles opérationnels \r\net données indépendantes de la pêche)', NULL),
(3, 'XP-03', 3, 'Evolution of the Water Cycle Within the Intertropical Band', 'Hyper-resolved modelling of the critical zone', 3, 4, '2017-10-27', 'Software : PyGrav  (processing of micro-gravity data)', NULL),
(4, 'XP-04', 4, 'Integrated Modelling of Marine Socio-Ecosystems', 'Scenarios of adaptation to climate change', 2, 5, '2017-11-24', 'doi: APECOSM model description\r\nweb-link: Globec-Cliotop program home page', NULL),
(5, 'XP-05', 3, 'Accelerating Malaria Eradication in West Africa', 'Identification, characterization and treatment of persistence foci', 4, 6, '2018-01-18', 'web-link: UN Sustainable Development Goal 3: Ensure healthy lives and promote well-being for all at all ages', NULL),
(6, 'XP-06', 3, 'Applied Meta-Acoustics for Biological Conservation within Southern Countries', 'Ecological study and conservation tool based on sound environments collections (soundscape ecology)', 5, 7, '2017-11-12', '- DOI article: soundscape ecology in an insular biodiversity hot spot', NULL),
(7, 'XP-07', 3, 'Spatial Agro-Hydrology; Satellite Data Mining and Assimilation', 'Modelling and predicting interactions between agriculture and water resources', 6, 8, '2018-02-06', 'web-link: the CNES European Copernicus satellites program.', NULL),
(8, 'XP-08', 4, 'Screening, Prevention and Control of Major Endemics in Developing Countries', 'Direction in Tropical Health Research / Herpetologist', 7, 9, '2018-05-14', 'Personal home page from Futura-Sciences.com\r\nBooks from the Amazon.com library', NULL),
(9, 'XP-09', 4, 'Geostatistics for Ecosystem Approach to Fisheries', 'A study of movements and trajectories', 2, 10, '2018-06-07', 'Web-link AFH: Association Française d''Halieutique / French Association for fisheries Sciences\r\nWeb-link SFDS: Société Française de Statistique / French Society for Statistics', NULL),
(10, 'XP-10', 3, 'Hydrosystems and Water Resources Modelling', 'Integrated approach to vulnerable water resources  under changes and uncertainty', 8, 11, '2018-06-13', 'Web-link: the GICC program (Management and impact of climate change)', NULL),
(11, 'XP-11', 3, 'Ecosystem Approach to Pelagic Fisheries and Marine Ecosystems off West Africa ', NULL, 9, 12, '2018-06-25', NULL, NULL),
(12, 'XP-12', 5, 'Modelling and Adaptative Management of Water Resources for Agriculture in West Africa', 'Integrated approach of water resources and water usages', 10, 13, '2018-08-21', 'Software: overview of ZonAgri (Modeling agricultural activities at the regional level)', NULL),
(13, 'XP-13', 3, 'Agent-Based Modelling of Complex Marine and Terrestrial Ecological Systems', 'Conception and development of information systems dedicated to formalization of knowledge', 11, 14, '2018-07-30', '- Software CI: Centre d''Informations (CI) application page.\r\n- DOI: Le Fur, Mboup & Sall (2017) A Simulation Model for Integrating Multidisciplinary Knowledge in Natural Sciences.\r\n', NULL),
(14, 'XP-14', 6, 'Viability Assessment of Rural Territories in Transition', 'Development of spatial decision tools and observatories', 12, 15, '2018-07-17', 'Web-link CSFD : French Scientific Committee on Desertification', NULL),
(15, 'XP-15', 4, 'Hydrosystems Management and Governance', NULL, 10, 16, '2018-08-21', 'web-link Water Alternatives: journal\r\nweb-link IWMI : International Water Management Institute', NULL),
(16, 'XP-16', 3, 'Dynamics of Hydrosystems and their Associated Services', 'Multi-scale data management and analysis', 10, 17, '2018-11-26', 'web-link : King''s College Water Activity Hub', NULL),
(17, 'XP-17', 3, 'Data Analysis and Mathematical Models for Sustainable Control of Antibiotic Resistance', NULL, 13, 18, '2018-08-26', 'DOI access:\r\n  Optimal control of an age-structured model for  the transmission \r\n  of hepatitis B with differential infectivity\r\n  (J. Math. Biol. 2016)', NULL),
(18, 'XP-18', 3, 'Agro-ecological analysis and modelling of evolutive tropical plant microbiomes', 'Combining genomic and field data for modelling and phylogenetic reconstruction', 14, 19, '2018-09-09', NULL, NULL),
(19, 'XP-19', 5, 'Measuring Lagoons Anthropization of South Western  Tropical Pacific Ocean', 'Combining  field surveys, ocean color remote sensing database management and algorithmic analyses', 15, 20, '2018-09-25', NULL, NULL),
(20, 'XP-20', 3, 'Anthropogenic Impact on the Evolution of Water Resources under Climatic Constraints', 'Contribution of remote sensing to socio-hydrological approaches', 12, 21, '2018-10-15', NULL, NULL),
(21, 'XP-21', 3, 'Vulnerability of Fishermen''s Communities Facing Global Changes', 'Combining biostatistics, Fisheries and Social sciences in Africa and South-East Asia', 16, 22, '2018-11-20', NULL, NULL),
(22, 'XP-22', 7, 'Multidimensional Statistics and Management of Marine Biodiversity Data', 'Aquatic Ecology and Fish Communities', 2, 23, '2018-12-03', NULL, NULL),
(23, 'XP-23', 4, 'Experimental and Numerical Simulation of Hazards Bound to Volcanic Eruptions', 'Applied Research on Andean Countries Volcanology', 17, 24, '2018-12-21', 'DOI: Nature and velocity of pyroclastic density currents (Earth Planet. Sc. Lett. 2015)\r\nVideo: Tsunamis generated by fluidized granular collapse\r\nWeb-link INGEMMET: peruvian Geological, Mining, and Metallurgical Institute', NULL),
(24, 'XP-24', 4, 'Quantifying Connectivity and Resilience of Marine Networks Under Climate Change', 'Individual based models of recruitment and larval stages passive dispersal', 2, 25, '2019-01-09', 'Software: Ichthyop larval dispersal model\r\nBook: Modélisation mathématique en écologie (Cours et exercices corrigés)', NULL),
(25, 'XP-25', 5, 'Remote Sensing Signal Analysis for Forest Ecology', 'Understanding Past Changes and Forecasting Vulnerability of Mangrove Coasts', 19, 26, '2019-02-11', 'Web-link IFP: French Institute of Pondicherry\r\nDOI: Mangrove Forest Dynamics Using Very High Spatial Resolution Optical Remote Sensing', NULL),
(26, 'XP-26', 4, 'Methods and Tools for Pangenomic Studies', 'Application to domestic edible plants improvement', 1, 27, '2019-03-21', 'software Toggle: toolbox for generic NGS analyses.', NULL),
(27, 'XP-27', 8, 'Information Systems Architecture and Administration', 'IT tools development for data management, discovery and sharing', 3, 28, '2019-06-01', 'data portal CRYOBS-CLIM DB  : datasets of cryospheric components over a large time period and in different climate regions (temperate, tropical, polar)\r\ndata portal AMMA-CATCH  : African Monsoon Multidisciplinary Observatory\r\nweb link OZCAR: French network of Critical Zone Observatories\r\nweb link Theia: Data and services for land surfaces', NULL),
(28, 'XP-28', 8, 'Processing, Analysis and Representation of Spatial Data and Information', 'Research unit administration and management', 20, 29, '2019-04-19', 'Book: Atlas problématique d''une métropole vulnérable: inégalités urbaines à Lima et Callao - 2014 (pdf)\r\nBook: Crise et développement : la région du lac Tchad à l''épreuve de Boko Haram - 2018 (pdf)', NULL),
(29, 'XP-29', 5, 'Integrative Approach for Tropical Tuna Resource and Exploitation Sustainability', 'International expertise on regional fisheries management', 2, 30, '2019-04-27', 'Web link RFMO: overview of Regional Fisheries Management Organisations\r\nWeb link AOTTP: the Atlantic Ocean Tropical Tuna Tagging Program\r\n', NULL),
(30, 'XP-30', 9, 'Development and Dissemination of Spatially Referenced Information Systems', 'IRD infrastructure and digital data coordination', 12, 31, '2019-06-06', 'web-link_GeoSud: EquipEx part of the "Investments for the Future Program" call for projects "Equipments of Excellence"', NULL),
(31, 'XP-31', 5, 'Dynamic Processes on Islands and Other Fragmented Geographical Structures', 'Nissology (science of islands and islandness)', 12, 32, '2019-06-21', '- HDR (accreditation to supervise research) report : Introduction à l’hydrogéomorphométrie dans des contextes insulaires\r\n- web link GID: The Global Island Database\r\n', NULL),
(32, 'XP-32', 5, 'Eco-Biology of Coastal Resources Assemblages', 'Population dynamics, stock assessment and fisheries management  in West Africa', 2, 33, '2019-06-25', NULL, NULL),
(33, 'XP-33', 7, 'Design and Development of Integrated Research Projects on Complex Systems  and Biodiversity Information', 'head of the French delegation to the Global Biodiversity Information Facility (GBIF)', 21, 34, '2019-07-04', 'Web-link GBIF: Global Biodiversity Information facility - french section', NULL),
(34, 'XP-34', 6, 'Active Acoustics as a Tool for Marine Pelagic Ecology and Oceanography', 'Research unit administration and management', 9, 35, '2019-09-12', 'Web-link Active Acoustics : The LEMAR acoustics platform aims to :\r\n   (i) provide and manage an instrumental park on hydroacoustics, \r\n  (ii) develop acoustic data processing and analysis tools, \r\n (iii) provide training,\r\n  (iv) participate in research projects.', NULL),
(35, 'XP-35', 4, 'Hydrology, Matter Flows and Long-Term Evolution of Very Large River Basins', 'environmental observatories of inter-tropical and peri-Atlantic wide hydrosystems', 22, 36, '2019-09-12', 'The behaviors of these often gigantic hydrosystems (over 1 million km2) reflect the climatic, geodynamic\r\nand anthropogenic impacts that affect large areas of the intertropical band.  Their regime and hydro-climatic trends are studied\r\nas hydro-sedimento-bio-geochemical processes in a long-term perspective with strong societal implications.\r\n\r\nData portal SO-HYBAM:  \r\n      observatory on Geodynamical, hydrological and biogeochemical processes\r\n      in the Amazon, Orinoco and Congo basins.\r\nweb-link WHYCOS: the World Hydrological Cycle Observation System', NULL),
(36, 'XP-36', 5, 'Statistical Modelling for the Study of Climatic Forcings in the Mediterranean', 'Extreme value theory, non parametric approach and mathematical disaggregation (downscaling)', 8, 37, '2019-11-26', 'Software: CondMixt R Package : Neural Network and Conditional Mixture Models for Heavy-Tailed Data', NULL),
(37, 'XP-37', 11, 'Socio-Ecology of Coastal and Recifal Ecosystems', 'Integrated and collaborative management, education and impact assessment', 23, 38, '2020-11-24', 'The current research was entitled "Social representations of coral ecosystems and reef heritage".\r\n\r\n- video: "MARECO: le récif est entre nos mains". Dissemination of an educational game case on coral reefs.\r\n- web-link IFRECOR: The French initiative for coral reefs\r\n- web-link Corail: The Laboratory of Excellence (LabEx) CORAIL (Coral reefs in the face of global change)', NULL),
(38, 'XP-38', 10, 'AI and Machine Learning for decision support tools addressing precision medicine and natural hazards issues', 'Explainable Machine Learning  and Agent-Based Multiscale Modelling', 21, 39, '2019-12-02', 'The current research is entitled: \r\n       "Predictive modelling towards precise healthcare of chronicle diseases in the South"\r\n\r\n- Books from the Amazon.com library\r\n- web-link USTH: University of Science and Technology of Hanoi\r\n- web-link LIRIMA: INRIA International Research Laboratory in Computer Science and Applied Mathematics\r\n- web-link GAMA: modelling and simulation development environment for building spatially explicit agent-based simulations.', NULL),
(39, 'XP-39', 6, 'Development of Seismic Monitoring Networks in the South Pacific Islands', NULL, 25, 42, '2019-12-23', 'web-link ORSNET: Oceania Regional Seismic NETwork\r\nweb-link seisme.nc: seismological network of new caledonia', NULL),
(40, 'XP-40', 3, 'The Southwest Indian Ocean under the Prism of Ecosystem Approach to Fisheries', 'Mitigation measures and fishing gear technology dedicated to bycatch of pelagic longline fisheries', 2, 43, '2019-12-16', 'Web link Paradep : a depredation mitigation device for pelagic longline fisheries\r\nData portal OB7: IRD european observatory of exploited tropical pelagic ecosystems\r\nWeb link IOTC: the FAO Indian Ocean Tuna Commission', NULL),
(41, 'XP-41', 6, 'Reporting, Preservation and Dissemination of Research Data', 'Computer science for clinical research', 26, 45, '2020-02-03', 'Web-link HeBOOC: online course on hepatitis B clinical management\r\nWeb-link Chiang Mai: Faculty of Medical Science of Chiang Mai Univ. (Thaïlande)\r\nWeb-link Napneung : blood testing service in Thaïland\r\nData portal DataSuds: IRD institutional data warehouse\r\nWeb-link IRD Data: IRD support for scientific data management.', NULL),
(42, 'XP-42', 7, 'Multi-Thematic Scientific Computing and Information Systems in Biological Oceanography', 'Scientific diving, research cruises and IT systems development and management', 2, 46, '2020-01-14', '- data portal ReefTEMPS: data portal from the Observation Network of Insular Pacific Coastal Waters\r\n- web link Lengguru: Lengguru expeditions: Biodiversity assessment in reef twilight zone / Scientific Exploration of Papuan Karsts Biodiversity\r\n- web link ReeFish: knowledge and activities of researchers working on reef fishes at the laboratory of MARine Biodiversity,\r\n                    Exploitation and Conservation (Montpellier, France) and their close collaborators', NULL),
(43, 'XP-43', 7, 'Management and Dissemination of Georeferenced Data for Heritage and Environment Knowledge', 'cartographic expertise, visual semiotics, participatory mapping,  training and education', 28, 47, '2019-12-30', '- Web link CFC: Comité Français de Cartographie (French Cartography Committee)\r\n- Web link EuDat: The EU collaborative data infrastructure\r\n- Data portal ZatValley : virtual museum about the Zat valley (Morocco), part of the H2020 GeoParks initiative.\r\n', NULL),
(44, 'XP-44', 4, 'Analyzes of Geographic Determinants of Health Events to Optimize Monitoring within Public Health Policy', 'design of tools and processes for data collection, tracking, monitoring and diffusion of spatialized health data', 16, 48, '2020-02-22', 'Data portal Police Benin: road accident monitoring platform in Benin\r\n', NULL),
(45, 'XP-45', 6, 'Processing and Dissemination of Satellite Altimetry Data for Water Resources and Coastal Management', 'radar altimetry, deep learning, numerical simulation', 29, 49, '2020-04-15', '- web link USTH: International Laboratory of Oceanography at the Univ. Sci. Tech. Hanoi Vietnam.\r\n- web link CTOH : Centre of Topography of the Oceans and the Hydrosphere (French observation service \r\n                  dedicated to satellite altimetry studies)\r\n- data portal Aviso:  the CNES data portal on satellite altimetry data', NULL),
(46, 'XP-46', 4, 'Data Quality Awareness for Computational Sustainability', 'Statistical machine learning, data cleaning, probabilistic inference, data fusion, data quality, data management', 12, 50, '2020-04-25', 'The current research is entitled:\r\nDecision Support through Analysis and Integrated Management of Data and Scientific Expertise\r\n(FR: Aide à la Décision par l’Analyse et la Gestion intégrée des données et des Expertises Scientifiques  (ADAGES))\r\n\r\n- web link RDA:  the multi institutions Research Data Alliance dedicated to open sharing of data', NULL),
(47, 'XP-47', 7, 'Spatial Dynamics Modelling of Natural Drivers for Socio-Ecosystems Management and Multidisciplinary Studies', 'applied mathematics, spatial statistics, spatial data infrastructures', 6, 52, '2020-05-18', '- article: Fayad et al. (2017) Snow observations in Mount Lebanon (2011–2016). Earth System Science Data, 9, 573–587\r\n- web-link OGC: The Open Geospatial international Consortium driven to make geospatial information and FAIR (Findable, Accessible, Interoperable, Reusable) services \r\n- data portal WASH: The Water Sanitation Hygiene section of the UNICEF', NULL),
(48, 'XP-48', 6, 'Improving computational efficiency of multi-level, multi-scale marine environment models', 'oceanography, hydrodynamics, ecology, trophic chain', 2, 54, '2020-11-17', '- software PyPAGO: Python Physical Analysis of Gridded Ocean\r\n- software Osmose: Object-oriented simulator of marine ecosystems\r\n- software Ichthyop: A Lagrangian tool for simulating ichthyoplankton dynamics\r\n- software APECOSM (to come): Apex Predators ECOsystem Model\r\n- GitHub : the software repository of Marbec unit', NULL),
(49, 'XP-49', 6, 'Data Acquisition and Enhancement in Population-Health-Environment Domain', 'management and development of  society-environment observatories', 30, 55, '2020-11-09', '- Data portal InDepth: all surveys and datasets of the global network of health and demographic surveillance\r\n- Data portal BAOBAB: a multi-project (AMMA, Fennec, etc.) data portal addressing meteorology, atmospheric, \r\n   chemistry, hydrology, extreme events, health, adaptation of human societies.\r\n   abstract on https://www.re3data.org/search?query=baobab\r\n- Data portal MISTRALS: a distributed multi-project system of datasets dedicated to the understanding of the Mediterranean \r\n   Basin environmental process under the planet global change\r\n   Abstract on https://www.re3data.org/search?query=mistrals', NULL),
(50, 'XP-50', 10, 'Multi-Scale Agent-Based Modelling and Simulation for Research and Operational Decision Support', 'Direction in development and computer science research', 21, 56, '2020-09-21', 'Web-link GAMA: modelling and simulation development environment for building spatially explicit agent-based simulations.\r\nWeb-link ICT-Lab: Computer lab of Hanoi University of Science and Technology\r\nWeb-link IFI: International Francophone Institute\r\nWeb-link COMOKIT: a modelling framework for assessing and comparing intervention policies againt COVID-19 at the scale of a city', NULL),
(51, 'XP-51', 4, 'Structure and Evolutionary History of Tropical Plant Genomes', 'Safeguard, analysis and promotion of wild plant diversity in developing countries', 1, 57, '2020-11-17', '- Data portal DataSud: EVOGEC (Evolution of Coffee trees Genomes) team media and data sets\r\n- GitHub: containing in particular :\r\n                     * Inpactor, Integrated and Parallel Analyzer and Classifier of LTR Retrotransposons\r\n                     * TIP_finder: An HPC Software to Detect Transposable Element Insertion Polymorphisms in Large Genomic Datasets\r\n- data portal WildCofDB : Wild Coffea species database\r\n- web-link Bio Inca  : interdisciplinary research laboratory on biodiversity and sustainable agriculture in the tropical Andes.', NULL),
(52, 'XP-52', 12, 'Monitoring, Modelling and Simulation of River Hydrology', 'Proactive Management of Water Reservoirs and Floods in West Africa', 10, 58, '2021-01-06', '- Book: Monographie hydrologique du fleuve Sénégal (Hydrological monograph of the Senegal River)\r\n- Web link OMVS: Organisation pour la mise en valeur du fleuve Sénégal (The organization for the development of the Senegal River)\r\n- Software : overview of SimulSen; simulation of a multiple objective dam operational management', NULL),
(53, 'XP-53', 7, 'Deployment of Innovative Uses of Information Technology', 'Chief officer in IT systems management and development', 31, 59, '2021-02-02', '- Data portal DataSuds: IRD institutional data warehouse\r\n- Web-link IRD Lab: IRD geolocation of its activities, research facilities, scientific teams, staff and partners\r\n- Web-link CINES : National Computing Center for Higher Education in Montpellier\r\n- Web-link JRES : Journées RESeaux - knowledge and transmission of expertise within the education and research community\r\n- Web-link AMUE: the french pooling agency for universities and establishments\r\n- Web-link RENATER: the national research and education network in France. \r\n', NULL),
(54, 'XP-54', 10, 'Interdisciplinary Mapping, Conservation and Protection of Marine Habitats', 'cartographic data quality expertise, participatory mapping,  training and education', 12, 60, '2021-02-12', 'The current research is entitled : « Improved methods for mapping coastal marine habitats in the south western Indian Ocean »\r\n\r\n- Books from the Amazon library\r\n- web-link  Memorial Univ.:  geography department at Memorial Univ. Newfoundland and Labrador Univ. (Canada)\r\n- web-link CRDIG: geospatial data and intelligence research center From Laval University', NULL),
(55, 'XP-55', 3, 'Machine Learning for Surveillance, Understanding and Prediction of Natural Hazards', NULL, 32, 61, '2021-03-07', NULL, NULL),
(56, 'XP-56', 4, 'Operational Application of Deterministic and Stochastic Mathematics to  Spatio-Temporal Environment-Health Issues', 'optimization, hybrid system, neural network, genetic algorithms', 23, 62, '2021-05-05', 'The current research is entitled:  "spatio-temporal modelling of stochastic and deterministic processes\r\n                                    in the field of the marine environment and health"\r\n\r\n- web-link Oeil: the New Caledonia Environment Observatory\r\n- data portal Incendies Nouv. Caléd: calculation of risk maps for fire starts, biodiversity, erosion\r\n- web-link Ecomore  : Economic development, ecosystem modifications, and emerging infectious diseases risk evaluation in South-East Asia', NULL),
(57, 'XP-57', 3, 'Computational and Mathematical Modelling of Multi-Strain Viral Epidemics', 'stochastic simulation, machine learning, bayesian computation, graph theory', 13, 63, '2021-05-01', '- web-link HIV  vaccine:  the Global HIV Vaccine Enterprise, an alliance of organizations formed to accelerate the search for an HIV vaccine', NULL),
(58, 'XP-58', 5, 'Knowledge Extraction and Diffusion of Genome-Phenome Relationships in Tropical Agronomy', 'semantic web and ontologies, interoperability, FAIR data portal development', 1, 64, '2021-06-17', '•	D2KAB project: a framework to turn agronomy and biodiversity data into semantically described, interoperable, actionable, open knowledge\r\n•	AgroLD (Agronomic Linked Data project): an RDF Knowledge-based Database for plant molecular networks\r\n•	PyRice: a Python package  API developed to access numerous rice supported databases and produce consistent outputs. \r\n•	GIGWA (Genotype Investigator for Genome Wide Analyses): a web application to manage genomic and genotyping data from NGS analysis\r\n•	OryzaGP (see GitHub repository) : A dataset for Named Entity Recognition for rice genes.', NULL),
(59, 'XP-59', 6, 'Remote Sensing Data Flow Development and Management in Health, Climate and Environmental Domains', 'consortia animation for provision of satellite products', 12, 65, '2021-08-31', 'web-link GeoSud Equipex : french satellite imagery infrastructure on the environment and territories\r\nweb-link GeoDEV :  Competencies network  for the observation of territories and the environment in the South\r\nweb-link INCT Odisseia : Brazilian Observatory of Social and Environmental Dynamics\r\n ', NULL),
(60, 'XP-60', 8, 'Curation, Conservation and Management of Scientific Data Portals on Reef  Ecosystems', 'Development, coordination and management of Information Systems', 23, 66, '2021-09-25', 'GBIF: The international Global Biodiversity Information Facility network\r\nDataSud:   IRD institutional data warehouse\r\nReefTEMPS:  Pacific Island Coastal Waters Observation Network data portal\r\nRDA: the multi institutions Research Data Alliance dedicated to open sharing of data\r\nLagPlon: the Indo-Pacific marine biodiversity data portal\r\nIR-ILICO:   the Coastal Ocean and Nearshore Observation French Research Infrastructure ', NULL);

-- --------------------------------------------------------

--
-- Structure de la table `info_access`
--

CREATE TABLE IF NOT EXISTS `info_access` (
  `id` int(11) NOT NULL auto_increment,
  `idInformation` int(11) NOT NULL,
  `nbAccess` int(11) default NULL,
  PRIMARY KEY  (`id`),
  UNIQUE KEY `idInformation` (`idInformation`)
) ENGINE=InnoDB  DEFAULT CHARSET=utf8 AUTO_INCREMENT=65 ;

--
-- Contenu de la table `info_access`
--

INSERT INTO `info_access` (`id`, `idInformation`, `nbAccess`) VALUES
(1, 1, 670),
(4, 9, 359),
(5, 5, 595),
(6, 13, 440),
(7, 23, 951),
(8, 12, 326),
(9, 17, 574),
(10, 21, 356),
(11, 19, 1025),
(12, 6, 518),
(13, 20, 511),
(14, 2, 359),
(15, 15, 479),
(16, 3, 340),
(17, 18, 419),
(18, 22, 308),
(19, 24, 389),
(20, 16, 361),
(21, 14, 578),
(22, 11, 219),
(23, 8, 684),
(24, 25, 561),
(25, 10, 307),
(26, 7, 487),
(27, 4, 302),
(28, 26, 535),
(29, 28, 439),
(30, 27, 512),
(31, 29, 443),
(32, 30, 408),
(33, 31, 409),
(34, 32, 311),
(35, 33, 237),
(36, 34, 398),
(37, 35, 729),
(38, 36, 309),
(39, 37, 412),
(40, 38, 402),
(41, 40, 731),
(42, 39, 460),
(44, 42, 494),
(45, 43, 424),
(46, 41, 508),
(47, 44, 441),
(48, 45, 396),
(49, 46, 517),
(50, 48, 480),
(51, 47, 290),
(52, 49, 386),
(53, 50, 341),
(54, 51, 340),
(55, 52, 334),
(56, 53, 432),
(57, 54, 343),
(59, 55, 365),
(60, 56, 253),
(61, 57, 258),
(62, 58, 95),
(63, 59, 107),
(64, 60, 154);

-- --------------------------------------------------------

--
-- Structure de la table `info_keyword`
--

CREATE TABLE IF NOT EXISTS `info_keyword` (
  `id` int(11) NOT NULL auto_increment,
  `idInformation` int(11) NOT NULL,
  `idRef_Keyword` int(11) NOT NULL,
  PRIMARY KEY  (`id`),
  UNIQUE KEY `idInformation_2` (`idInformation`,`idRef_Keyword`),
  KEY `idInformation` (`idInformation`,`idRef_Keyword`),
  KEY `idRef_Keyword` (`idRef_Keyword`)
) ENGINE=InnoDB  DEFAULT CHARSET=utf8 AUTO_INCREMENT=3147 ;

--
-- Contenu de la table `info_keyword`
--

INSERT INTO `info_keyword` (`id`, `idInformation`, `idRef_Keyword`) VALUES
(6, 1, 1),
(4, 1, 2),
(2, 1, 3),
(1, 1, 4),
(10, 1, 5),
(8, 1, 6),
(5, 1, 7),
(7, 1, 8),
(9, 1, 9),
(11, 1, 10),
(12, 1, 11),
(31, 1, 31),
(32, 1, 32),
(33, 1, 33),
(1793, 1, 68),
(601, 1, 104),
(1785, 1, 107),
(1782, 1, 112),
(1786, 1, 204),
(1789, 1, 270),
(1787, 1, 271),
(1799, 1, 342),
(1791, 1, 397),
(1792, 1, 398),
(1798, 1, 402),
(1794, 1, 414),
(1790, 1, 415),
(1788, 1, 416),
(1784, 1, 419),
(1783, 1, 420),
(1779, 1, 693),
(1780, 1, 694),
(1781, 1, 695),
(1795, 1, 696),
(1796, 1, 697),
(1797, 1, 698),
(22, 2, 15),
(15, 2, 16),
(17, 2, 17),
(23, 2, 18),
(16, 2, 19),
(63, 2, 20),
(19, 2, 21),
(20, 2, 22),
(25, 2, 25),
(27, 2, 26),
(26, 2, 27),
(28, 2, 28),
(29, 2, 29),
(37, 2, 35),
(36, 2, 36),
(62, 2, 37),
(40, 2, 38),
(39, 2, 39),
(61, 2, 57),
(64, 2, 58),
(132, 2, 113),
(194, 2, 150),
(50, 3, 18),
(57, 3, 40),
(52, 3, 41),
(41, 3, 42),
(55, 3, 43),
(47, 3, 44),
(54, 3, 45),
(45, 3, 46),
(51, 3, 47),
(49, 3, 48),
(53, 3, 49),
(43, 3, 50),
(42, 3, 51),
(56, 3, 52),
(44, 3, 53),
(46, 3, 54),
(48, 3, 55),
(60, 3, 56),
(65, 3, 59),
(819, 3, 385),
(815, 3, 386),
(68, 4, 8),
(66, 4, 15),
(70, 4, 18),
(71, 4, 20),
(73, 4, 25),
(155, 4, 31),
(72, 4, 38),
(67, 4, 48),
(81, 4, 52),
(69, 4, 57),
(74, 4, 60),
(75, 4, 61),
(76, 4, 62),
(77, 4, 63),
(78, 4, 64),
(79, 4, 65),
(80, 4, 67),
(82, 4, 68),
(83, 4, 69),
(84, 4, 70),
(85, 4, 71),
(86, 4, 72),
(95, 4, 73),
(87, 4, 74),
(88, 4, 75),
(136, 4, 76),
(91, 4, 77),
(89, 4, 78),
(90, 4, 79),
(135, 4, 80),
(92, 4, 81),
(93, 4, 82),
(94, 4, 83),
(195, 4, 150),
(114, 5, 36),
(96, 5, 45),
(97, 5, 85),
(99, 5, 86),
(100, 5, 87),
(104, 5, 88),
(102, 5, 89),
(105, 5, 90),
(103, 5, 91),
(101, 5, 92),
(106, 5, 93),
(107, 5, 94),
(108, 5, 95),
(109, 5, 96),
(110, 5, 97),
(111, 5, 98),
(112, 5, 99),
(115, 5, 100),
(113, 5, 101),
(116, 5, 102),
(117, 5, 103),
(158, 5, 127),
(2400, 5, 827),
(119, 6, 2),
(118, 6, 16),
(120, 6, 104),
(121, 6, 105),
(122, 6, 106),
(123, 6, 107),
(124, 6, 108),
(130, 6, 109),
(125, 6, 110),
(133, 6, 111),
(127, 6, 112),
(126, 6, 113),
(128, 6, 114),
(129, 6, 115),
(131, 6, 116),
(134, 6, 117),
(159, 7, 8),
(141, 7, 18),
(148, 7, 44),
(160, 7, 48),
(145, 7, 49),
(143, 7, 52),
(137, 7, 53),
(139, 7, 54),
(140, 7, 55),
(142, 7, 78),
(147, 7, 82),
(138, 7, 102),
(144, 7, 115),
(146, 7, 118),
(154, 7, 119),
(150, 7, 120),
(151, 7, 121),
(149, 7, 122),
(152, 7, 123),
(153, 7, 124),
(156, 7, 125),
(157, 7, 126),
(196, 7, 151),
(2107, 7, 757),
(192, 8, 8),
(180, 8, 31),
(168, 8, 42),
(182, 8, 45),
(164, 8, 89),
(171, 8, 90),
(184, 8, 92),
(170, 8, 94),
(161, 8, 98),
(183, 8, 99),
(162, 8, 128),
(165, 8, 130),
(166, 8, 131),
(167, 8, 132),
(190, 8, 133),
(179, 8, 134),
(173, 8, 136),
(174, 8, 137),
(175, 8, 138),
(176, 8, 139),
(177, 8, 140),
(178, 8, 141),
(185, 8, 143),
(188, 8, 144),
(186, 8, 145),
(191, 8, 146),
(187, 8, 147),
(189, 8, 148),
(193, 8, 149),
(983, 8, 450),
(2402, 8, 827),
(200, 9, 3),
(199, 9, 4),
(206, 9, 15),
(211, 9, 18),
(231, 9, 19),
(213, 9, 20),
(221, 9, 25),
(201, 9, 27),
(212, 9, 31),
(219, 9, 38),
(202, 9, 57),
(216, 9, 60),
(214, 9, 61),
(209, 9, 62),
(203, 9, 63),
(204, 9, 64),
(217, 9, 67),
(220, 9, 70),
(205, 9, 71),
(208, 9, 73),
(218, 9, 76),
(210, 9, 78),
(207, 9, 83),
(215, 9, 115),
(198, 9, 116),
(197, 9, 127),
(234, 9, 150),
(222, 9, 151),
(223, 9, 152),
(224, 9, 153),
(225, 9, 154),
(226, 9, 155),
(227, 9, 156),
(228, 9, 157),
(229, 9, 158),
(230, 9, 159),
(232, 9, 160),
(233, 9, 161),
(1433, 9, 585),
(241, 10, 8),
(245, 10, 18),
(246, 10, 31),
(242, 10, 36),
(248, 10, 39),
(262, 10, 41),
(238, 10, 44),
(254, 10, 45),
(240, 10, 48),
(253, 10, 49),
(247, 10, 52),
(239, 10, 54),
(236, 10, 68),
(251, 10, 72),
(244, 10, 82),
(243, 10, 100),
(235, 10, 101),
(250, 10, 115),
(237, 10, 121),
(252, 10, 124),
(263, 10, 138),
(255, 10, 162),
(256, 10, 163),
(257, 10, 164),
(258, 10, 165),
(259, 10, 166),
(260, 10, 167),
(261, 10, 168),
(264, 10, 169),
(265, 10, 170),
(318, 11, 8),
(274, 11, 15),
(268, 11, 16),
(266, 11, 19),
(276, 11, 20),
(319, 11, 31),
(277, 11, 38),
(278, 11, 45),
(269, 11, 57),
(275, 11, 62),
(270, 11, 63),
(271, 11, 64),
(267, 11, 68),
(273, 11, 71),
(272, 11, 125),
(285, 11, 138),
(279, 11, 150),
(280, 11, 171),
(284, 11, 172),
(282, 11, 173),
(281, 11, 174),
(283, 11, 175),
(286, 11, 176),
(320, 11, 184),
(316, 12, 8),
(299, 12, 18),
(317, 12, 31),
(313, 12, 39),
(310, 12, 45),
(315, 12, 48),
(309, 12, 49),
(301, 12, 52),
(298, 12, 54),
(303, 12, 59),
(305, 12, 72),
(300, 12, 78),
(295, 12, 101),
(314, 12, 104),
(312, 12, 119),
(293, 12, 122),
(308, 12, 124),
(297, 12, 125),
(294, 12, 126),
(306, 12, 138),
(322, 12, 151),
(296, 12, 163),
(302, 12, 168),
(307, 12, 169),
(287, 12, 177),
(288, 12, 178),
(289, 12, 179),
(290, 12, 180),
(291, 12, 181),
(292, 12, 182),
(311, 12, 183),
(504, 12, 223),
(817, 12, 386),
(818, 12, 390),
(351, 13, 8),
(328, 13, 15),
(344, 13, 17),
(332, 13, 18),
(359, 13, 19),
(355, 13, 20),
(343, 13, 27),
(353, 13, 31),
(357, 13, 38),
(366, 13, 40),
(340, 13, 45),
(350, 13, 48),
(345, 13, 57),
(337, 13, 59),
(335, 13, 61),
(352, 13, 62),
(347, 13, 63),
(326, 13, 64),
(349, 13, 71),
(356, 13, 72),
(333, 13, 78),
(348, 13, 80),
(329, 13, 93),
(358, 13, 104),
(363, 13, 116),
(367, 13, 138),
(360, 13, 150),
(365, 13, 160),
(327, 13, 162),
(339, 13, 169),
(1260, 13, 173),
(346, 13, 174),
(341, 13, 175),
(362, 13, 181),
(323, 13, 185),
(325, 13, 187),
(330, 13, 188),
(331, 13, 189),
(334, 13, 190),
(336, 13, 191),
(338, 13, 192),
(342, 13, 193),
(361, 13, 194),
(1261, 13, 222),
(1262, 13, 250),
(1263, 13, 332),
(1264, 13, 340),
(1265, 13, 341),
(820, 13, 385),
(816, 13, 386),
(985, 13, 437),
(1693, 13, 453),
(1266, 13, 456),
(1388, 13, 569),
(1589, 13, 622),
(1590, 13, 624),
(1928, 13, 681),
(2237, 13, 797),
(2475, 13, 830),
(385, 14, 8),
(381, 14, 17),
(376, 14, 18),
(375, 14, 31),
(389, 14, 45),
(384, 14, 48),
(415, 14, 59),
(417, 14, 60),
(380, 14, 68),
(388, 14, 72),
(399, 14, 93),
(392, 14, 104),
(377, 14, 122),
(390, 14, 151),
(400, 14, 166),
(368, 14, 181),
(369, 14, 189),
(373, 14, 192),
(371, 14, 196),
(372, 14, 197),
(374, 14, 198),
(393, 14, 199),
(396, 14, 201),
(404, 14, 203),
(405, 14, 204),
(406, 14, 205),
(407, 14, 206),
(408, 14, 207),
(409, 14, 208),
(410, 14, 209),
(413, 14, 210),
(411, 14, 211),
(412, 14, 212),
(414, 14, 213),
(416, 14, 214),
(418, 14, 215),
(419, 14, 216),
(420, 14, 217),
(421, 14, 218),
(422, 14, 219),
(462, 14, 222),
(433, 15, 18),
(432, 15, 31),
(439, 15, 41),
(429, 15, 44),
(430, 15, 48),
(437, 15, 49),
(465, 15, 54),
(456, 15, 78),
(436, 15, 124),
(424, 15, 126),
(455, 15, 151),
(431, 15, 166),
(434, 15, 168),
(438, 15, 179),
(441, 15, 183),
(460, 15, 190),
(426, 15, 197),
(427, 15, 201),
(442, 15, 222),
(443, 15, 223),
(444, 15, 224),
(445, 15, 225),
(446, 15, 226),
(449, 15, 228),
(450, 15, 229),
(451, 15, 230),
(452, 15, 231),
(454, 15, 233),
(457, 15, 235),
(459, 15, 237),
(461, 15, 238),
(503, 15, 246),
(556, 15, 262),
(489, 16, 8),
(491, 16, 18),
(495, 16, 41),
(478, 16, 44),
(467, 16, 49),
(498, 16, 52),
(468, 16, 54),
(560, 16, 78),
(501, 16, 82),
(476, 16, 115),
(482, 16, 120),
(483, 16, 122),
(485, 16, 124),
(486, 16, 126),
(470, 16, 138),
(496, 16, 151),
(500, 16, 165),
(494, 16, 168),
(475, 16, 178),
(487, 16, 181),
(497, 16, 183),
(561, 16, 190),
(488, 16, 197),
(493, 16, 198),
(490, 16, 212),
(492, 16, 217),
(466, 16, 239),
(471, 16, 240),
(474, 16, 241),
(479, 16, 242),
(480, 16, 243),
(484, 16, 244),
(499, 16, 245),
(559, 16, 276),
(1639, 16, 644),
(2108, 16, 757),
(506, 17, 17),
(510, 17, 18),
(511, 17, 40),
(512, 17, 52),
(527, 17, 78),
(508, 17, 89),
(505, 17, 90),
(513, 17, 92),
(509, 17, 94),
(557, 17, 98),
(514, 17, 131),
(532, 17, 132),
(507, 17, 247),
(515, 17, 248),
(517, 17, 249),
(520, 17, 250),
(516, 17, 251),
(518, 17, 252),
(519, 17, 253),
(521, 17, 254),
(522, 17, 255),
(523, 17, 256),
(524, 17, 257),
(525, 17, 258),
(526, 17, 259),
(528, 17, 260),
(529, 17, 261),
(2346, 17, 573),
(540, 18, 1),
(550, 18, 4),
(552, 18, 5),
(535, 18, 8),
(538, 18, 18),
(537, 18, 31),
(555, 18, 106),
(541, 18, 151),
(536, 18, 204),
(530, 18, 262),
(531, 18, 263),
(533, 18, 264),
(534, 18, 265),
(539, 18, 266),
(544, 18, 268),
(546, 18, 270),
(547, 18, 271),
(548, 18, 272),
(549, 18, 273),
(551, 18, 274),
(554, 18, 275),
(578, 19, 8),
(593, 19, 57),
(598, 19, 62),
(596, 19, 63),
(581, 19, 68),
(595, 19, 113),
(566, 19, 115),
(600, 19, 150),
(570, 19, 159),
(597, 19, 165),
(599, 19, 171),
(573, 19, 198),
(563, 19, 247),
(564, 19, 269),
(562, 19, 277),
(565, 19, 278),
(567, 19, 279),
(568, 19, 280),
(569, 19, 281),
(571, 19, 282),
(572, 19, 283),
(576, 19, 284),
(574, 19, 285),
(575, 19, 286),
(577, 19, 287),
(579, 19, 288),
(580, 19, 289),
(582, 19, 290),
(583, 19, 291),
(584, 19, 292),
(585, 19, 293),
(586, 19, 294),
(587, 19, 295),
(588, 19, 296),
(589, 19, 297),
(590, 19, 298),
(591, 19, 299),
(592, 19, 300),
(594, 19, 301),
(615, 20, 18),
(617, 20, 37),
(624, 20, 41),
(606, 20, 44),
(603, 20, 49),
(602, 20, 115),
(608, 20, 139),
(612, 20, 197),
(618, 20, 201),
(629, 20, 203),
(621, 20, 219),
(620, 20, 223),
(619, 20, 241),
(627, 20, 269),
(623, 20, 276),
(604, 20, 302),
(607, 20, 303),
(609, 20, 305),
(610, 20, 307),
(611, 20, 308),
(614, 20, 309),
(616, 20, 310),
(625, 20, 311),
(628, 20, 313),
(630, 20, 314),
(635, 21, 3),
(673, 21, 8),
(643, 21, 15),
(647, 21, 18),
(672, 21, 36),
(663, 21, 45),
(656, 21, 61),
(648, 21, 67),
(636, 21, 68),
(658, 21, 69),
(642, 21, 71),
(631, 21, 72),
(644, 21, 93),
(645, 21, 100),
(674, 21, 138),
(665, 21, 151),
(633, 21, 175),
(632, 21, 180),
(651, 21, 190),
(655, 21, 198),
(650, 21, 217),
(639, 21, 231),
(653, 21, 239),
(657, 21, 242),
(637, 21, 247),
(664, 21, 315),
(670, 21, 319),
(675, 21, 320),
(676, 21, 321),
(677, 21, 322),
(678, 21, 323),
(679, 21, 324),
(682, 21, 327),
(683, 21, 328),
(684, 21, 329),
(685, 21, 330),
(686, 21, 331),
(688, 21, 332),
(687, 21, 333),
(1389, 21, 569),
(693, 22, 3),
(699, 22, 15),
(697, 22, 21),
(726, 22, 25),
(718, 22, 45),
(696, 22, 57),
(702, 22, 62),
(704, 22, 67),
(708, 22, 70),
(698, 22, 71),
(700, 22, 73),
(701, 22, 81),
(692, 22, 112),
(723, 22, 113),
(725, 22, 150),
(689, 22, 153),
(703, 22, 158),
(690, 22, 173),
(695, 22, 174),
(694, 22, 247),
(721, 22, 269),
(706, 22, 282),
(705, 22, 295),
(716, 22, 297),
(724, 22, 323),
(709, 22, 334),
(710, 22, 335),
(713, 22, 337),
(711, 22, 339),
(715, 22, 340),
(719, 22, 341),
(720, 22, 342),
(727, 22, 344),
(729, 22, 346),
(730, 22, 347),
(731, 22, 348),
(1047, 22, 453),
(740, 23, 18),
(739, 23, 52),
(759, 23, 92),
(732, 23, 169),
(766, 23, 196),
(764, 23, 207),
(733, 23, 349),
(734, 23, 350),
(737, 23, 351),
(735, 23, 352),
(736, 23, 353),
(738, 23, 354),
(755, 23, 355),
(741, 23, 356),
(742, 23, 357),
(743, 23, 358),
(756, 23, 359),
(744, 23, 360),
(745, 23, 361),
(746, 23, 362),
(748, 23, 364),
(749, 23, 365),
(754, 23, 366),
(750, 23, 367),
(751, 23, 368),
(753, 23, 369),
(752, 23, 370),
(757, 23, 371),
(758, 23, 372),
(760, 23, 373),
(761, 23, 374),
(762, 23, 375),
(763, 23, 376),
(765, 23, 377),
(767, 23, 378),
(771, 24, 17),
(785, 24, 18),
(773, 24, 19),
(794, 24, 20),
(778, 24, 21),
(801, 24, 25),
(788, 24, 27),
(829, 24, 31),
(793, 24, 40),
(792, 24, 48),
(774, 24, 57),
(800, 24, 60),
(796, 24, 61),
(780, 24, 62),
(777, 24, 63),
(776, 24, 64),
(812, 24, 68),
(831, 24, 73),
(799, 24, 74),
(791, 24, 82),
(825, 24, 89),
(810, 24, 121),
(797, 24, 150),
(787, 24, 153),
(795, 24, 159),
(775, 24, 160),
(790, 24, 162),
(798, 24, 169),
(772, 24, 250),
(784, 24, 251),
(789, 24, 252),
(822, 24, 290),
(786, 24, 295),
(823, 24, 297),
(781, 24, 323),
(769, 24, 339),
(768, 24, 340),
(770, 24, 364),
(832, 24, 375),
(802, 24, 379),
(803, 24, 380),
(804, 24, 381),
(805, 24, 382),
(806, 24, 383),
(807, 24, 384),
(808, 24, 385),
(809, 24, 386),
(814, 24, 387),
(811, 24, 388),
(813, 24, 389),
(824, 24, 392),
(826, 24, 393),
(827, 24, 394),
(828, 24, 395),
(830, 24, 396),
(848, 25, 7),
(843, 25, 18),
(834, 25, 37),
(852, 25, 60),
(837, 25, 63),
(838, 25, 64),
(835, 25, 68),
(863, 25, 78),
(850, 25, 104),
(845, 25, 115),
(844, 25, 125),
(839, 25, 162),
(840, 25, 163),
(842, 25, 165),
(846, 25, 168),
(849, 25, 171),
(836, 25, 187),
(847, 25, 328),
(841, 25, 347),
(865, 25, 387),
(864, 25, 394),
(833, 25, 397),
(851, 25, 398),
(853, 25, 399),
(854, 25, 400),
(855, 25, 401),
(856, 25, 402),
(857, 25, 403),
(858, 25, 404),
(859, 25, 405),
(860, 25, 406),
(861, 25, 407),
(862, 25, 408),
(866, 25, 409),
(867, 25, 410),
(868, 25, 411),
(876, 26, 1),
(877, 26, 5),
(899, 26, 12),
(879, 26, 32),
(870, 26, 42),
(880, 26, 45),
(881, 26, 53),
(872, 26, 112),
(871, 26, 114),
(869, 26, 122),
(901, 26, 138),
(900, 26, 151),
(892, 26, 167),
(874, 26, 233),
(896, 26, 265),
(873, 26, 270),
(882, 26, 271),
(875, 26, 273),
(878, 26, 341),
(883, 26, 386),
(885, 26, 412),
(886, 26, 413),
(887, 26, 414),
(888, 26, 415),
(889, 26, 416),
(890, 26, 417),
(891, 26, 418),
(893, 26, 419),
(894, 26, 420),
(895, 26, 421),
(898, 26, 422),
(897, 26, 424),
(884, 26, 425),
(1046, 26, 453),
(937, 27, 41),
(939, 27, 56),
(902, 27, 93),
(938, 27, 104),
(916, 27, 171),
(934, 27, 198),
(929, 27, 269),
(933, 27, 346),
(903, 27, 426),
(904, 27, 427),
(907, 27, 431),
(905, 27, 432),
(909, 27, 434),
(910, 27, 435),
(911, 27, 436),
(913, 27, 437),
(914, 27, 438),
(941, 27, 444),
(1053, 27, 452),
(1050, 27, 472),
(1051, 27, 473),
(1055, 27, 474),
(1052, 27, 475),
(1054, 27, 476),
(1057, 27, 478),
(1058, 27, 479),
(1059, 27, 480),
(2110, 27, 757),
(954, 28, 8),
(968, 28, 45),
(964, 28, 59),
(986, 28, 60),
(969, 28, 92),
(953, 28, 93),
(950, 28, 102),
(958, 28, 125),
(965, 28, 138),
(981, 28, 161),
(947, 28, 162),
(948, 28, 163),
(957, 28, 189),
(956, 28, 210),
(955, 28, 212),
(963, 28, 213),
(959, 28, 217),
(949, 28, 218),
(966, 28, 228),
(951, 28, 246),
(952, 28, 254),
(946, 28, 269),
(944, 28, 303),
(972, 28, 319),
(967, 28, 324),
(945, 28, 331),
(977, 28, 341),
(970, 28, 374),
(962, 28, 375),
(971, 28, 445),
(973, 28, 446),
(974, 28, 447),
(975, 28, 448),
(976, 28, 449),
(978, 28, 450),
(979, 28, 451),
(980, 28, 452),
(1048, 28, 453),
(2111, 28, 757),
(989, 29, 3),
(1000, 29, 4),
(998, 29, 8),
(996, 29, 15),
(1001, 29, 18),
(992, 29, 19),
(1007, 29, 20),
(994, 29, 21),
(1004, 29, 22),
(1049, 29, 25),
(1006, 29, 31),
(1013, 29, 38),
(1026, 29, 45),
(1024, 29, 61),
(1023, 29, 62),
(1002, 29, 67),
(1014, 29, 70),
(995, 29, 71),
(997, 29, 73),
(1011, 29, 76),
(1005, 29, 78),
(1022, 29, 81),
(1020, 29, 83),
(1018, 29, 113),
(1009, 29, 138),
(1016, 29, 150),
(1015, 29, 151),
(987, 29, 153),
(1019, 29, 160),
(1010, 29, 169),
(993, 29, 174),
(1003, 29, 217),
(1021, 29, 224),
(991, 29, 247),
(1025, 29, 322),
(999, 29, 323),
(990, 29, 331),
(988, 29, 339),
(1017, 29, 340),
(1012, 29, 341),
(1008, 29, 450),
(1044, 29, 453),
(1045, 29, 454),
(1027, 29, 455),
(1028, 29, 456),
(1029, 29, 457),
(1030, 29, 458),
(1031, 29, 459),
(1032, 29, 460),
(1033, 29, 461),
(1034, 29, 462),
(1035, 29, 463),
(1036, 29, 464),
(1037, 29, 465),
(1038, 29, 466),
(1039, 29, 467),
(1040, 29, 468),
(1041, 29, 469),
(1042, 29, 470),
(1043, 29, 471),
(1099, 30, 8),
(1100, 30, 18),
(1076, 30, 31),
(1061, 30, 37),
(1097, 30, 44),
(1084, 30, 45),
(1082, 30, 49),
(1098, 30, 54),
(1102, 30, 59),
(1092, 30, 63),
(1093, 30, 64),
(1085, 30, 68),
(1069, 30, 93),
(1062, 30, 101),
(1095, 30, 102),
(1107, 30, 104),
(1060, 30, 114),
(1079, 30, 115),
(1103, 30, 119),
(1077, 30, 137),
(1067, 30, 162),
(1094, 30, 163),
(1106, 30, 171),
(1078, 30, 198),
(1091, 30, 201),
(1080, 30, 203),
(1068, 30, 246),
(1088, 30, 247),
(1066, 30, 269),
(1075, 30, 309),
(1096, 30, 321),
(1086, 30, 331),
(1081, 30, 341),
(1073, 30, 346),
(1101, 30, 385),
(1090, 30, 426),
(1070, 30, 427),
(1065, 30, 431),
(1064, 30, 432),
(1074, 30, 434),
(1089, 30, 435),
(1071, 30, 436),
(1083, 30, 437),
(1063, 30, 448),
(1087, 30, 452),
(1105, 30, 453),
(1104, 30, 474),
(1072, 30, 475),
(1120, 30, 479),
(1108, 30, 481),
(1109, 30, 482),
(1110, 30, 483),
(1119, 30, 484),
(1111, 30, 485),
(1112, 30, 486),
(1114, 30, 487),
(1113, 30, 488),
(1115, 30, 489),
(1116, 30, 490),
(1117, 30, 491),
(1118, 30, 492),
(2112, 30, 757),
(1121, 31, 42),
(1131, 31, 44),
(1138, 31, 49),
(1125, 31, 68),
(1169, 31, 74),
(1136, 31, 78),
(1163, 31, 102),
(1160, 31, 112),
(1137, 31, 124),
(1157, 31, 150),
(1140, 31, 171),
(1139, 31, 179),
(1133, 31, 189),
(1141, 31, 203),
(1130, 31, 246),
(1132, 31, 287),
(1171, 31, 308),
(1134, 31, 309),
(1126, 31, 331),
(1124, 31, 448),
(1143, 31, 494),
(1144, 31, 495),
(1159, 31, 496),
(1156, 31, 497),
(1147, 31, 499),
(1148, 31, 500),
(1149, 31, 501),
(1150, 31, 502),
(1151, 31, 503),
(1152, 31, 504),
(1155, 31, 506),
(1161, 31, 508),
(1162, 31, 509),
(1164, 31, 510),
(1165, 31, 511),
(1166, 31, 512),
(1167, 31, 513),
(1168, 31, 514),
(1170, 31, 515),
(1182, 32, 15),
(1185, 32, 18),
(1180, 32, 19),
(1197, 32, 25),
(1210, 32, 26),
(1198, 32, 45),
(1204, 32, 57),
(1189, 32, 61),
(1205, 32, 62),
(1181, 32, 71),
(1195, 32, 76),
(1217, 32, 81),
(1200, 32, 93),
(1174, 32, 113),
(1172, 32, 116),
(1183, 32, 121),
(1206, 32, 125),
(1193, 32, 138),
(1192, 32, 150),
(1178, 32, 154),
(1209, 32, 159),
(1203, 32, 174),
(1219, 32, 193),
(1199, 32, 198),
(1184, 32, 249),
(1186, 32, 251),
(1191, 32, 279),
(1207, 32, 321),
(1190, 32, 322),
(1214, 32, 337),
(1213, 32, 339),
(1173, 32, 340),
(1187, 32, 360),
(1177, 32, 400),
(1175, 32, 459),
(1211, 32, 463),
(1194, 32, 466),
(1196, 32, 469),
(1201, 32, 502),
(1202, 32, 516),
(1208, 32, 517),
(1212, 32, 518),
(1218, 32, 520),
(1220, 32, 521),
(1221, 32, 522),
(1222, 32, 523),
(1223, 32, 524),
(1390, 32, 569),
(1233, 33, 8),
(1248, 33, 17),
(1231, 33, 18),
(1251, 33, 31),
(1234, 33, 61),
(1236, 33, 92),
(1227, 33, 93),
(1240, 33, 104),
(1224, 33, 112),
(1235, 33, 151),
(1239, 33, 171),
(1244, 33, 331),
(1246, 33, 346),
(1238, 33, 374),
(1253, 33, 392),
(1230, 33, 407),
(1245, 33, 426),
(1226, 33, 427),
(1242, 33, 432),
(1249, 33, 452),
(1237, 33, 453),
(1256, 33, 455),
(1247, 33, 457),
(1232, 33, 459),
(1250, 33, 481),
(1243, 33, 483),
(1225, 33, 525),
(1228, 33, 526),
(1229, 33, 527),
(1241, 33, 528),
(1254, 33, 529),
(1255, 33, 530),
(1257, 33, 531),
(2113, 33, 757),
(1297, 34, 20),
(1270, 34, 37),
(1311, 34, 57),
(1300, 34, 60),
(1267, 34, 62),
(1303, 34, 64),
(1272, 34, 73),
(1291, 34, 78),
(1268, 34, 81),
(1275, 34, 125),
(1392, 34, 138),
(1285, 34, 150),
(1302, 34, 152),
(1269, 34, 153),
(1280, 34, 159),
(1273, 34, 172),
(1312, 34, 174),
(1277, 34, 176),
(1306, 34, 184),
(1290, 34, 229),
(1274, 34, 247),
(1287, 34, 279),
(1271, 34, 290),
(1288, 34, 295),
(1307, 34, 310),
(1299, 34, 323),
(1282, 34, 340),
(1276, 34, 341),
(1308, 34, 347),
(1301, 34, 409),
(1289, 34, 450),
(1281, 34, 518),
(1286, 34, 529),
(1278, 34, 532),
(1279, 34, 533),
(1284, 34, 535),
(1283, 34, 536),
(1292, 34, 537),
(1293, 34, 538),
(1294, 34, 539),
(1296, 34, 541),
(1298, 34, 542),
(1310, 34, 543),
(1309, 34, 544),
(1441, 34, 586),
(1442, 34, 587),
(1351, 35, 31),
(1332, 35, 37),
(1358, 35, 41),
(1323, 35, 43),
(1313, 35, 44),
(1356, 35, 49),
(1362, 35, 51),
(1314, 35, 54),
(1340, 35, 63),
(1333, 35, 68),
(1360, 35, 104),
(1354, 35, 124),
(1327, 35, 125),
(1328, 35, 162),
(1349, 35, 163),
(1352, 35, 168),
(1359, 35, 171),
(1315, 35, 178),
(1324, 35, 198),
(1321, 35, 207),
(1364, 35, 228),
(1368, 35, 229),
(1347, 35, 241),
(1374, 35, 279),
(1322, 35, 303),
(1335, 35, 331),
(1331, 35, 340),
(1353, 35, 341),
(1330, 35, 365),
(1341, 35, 366),
(1334, 35, 399),
(1343, 35, 402),
(1325, 35, 452),
(1370, 35, 466),
(1372, 35, 470),
(1379, 35, 478),
(1336, 35, 483),
(1346, 35, 495),
(1348, 35, 497),
(1345, 35, 503),
(1326, 35, 504),
(1350, 35, 509),
(1316, 35, 545),
(1317, 35, 546),
(1318, 35, 547),
(1319, 35, 548),
(1361, 35, 549),
(1365, 35, 550),
(1366, 35, 551),
(1367, 35, 552),
(1371, 35, 554),
(1373, 35, 555),
(1378, 35, 556),
(1375, 35, 557),
(1376, 35, 558),
(1377, 35, 559),
(1394, 35, 561),
(1380, 35, 562),
(1381, 35, 563),
(1382, 35, 564),
(1383, 35, 565),
(1384, 35, 566),
(1385, 35, 567),
(1386, 35, 568),
(1387, 35, 569),
(2114, 35, 757),
(1416, 36, 18),
(1418, 36, 41),
(1406, 36, 44),
(1426, 36, 60),
(1409, 36, 67),
(1400, 36, 68),
(1413, 36, 78),
(1399, 36, 121),
(1420, 36, 127),
(1401, 36, 158),
(1427, 36, 161),
(1408, 36, 170),
(1419, 36, 171),
(1423, 36, 178),
(1428, 36, 179),
(1404, 36, 190),
(1402, 36, 240),
(1405, 36, 278),
(1403, 36, 335),
(1398, 36, 342),
(1425, 36, 360),
(1424, 36, 407),
(1421, 36, 455),
(1434, 36, 482),
(1422, 36, 495),
(1435, 36, 497),
(1437, 36, 571),
(1439, 36, 573),
(1440, 36, 574),
(1407, 36, 575),
(1410, 36, 576),
(1411, 36, 577),
(1412, 36, 578),
(1414, 36, 579),
(1415, 36, 580),
(1417, 36, 581),
(1429, 36, 582),
(1430, 36, 583),
(1432, 36, 585),
(1444, 37, 3),
(1457, 37, 8),
(1446, 37, 15),
(1462, 37, 17),
(1500, 37, 31),
(1530, 37, 45),
(1445, 37, 57),
(1526, 37, 58),
(1455, 37, 60),
(1488, 37, 62),
(1486, 37, 63),
(1515, 37, 68),
(1454, 37, 71),
(1525, 37, 72),
(1496, 37, 73),
(1474, 37, 81),
(1522, 37, 93),
(1459, 37, 116),
(1448, 37, 138),
(1533, 37, 150),
(1443, 37, 160),
(1491, 37, 162),
(1495, 37, 163),
(1532, 37, 171),
(1463, 37, 174),
(1450, 37, 175),
(1452, 37, 198),
(1484, 37, 217),
(1464, 37, 228),
(1458, 37, 233),
(1453, 37, 246),
(1517, 37, 250),
(1516, 37, 269),
(1523, 37, 287),
(1502, 37, 290),
(1504, 37, 292),
(1476, 37, 296),
(1498, 37, 297),
(1512, 37, 303),
(1520, 37, 321),
(1499, 37, 323),
(1508, 37, 324),
(1528, 37, 330),
(1480, 37, 331),
(1492, 37, 332),
(1483, 37, 333),
(1527, 37, 335),
(1501, 37, 337),
(1485, 37, 340),
(1507, 37, 341),
(1534, 37, 373),
(1470, 37, 399),
(1449, 37, 426),
(1510, 37, 450),
(1482, 37, 452),
(1531, 37, 453),
(1514, 37, 456),
(1472, 37, 457),
(1493, 37, 461),
(1524, 37, 465),
(1511, 37, 466),
(1529, 37, 469),
(1481, 37, 483),
(1518, 37, 499),
(1598, 37, 501),
(1456, 37, 502),
(1473, 37, 508),
(1513, 37, 510),
(1487, 37, 517),
(1489, 37, 521),
(1521, 37, 531),
(1519, 37, 533),
(1497, 37, 568),
(1451, 37, 586),
(1447, 37, 588),
(1460, 37, 589),
(1461, 37, 590),
(1465, 37, 591),
(1466, 37, 592),
(1477, 37, 593),
(1468, 37, 594),
(1467, 37, 595),
(1469, 37, 596),
(1471, 37, 597),
(1478, 37, 599),
(1479, 37, 600),
(1490, 37, 601),
(1494, 37, 602),
(1503, 37, 603),
(1505, 37, 604),
(1506, 37, 605),
(1509, 37, 606),
(2115, 37, 757),
(1592, 38, 5),
(1541, 38, 17),
(1542, 38, 18),
(1574, 38, 31),
(1577, 38, 32),
(1570, 38, 39),
(1569, 38, 52),
(1548, 38, 53),
(1594, 38, 60),
(1559, 38, 89),
(1544, 38, 92),
(1558, 38, 130),
(1595, 38, 131),
(1593, 38, 169),
(1566, 38, 185),
(1575, 38, 190),
(1561, 38, 196),
(1582, 38, 247),
(1567, 38, 251),
(1588, 38, 263),
(1539, 38, 270),
(1553, 38, 274),
(1580, 38, 278),
(1581, 38, 328),
(1547, 38, 341),
(1568, 38, 360),
(1546, 38, 374),
(1564, 38, 378),
(1557, 38, 380),
(1543, 38, 392),
(1540, 38, 407),
(1556, 38, 415),
(1552, 38, 425),
(1554, 38, 434),
(1545, 38, 453),
(1571, 38, 464),
(1535, 38, 482),
(1537, 38, 525),
(1586, 38, 526),
(1572, 38, 583),
(1536, 38, 607),
(1538, 38, 608),
(1549, 38, 609),
(1550, 38, 610),
(1551, 38, 611),
(1585, 38, 612),
(1555, 38, 613),
(1560, 38, 614),
(1562, 38, 615),
(1563, 38, 616),
(1565, 38, 617),
(1573, 38, 618),
(1576, 38, 619),
(1578, 38, 620),
(1579, 38, 621),
(1583, 38, 622),
(1584, 38, 623),
(1587, 38, 624),
(1591, 38, 625),
(1596, 38, 626),
(1597, 38, 627),
(1636, 38, 641),
(1637, 38, 642),
(1638, 38, 643),
(2162, 38, 788),
(1615, 39, 43),
(1629, 39, 92),
(1868, 39, 93),
(1633, 39, 121),
(1626, 39, 125),
(1631, 39, 171),
(1607, 39, 196),
(1865, 39, 198),
(1625, 39, 259),
(1864, 39, 269),
(1599, 39, 290),
(1698, 39, 291),
(1610, 39, 292),
(1605, 39, 341),
(1612, 39, 378),
(1601, 39, 386),
(1863, 39, 426),
(1866, 39, 431),
(1869, 39, 432),
(1622, 39, 448),
(1604, 39, 452),
(1630, 39, 453),
(1600, 39, 482),
(1616, 39, 503),
(1867, 39, 531),
(1619, 39, 565),
(1632, 39, 582),
(1613, 39, 583),
(1611, 39, 590),
(1621, 39, 593),
(1627, 39, 603),
(1634, 39, 604),
(1608, 39, 620),
(1602, 39, 628),
(1603, 39, 629),
(1606, 39, 630),
(1609, 39, 631),
(1614, 39, 632),
(1618, 39, 633),
(1617, 39, 634),
(1620, 39, 635),
(1623, 39, 636),
(1624, 39, 638),
(1628, 39, 639),
(1635, 39, 640),
(1700, 39, 657),
(1699, 39, 658),
(1708, 39, 659),
(1701, 39, 660),
(2116, 39, 757),
(1688, 40, 3),
(1650, 40, 14),
(1661, 40, 15),
(1694, 40, 16),
(1712, 40, 18),
(1664, 40, 19),
(1652, 40, 20),
(1659, 40, 21),
(1689, 40, 25),
(1721, 40, 26),
(1653, 40, 38),
(1646, 40, 57),
(1651, 40, 58),
(1729, 40, 67),
(1732, 40, 69),
(1654, 40, 70),
(1675, 40, 71),
(1697, 40, 73),
(1647, 40, 75),
(1726, 40, 113),
(1640, 40, 116),
(1665, 40, 125),
(1692, 40, 150),
(1690, 40, 151),
(1660, 40, 172),
(1709, 40, 173),
(1644, 40, 174),
(1648, 40, 175),
(1715, 40, 196),
(1676, 40, 198),
(1656, 40, 279),
(1717, 40, 324),
(1696, 40, 331),
(1687, 40, 333),
(1703, 40, 334),
(1657, 40, 341),
(1686, 40, 354),
(1669, 40, 400),
(1691, 40, 453),
(1730, 40, 462),
(1658, 40, 466),
(1723, 40, 467),
(1683, 40, 501),
(1667, 40, 502),
(1645, 40, 517),
(1642, 40, 522),
(1684, 40, 538),
(1678, 40, 539),
(1733, 40, 542),
(1724, 40, 569),
(1685, 40, 587),
(1662, 40, 602),
(1649, 40, 604),
(1655, 40, 645),
(1668, 40, 646),
(1670, 40, 647),
(1671, 40, 648),
(1673, 40, 650),
(1674, 40, 651),
(1679, 40, 653),
(1681, 40, 654),
(1682, 40, 655),
(1695, 40, 656),
(1702, 40, 661),
(1704, 40, 662),
(1705, 40, 663),
(1706, 40, 664),
(1707, 40, 665),
(1710, 40, 666),
(1711, 40, 667),
(1713, 40, 668),
(1714, 40, 669),
(1719, 40, 670),
(1716, 40, 671),
(1718, 40, 672),
(1720, 40, 673),
(1722, 40, 674),
(1725, 40, 675),
(1727, 40, 676),
(1728, 40, 677),
(1731, 40, 678),
(1938, 41, 18),
(1769, 41, 92),
(1766, 41, 93),
(1745, 41, 98),
(1760, 41, 130),
(1772, 41, 132),
(1759, 41, 169),
(1735, 41, 230),
(1757, 41, 253),
(1771, 41, 254),
(1748, 41, 261),
(1750, 41, 269),
(1761, 41, 278),
(1768, 41, 328),
(1773, 41, 331),
(1778, 41, 335),
(1741, 41, 341),
(1777, 41, 342),
(1767, 41, 346),
(1739, 41, 386),
(1751, 41, 426),
(1765, 41, 427),
(2068, 41, 435),
(1775, 41, 437),
(1770, 41, 453),
(1926, 41, 480),
(1754, 41, 481),
(1737, 41, 482),
(1755, 41, 486),
(1742, 41, 525),
(1749, 41, 593),
(1752, 41, 628),
(1734, 41, 679),
(1736, 41, 680),
(1738, 41, 681),
(1743, 41, 683),
(1746, 41, 684),
(1747, 41, 685),
(1753, 41, 686),
(1758, 41, 688),
(1774, 41, 691),
(1927, 41, 704),
(1932, 41, 725),
(1930, 41, 726),
(1933, 41, 727),
(1934, 41, 728),
(1931, 41, 729),
(1929, 41, 730),
(1935, 41, 731),
(1936, 41, 732),
(1937, 41, 733),
(2117, 41, 757),
(1851, 42, 25),
(1803, 42, 31),
(1838, 42, 57),
(1845, 42, 62),
(1811, 42, 81),
(1806, 42, 93),
(1808, 42, 102),
(1812, 42, 112),
(1833, 42, 115),
(1825, 42, 116),
(1848, 42, 125),
(1852, 42, 150),
(1805, 42, 162),
(1807, 42, 198),
(1842, 42, 247),
(1844, 42, 269),
(1802, 42, 279),
(1849, 42, 292),
(1800, 42, 295),
(1861, 42, 310),
(1824, 42, 323),
(1834, 42, 331),
(1854, 42, 339),
(1840, 42, 340),
(1850, 42, 341),
(1819, 42, 346),
(1858, 42, 347),
(1922, 42, 385),
(1855, 42, 400),
(1814, 42, 404),
(1818, 42, 427),
(1843, 42, 431),
(1835, 42, 432),
(1921, 42, 434),
(1924, 42, 436),
(1801, 42, 452),
(1853, 42, 453),
(1919, 42, 474),
(1857, 42, 475),
(1839, 42, 480),
(1841, 42, 482),
(1820, 42, 485),
(1837, 42, 486),
(1822, 42, 490),
(1846, 42, 499),
(1813, 42, 508),
(1828, 42, 521),
(1823, 42, 525),
(1847, 42, 531),
(1830, 42, 562),
(1804, 42, 571),
(1829, 42, 587),
(1810, 42, 590),
(1856, 42, 600),
(1831, 42, 603),
(1836, 42, 628),
(1815, 42, 666),
(1809, 42, 682),
(1816, 42, 699),
(1817, 42, 700),
(1821, 42, 701),
(1826, 42, 702),
(1832, 42, 703),
(1859, 42, 704),
(1860, 42, 705),
(1862, 42, 706),
(1917, 42, 720),
(1918, 42, 721),
(1920, 42, 722),
(1923, 42, 723),
(1925, 42, 724),
(2118, 42, 757),
(1893, 43, 31),
(1887, 43, 102),
(1911, 43, 218),
(1915, 43, 228),
(1877, 43, 231),
(1875, 43, 245),
(1870, 43, 246),
(1872, 43, 247),
(1901, 43, 269),
(1880, 43, 290),
(2261, 43, 308),
(1905, 43, 319),
(1912, 43, 331),
(1881, 43, 341),
(1876, 43, 347),
(1899, 43, 432),
(1897, 43, 434),
(1890, 43, 437),
(1871, 43, 448),
(1908, 43, 449),
(1900, 43, 452),
(1904, 43, 453),
(1889, 43, 480),
(1895, 43, 490),
(1910, 43, 513),
(1916, 43, 588),
(1909, 43, 591),
(1898, 43, 599),
(1873, 43, 600),
(1906, 43, 603),
(1913, 43, 604),
(1914, 43, 614),
(1902, 43, 688),
(1891, 43, 700),
(1894, 43, 704),
(1874, 43, 707),
(1879, 43, 709),
(1882, 43, 710),
(1883, 43, 711),
(1885, 43, 713),
(1886, 43, 714),
(1892, 43, 716),
(1896, 43, 717),
(1903, 43, 718),
(1907, 43, 719),
(2119, 43, 757),
(1940, 44, 31),
(1994, 44, 42),
(1953, 44, 45),
(1990, 44, 60),
(1959, 44, 67),
(1945, 44, 92),
(1971, 44, 94),
(1941, 44, 98),
(1942, 44, 99),
(1979, 44, 100),
(1955, 44, 101),
(1948, 44, 102),
(1961, 44, 132),
(1949, 44, 169),
(1946, 44, 196),
(1952, 44, 198),
(1944, 44, 215),
(1939, 44, 218),
(1970, 44, 228),
(1950, 44, 246),
(1996, 44, 319),
(1978, 44, 320),
(1943, 44, 324),
(1982, 44, 331),
(1969, 44, 341),
(1993, 44, 374),
(1958, 44, 393),
(1991, 44, 432),
(1989, 44, 448),
(1987, 44, 452),
(1986, 44, 475),
(1981, 44, 481),
(1973, 44, 516),
(1992, 44, 571),
(1988, 44, 614),
(1964, 44, 615),
(1972, 44, 617),
(1951, 44, 623),
(1985, 44, 628),
(1983, 44, 691),
(1960, 44, 704),
(1967, 44, 707),
(1984, 44, 717),
(1947, 44, 734),
(1954, 44, 735),
(1956, 44, 736),
(1957, 44, 737),
(1962, 44, 738),
(1963, 44, 739),
(1966, 44, 740),
(1968, 44, 741),
(1974, 44, 742),
(1976, 44, 744),
(1977, 44, 745),
(1980, 44, 746),
(1995, 44, 747),
(2120, 44, 757),
(2401, 44, 827),
(2042, 45, 18),
(2006, 45, 37),
(2047, 45, 41),
(2019, 45, 43),
(1997, 45, 44),
(2049, 45, 45),
(2028, 45, 49),
(2041, 45, 52),
(2014, 45, 115),
(2034, 45, 150),
(2043, 45, 167),
(2038, 45, 169),
(2016, 45, 171),
(2029, 45, 210),
(2037, 45, 250),
(2036, 45, 259),
(2026, 45, 278),
(2011, 45, 321),
(2005, 45, 341),
(2048, 45, 346),
(2018, 45, 368),
(2024, 45, 386),
(2007, 45, 399),
(2044, 45, 408),
(2012, 45, 409),
(2022, 45, 411),
(2015, 45, 425),
(2003, 45, 431),
(2025, 45, 434),
(2046, 45, 436),
(2051, 45, 453),
(2009, 45, 475),
(2027, 45, 481),
(2017, 45, 482),
(2020, 45, 503),
(2008, 45, 504),
(2035, 45, 525),
(2050, 45, 562),
(2040, 45, 565),
(2001, 45, 607),
(2021, 45, 636),
(2004, 45, 688),
(2045, 45, 700),
(2013, 45, 704),
(2010, 45, 730),
(2000, 45, 748),
(1999, 45, 749),
(2023, 45, 751),
(2032, 45, 752),
(2030, 45, 753),
(2031, 45, 754),
(2033, 45, 755),
(2039, 45, 756),
(2121, 45, 757),
(2141, 46, 4),
(2157, 46, 18),
(2074, 46, 31),
(2081, 46, 41),
(2065, 46, 53),
(2138, 46, 89),
(2149, 46, 98),
(2128, 46, 112),
(2079, 46, 113),
(2059, 46, 114),
(2103, 46, 115),
(2131, 46, 120),
(2126, 46, 121),
(2152, 46, 196),
(2096, 46, 203),
(2143, 46, 219),
(2144, 46, 222),
(2086, 46, 247),
(2073, 46, 278),
(2104, 46, 315),
(2078, 46, 319),
(2132, 46, 331),
(2054, 46, 335),
(2083, 46, 341),
(2146, 46, 360),
(2061, 46, 374),
(2148, 46, 385),
(2136, 46, 386),
(2145, 46, 407),
(2095, 46, 426),
(2133, 46, 432),
(2066, 46, 434),
(2067, 46, 435),
(2129, 46, 448),
(2094, 46, 452),
(2090, 46, 473),
(2134, 46, 475),
(2076, 46, 480),
(2052, 46, 482),
(2147, 46, 490),
(2140, 46, 502),
(2082, 46, 509),
(2093, 46, 525),
(2088, 46, 555),
(2142, 46, 580),
(2089, 46, 586),
(2130, 46, 592),
(2085, 46, 593),
(2084, 46, 600),
(2099, 46, 607),
(2154, 46, 618),
(2056, 46, 619),
(2070, 46, 645),
(2139, 46, 682),
(2137, 46, 686),
(2135, 46, 688),
(2058, 46, 691),
(2053, 46, 757),
(2055, 46, 758),
(2057, 46, 759),
(2062, 46, 761),
(2069, 46, 762),
(2063, 46, 763),
(2071, 46, 765),
(2072, 46, 766),
(2075, 46, 768),
(2092, 46, 769),
(2097, 46, 770),
(2098, 46, 771),
(2100, 46, 772),
(2101, 46, 773),
(2102, 46, 774),
(2122, 46, 776),
(2123, 46, 777),
(2159, 46, 778),
(2124, 46, 779),
(2125, 46, 780),
(2127, 46, 781),
(2158, 46, 782),
(2150, 46, 783),
(2151, 46, 784),
(2155, 46, 786),
(2160, 46, 788),
(2161, 46, 789),
(2235, 47, 18),
(2183, 47, 31),
(2205, 47, 41),
(2184, 47, 45),
(2214, 47, 49),
(2189, 47, 53),
(2168, 47, 63),
(2342, 47, 67),
(2245, 47, 68),
(2198, 47, 74),
(2221, 47, 93),
(2164, 47, 102),
(2208, 47, 104),
(2218, 47, 115),
(2213, 47, 118),
(2188, 47, 138),
(2209, 47, 150),
(2163, 47, 156),
(2260, 47, 161),
(2207, 47, 171),
(2230, 47, 180),
(2185, 47, 193),
(2200, 47, 198),
(2206, 47, 199),
(2344, 47, 214),
(2222, 47, 235),
(2196, 47, 246),
(2249, 47, 247),
(2341, 47, 251),
(2242, 47, 269),
(2244, 47, 303),
(2204, 47, 315),
(2259, 47, 335),
(2250, 47, 340),
(2212, 47, 341),
(2256, 47, 346),
(2197, 47, 379),
(2199, 47, 396),
(2192, 47, 405),
(2219, 47, 410),
(2339, 47, 426),
(2254, 47, 427),
(2255, 47, 436),
(2338, 47, 448),
(2201, 47, 450),
(2179, 47, 452),
(2337, 47, 459),
(2171, 47, 474),
(2170, 47, 475),
(2187, 47, 476),
(2224, 47, 480),
(2220, 47, 482),
(2181, 47, 504),
(2343, 47, 567),
(2165, 47, 573),
(2172, 47, 599),
(2176, 47, 600),
(2232, 47, 603),
(2226, 47, 614),
(2177, 47, 628),
(2169, 47, 650),
(2233, 47, 662),
(2178, 47, 678),
(2195, 47, 682),
(2186, 47, 710),
(2173, 47, 717),
(2258, 47, 720),
(2180, 47, 757),
(2174, 47, 759),
(2202, 47, 765),
(2225, 47, 774),
(2175, 47, 779),
(2166, 47, 790),
(2193, 47, 792),
(2194, 47, 793),
(2203, 47, 794),
(2223, 47, 795),
(2227, 47, 796),
(2231, 47, 797),
(2238, 47, 798),
(2239, 47, 799),
(2240, 47, 800),
(2241, 47, 801),
(2246, 47, 802),
(2340, 47, 822),
(2345, 47, 823),
(2294, 48, 15),
(2307, 48, 18),
(2273, 48, 25),
(2311, 48, 38),
(2292, 48, 48),
(2264, 48, 52),
(2278, 48, 57),
(2279, 48, 62),
(2312, 48, 63),
(2313, 48, 64),
(2290, 48, 68),
(2276, 48, 77),
(2316, 48, 80),
(2304, 48, 81),
(2293, 48, 82),
(2295, 48, 83),
(2274, 48, 150),
(2266, 48, 153),
(2306, 48, 158),
(2287, 48, 159),
(2271, 48, 167),
(2289, 48, 169),
(2315, 48, 171),
(2310, 48, 174),
(2297, 48, 185),
(2332, 48, 222),
(2335, 48, 282),
(2263, 48, 295),
(2319, 48, 301),
(2302, 48, 339),
(2303, 48, 341),
(2284, 48, 342),
(2298, 48, 380),
(2300, 48, 381),
(2305, 48, 384),
(2268, 48, 386),
(2275, 48, 387),
(2288, 48, 388),
(2314, 48, 389),
(2333, 48, 407),
(2262, 48, 409),
(2321, 48, 427),
(2334, 48, 465),
(2269, 48, 481),
(2272, 48, 482),
(2267, 48, 495),
(2328, 48, 497),
(2317, 48, 502),
(2309, 48, 518),
(2326, 48, 573),
(2291, 48, 580),
(2299, 48, 587),
(2323, 48, 602),
(2286, 48, 722),
(2280, 48, 752),
(2265, 48, 803),
(2283, 48, 804),
(2270, 48, 805),
(2277, 48, 806),
(2281, 48, 807),
(2282, 48, 808),
(2296, 48, 809),
(2301, 48, 810),
(2308, 48, 811),
(2318, 48, 812),
(2320, 48, 813),
(2322, 48, 814),
(2324, 48, 815),
(2325, 48, 816),
(2327, 48, 817),
(2329, 48, 818),
(2336, 48, 819),
(2330, 48, 820),
(2331, 48, 821),
(2495, 49, 31),
(2496, 49, 45),
(2365, 49, 52),
(2381, 49, 92),
(2379, 49, 93),
(2375, 49, 125),
(2349, 49, 138),
(2406, 49, 150),
(2350, 49, 198),
(2374, 49, 217),
(2377, 49, 228),
(2391, 49, 247),
(2353, 49, 250),
(2393, 49, 252),
(2361, 49, 269),
(2378, 49, 330),
(2357, 49, 331),
(2372, 49, 341),
(2366, 49, 426),
(2362, 49, 432),
(2492, 49, 434),
(2390, 49, 435),
(2493, 49, 437),
(2363, 49, 438),
(2370, 49, 452),
(2382, 49, 453),
(2490, 49, 472),
(2358, 49, 474),
(2371, 49, 475),
(2491, 49, 480),
(2403, 49, 571),
(2356, 49, 599),
(2368, 49, 691),
(2497, 49, 704),
(2360, 49, 757),
(2387, 49, 778),
(2359, 49, 779),
(2404, 49, 790),
(2395, 49, 803),
(2351, 49, 805),
(2348, 49, 824),
(2352, 49, 825),
(2355, 49, 826),
(2399, 49, 827),
(2408, 49, 828),
(2494, 49, 839),
(2498, 49, 840),
(2499, 49, 841),
(2500, 49, 842),
(2454, 50, 8),
(2413, 50, 17),
(2419, 50, 18),
(2429, 50, 31),
(2456, 50, 39),
(2439, 50, 60),
(2488, 50, 61),
(2412, 50, 68),
(2437, 50, 72),
(2443, 50, 92),
(2447, 50, 104),
(2472, 50, 125),
(2434, 50, 168),
(2436, 50, 169),
(2446, 50, 171),
(2418, 50, 185),
(2450, 50, 188),
(2484, 50, 192),
(2482, 50, 196),
(2455, 50, 198),
(2425, 50, 217),
(2421, 50, 222),
(2417, 50, 238),
(2487, 50, 246),
(2415, 50, 250),
(2422, 50, 251),
(2448, 50, 319),
(2483, 50, 328),
(2452, 50, 331),
(2467, 50, 341),
(2424, 50, 360),
(2445, 50, 374),
(2431, 50, 385),
(2459, 50, 386),
(2449, 50, 392),
(2423, 50, 407),
(2442, 50, 425),
(2469, 50, 450),
(2444, 50, 453),
(2477, 50, 459),
(2458, 50, 481),
(2451, 50, 482),
(2480, 50, 530),
(2481, 50, 571),
(2462, 50, 582),
(2430, 50, 583),
(2453, 50, 600),
(2440, 50, 605),
(2411, 50, 607),
(2435, 50, 611),
(2432, 50, 612),
(2414, 50, 614),
(2465, 50, 615),
(2463, 50, 617),
(2433, 50, 620),
(2420, 50, 622),
(2466, 50, 624),
(2410, 50, 626),
(2416, 50, 643),
(2479, 50, 727),
(2438, 50, 745),
(2426, 50, 781),
(2468, 50, 788),
(2441, 50, 797),
(2478, 50, 799),
(2457, 50, 829),
(2460, 50, 830),
(2461, 50, 831),
(2471, 50, 834),
(2473, 50, 835),
(2476, 50, 836),
(2485, 50, 837),
(2486, 50, 838),
(2507, 51, 1),
(2526, 51, 5),
(2524, 51, 8),
(2536, 51, 12),
(2519, 51, 31),
(2556, 51, 33),
(2554, 51, 36),
(2508, 51, 37),
(2521, 51, 106),
(2525, 51, 112),
(2532, 51, 151),
(2518, 51, 233),
(2551, 51, 247),
(2540, 51, 250),
(2501, 51, 270),
(2541, 51, 273),
(2555, 51, 328),
(2512, 51, 341),
(2515, 51, 365),
(2509, 51, 366),
(2553, 51, 386),
(2529, 51, 412),
(2502, 51, 413),
(2510, 51, 414),
(2528, 51, 415),
(2516, 51, 416),
(2527, 51, 417),
(2543, 51, 418),
(2545, 51, 421),
(2530, 51, 422),
(2547, 51, 424),
(2505, 51, 450),
(2533, 51, 453),
(2550, 51, 474),
(2548, 51, 482),
(2557, 51, 501),
(2546, 51, 557),
(2504, 51, 562),
(2549, 51, 600),
(2542, 51, 723),
(2544, 51, 724),
(2511, 51, 830),
(2503, 51, 843),
(2513, 51, 844),
(2514, 51, 845),
(2523, 51, 847),
(2538, 51, 848),
(2539, 51, 849),
(2537, 51, 850),
(2558, 51, 852),
(2559, 51, 853),
(2560, 51, 854),
(2567, 52, 18),
(2610, 52, 39),
(2577, 52, 41),
(2565, 52, 44),
(2587, 52, 45),
(2575, 52, 49),
(2607, 52, 54),
(2570, 52, 59),
(2568, 52, 100),
(2562, 52, 121),
(2573, 52, 124),
(2571, 52, 138),
(2613, 52, 168),
(2597, 52, 169),
(2606, 52, 178),
(2601, 52, 179),
(2618, 52, 183),
(2574, 52, 226),
(2582, 52, 233),
(2569, 52, 239),
(2564, 52, 241),
(2572, 52, 245),
(2627, 52, 247),
(2609, 52, 249),
(2605, 52, 250),
(2620, 52, 251),
(2566, 52, 309),
(2583, 52, 329),
(2623, 52, 331),
(2598, 52, 354),
(2612, 52, 360),
(2599, 52, 386),
(2628, 52, 426),
(2625, 52, 452),
(2576, 52, 453),
(2604, 52, 459),
(2585, 52, 465),
(2579, 52, 466),
(2624, 52, 483),
(2595, 52, 504),
(2596, 52, 506),
(2594, 52, 552),
(2580, 52, 571),
(2588, 52, 574),
(2592, 52, 580),
(2621, 52, 600),
(2619, 52, 614),
(2584, 52, 617),
(2581, 52, 682),
(2622, 52, 772),
(2626, 52, 780),
(2611, 52, 826),
(2563, 52, 855),
(2578, 52, 856),
(2586, 52, 857),
(2589, 52, 858),
(2590, 52, 859),
(2591, 52, 860),
(2614, 52, 861),
(2608, 52, 862),
(2600, 52, 863),
(2602, 52, 864),
(2603, 52, 865),
(2642, 53, 93),
(2645, 53, 114),
(2660, 53, 199),
(2658, 53, 269),
(2643, 53, 278),
(2654, 53, 341),
(2630, 53, 346),
(2665, 53, 385),
(2637, 53, 426),
(2641, 53, 427),
(2647, 53, 452),
(2650, 53, 453),
(2653, 53, 459),
(2633, 53, 474),
(2636, 53, 475),
(2638, 53, 482),
(2640, 53, 484),
(2632, 53, 485),
(2631, 53, 486),
(2629, 53, 490),
(2663, 53, 682),
(2644, 53, 683),
(2635, 53, 688),
(2649, 53, 700),
(2648, 53, 704),
(2634, 53, 730),
(2646, 53, 756),
(2664, 53, 765),
(2639, 53, 866),
(2652, 53, 867),
(2655, 53, 868),
(2656, 53, 869),
(2657, 53, 870),
(2659, 53, 871),
(2661, 53, 872),
(2667, 53, 874),
(2666, 53, 875),
(2668, 53, 876),
(2743, 54, 14),
(2671, 54, 15),
(2705, 54, 18),
(2679, 54, 31),
(2706, 54, 53),
(2670, 54, 57),
(2711, 54, 58),
(2681, 54, 60),
(2677, 54, 62),
(2701, 54, 68),
(2686, 54, 71),
(2700, 54, 78),
(2731, 54, 81),
(2669, 54, 102),
(2726, 54, 115),
(2716, 54, 121),
(2709, 54, 150),
(2735, 54, 156),
(2680, 54, 161),
(2718, 54, 165),
(2746, 54, 171),
(2729, 54, 175),
(2736, 54, 184),
(2745, 54, 189),
(2691, 54, 203),
(2712, 54, 246),
(2699, 54, 323),
(2690, 54, 341),
(2722, 54, 360),
(2672, 54, 400),
(2684, 54, 434),
(2675, 54, 435),
(2683, 54, 448),
(2685, 54, 452),
(2710, 54, 453),
(2730, 54, 457),
(2728, 54, 466),
(2703, 54, 469),
(2687, 54, 502),
(2693, 54, 526),
(2741, 54, 529),
(2689, 54, 531),
(2733, 54, 532),
(2678, 54, 533),
(2673, 54, 614),
(2734, 54, 656),
(2697, 54, 662),
(2738, 54, 704),
(2739, 54, 707),
(2676, 54, 717),
(2732, 54, 739),
(2682, 54, 745),
(2714, 54, 759),
(2740, 54, 790),
(2707, 54, 796),
(2742, 54, 798),
(2737, 54, 804),
(2744, 54, 823),
(2692, 54, 878),
(2695, 54, 879),
(2698, 54, 881),
(2702, 54, 882),
(2747, 54, 884),
(2751, 54, 885),
(2748, 54, 886),
(2749, 54, 887),
(2750, 54, 888),
(2778, 55, 4),
(2792, 55, 18),
(2811, 55, 39),
(2777, 55, 82),
(2780, 55, 92),
(2813, 55, 104),
(2760, 55, 115),
(2790, 55, 120),
(2774, 55, 121),
(2781, 55, 130),
(2759, 55, 165),
(2794, 55, 171),
(2799, 55, 247),
(2801, 55, 249),
(2783, 55, 250),
(2765, 55, 307),
(2788, 55, 324),
(2763, 55, 358),
(2757, 55, 360),
(2779, 55, 370),
(2820, 55, 375),
(2786, 55, 455),
(2754, 55, 482),
(2755, 55, 525),
(2812, 55, 571),
(2771, 55, 578),
(2789, 55, 580),
(2807, 55, 582),
(2756, 55, 583),
(2797, 55, 600),
(2758, 55, 607),
(2810, 55, 608),
(2791, 55, 613),
(2793, 55, 619),
(2800, 55, 623),
(2818, 55, 625),
(2772, 55, 630),
(2814, 55, 632),
(2762, 55, 636),
(2782, 55, 678),
(2785, 55, 757),
(2819, 55, 758),
(2803, 55, 759),
(2804, 55, 761),
(2798, 55, 772),
(2806, 55, 776),
(2816, 55, 779),
(2766, 55, 780),
(2817, 55, 782),
(2787, 55, 794),
(2815, 55, 800),
(2805, 55, 842),
(2752, 55, 889),
(2753, 55, 890),
(2761, 55, 891),
(2767, 55, 892),
(2775, 55, 893),
(2776, 55, 894),
(2784, 55, 895),
(2808, 55, 896),
(2802, 55, 897),
(2795, 55, 898),
(2796, 55, 899),
(2853, 56, 4),
(2871, 56, 17),
(2821, 56, 18),
(2826, 56, 31),
(2831, 56, 40),
(2840, 56, 53),
(2906, 56, 60),
(2877, 56, 62),
(2896, 56, 63),
(2878, 56, 64),
(2868, 56, 67),
(2889, 56, 70),
(2838, 56, 82),
(2879, 56, 89),
(2885, 56, 92),
(2859, 56, 98),
(2870, 56, 114),
(2846, 56, 115),
(2880, 56, 121),
(2867, 56, 131),
(2884, 56, 132),
(2887, 56, 150),
(2888, 56, 169),
(2886, 56, 171),
(2830, 56, 175),
(2860, 56, 196),
(2866, 56, 246),
(2882, 56, 249),
(2876, 56, 250),
(2902, 56, 251),
(2873, 56, 252),
(2898, 56, 254),
(2852, 56, 259),
(2901, 56, 275),
(2842, 56, 278),
(2844, 56, 290),
(2905, 56, 292),
(2855, 56, 309),
(2847, 56, 328),
(2892, 56, 335),
(2856, 56, 342),
(2904, 56, 344),
(2875, 56, 382),
(2897, 56, 393),
(2903, 56, 407),
(2894, 56, 453),
(2829, 56, 455),
(2863, 56, 502),
(2893, 56, 525),
(2825, 56, 533),
(2858, 56, 571),
(2828, 56, 573),
(2865, 56, 578),
(2862, 56, 580),
(2883, 56, 583),
(2841, 56, 586),
(2895, 56, 599),
(2850, 56, 600),
(2890, 56, 606),
(2869, 56, 607),
(2874, 56, 614),
(2845, 56, 615),
(2857, 56, 620),
(2854, 56, 622),
(2843, 56, 624),
(2900, 56, 656),
(2827, 56, 744),
(2839, 56, 758),
(2899, 56, 759),
(2872, 56, 778),
(2823, 56, 781),
(2832, 56, 800),
(2837, 56, 801),
(2864, 56, 841),
(2822, 56, 900),
(2824, 56, 901),
(2833, 56, 902),
(2835, 56, 904),
(2836, 56, 905),
(2848, 56, 906),
(2849, 56, 907),
(2881, 56, 908),
(2851, 56, 909),
(2861, 56, 910),
(2891, 56, 911),
(2965, 57, 1),
(2914, 57, 31),
(2916, 57, 67),
(2934, 57, 74),
(2912, 57, 89),
(2947, 57, 92),
(2925, 57, 98),
(2954, 57, 130),
(2938, 57, 131),
(2942, 57, 169),
(2928, 57, 185),
(2949, 57, 199),
(2921, 57, 248),
(2956, 57, 250),
(2957, 57, 251),
(2929, 57, 252),
(2923, 57, 253),
(2909, 57, 254),
(2913, 57, 255),
(2920, 57, 268),
(2953, 57, 270),
(2970, 57, 271),
(2963, 57, 278),
(2950, 57, 315),
(2959, 57, 328),
(2952, 57, 335),
(2958, 57, 344),
(2964, 57, 393),
(2908, 57, 415),
(2933, 57, 425),
(2948, 57, 453),
(2918, 57, 455),
(2960, 57, 482),
(2911, 57, 525),
(2910, 57, 573),
(2917, 57, 600),
(2919, 57, 607),
(2932, 57, 621),
(2922, 57, 624),
(2935, 57, 691),
(2967, 57, 741),
(2926, 57, 752),
(2927, 57, 754),
(2971, 57, 757),
(2936, 57, 780),
(2969, 57, 837),
(2939, 57, 900),
(2915, 57, 905),
(2924, 57, 913),
(2930, 57, 914),
(2931, 57, 915),
(2940, 57, 916),
(2941, 57, 917),
(2943, 57, 918),
(2944, 57, 919),
(2951, 57, 921),
(2961, 57, 922),
(2962, 57, 923),
(2966, 57, 924),
(2968, 57, 925),
(2992, 58, 1),
(3020, 58, 5),
(2980, 58, 10),
(2995, 58, 12),
(3014, 58, 53),
(3016, 58, 93),
(2991, 58, 104),
(3010, 58, 114),
(2990, 58, 151),
(3007, 58, 177),
(3002, 58, 269),
(2972, 58, 270),
(3000, 58, 412),
(2987, 58, 421),
(2989, 58, 425),
(3005, 58, 426),
(3015, 58, 431),
(3003, 58, 432),
(3009, 58, 436),
(3022, 58, 437),
(3017, 58, 453),
(2998, 58, 455),
(3004, 58, 473),
(3006, 58, 475),
(2994, 58, 480),
(2985, 58, 491),
(2997, 58, 525),
(2974, 58, 526),
(2977, 58, 530),
(3013, 58, 600),
(2973, 58, 607),
(2978, 58, 688),
(3011, 58, 723),
(2979, 58, 757),
(2976, 58, 770),
(3023, 58, 771),
(2975, 58, 776),
(3012, 58, 778),
(3021, 58, 811),
(2984, 58, 848),
(2999, 58, 925),
(2986, 58, 926),
(2993, 58, 927),
(3008, 58, 928),
(3019, 58, 929),
(3024, 58, 930),
(3071, 59, 8),
(3039, 59, 31),
(3029, 59, 37),
(3036, 59, 68),
(3060, 59, 92),
(3055, 59, 94),
(3049, 59, 100),
(3051, 59, 102),
(3025, 59, 115),
(3031, 59, 162),
(3070, 59, 163),
(3041, 59, 171),
(3054, 59, 189),
(3032, 59, 198),
(3059, 59, 203),
(3077, 59, 212),
(3079, 59, 217),
(3026, 59, 246),
(3078, 59, 247),
(3050, 59, 254),
(3058, 59, 321),
(3065, 59, 341),
(3146, 59, 374),
(3069, 59, 402),
(3075, 59, 408),
(3063, 59, 432),
(3043, 59, 450),
(3045, 59, 452),
(3061, 59, 453),
(3042, 59, 459),
(3067, 59, 474),
(3057, 59, 475),
(3073, 59, 476),
(3038, 59, 479),
(3144, 59, 501),
(3040, 59, 502),
(3056, 59, 525),
(3064, 59, 599),
(3066, 59, 600),
(3046, 59, 614),
(3074, 59, 615),
(3033, 59, 620),
(3052, 59, 720),
(3047, 59, 742),
(3053, 59, 748),
(3027, 59, 759),
(3028, 59, 776),
(3044, 59, 781),
(3048, 59, 790),
(3080, 59, 798),
(3035, 59, 841),
(3076, 59, 872),
(3062, 59, 876),
(3068, 59, 885),
(3030, 59, 888),
(3034, 59, 910),
(3037, 59, 931),
(3072, 59, 932),
(3145, 59, 934),
(3139, 60, 14),
(3087, 60, 15),
(3106, 60, 57),
(3138, 60, 75),
(3088, 60, 93),
(3126, 60, 150),
(3085, 60, 185),
(3129, 60, 198),
(3116, 60, 269),
(3086, 60, 290),
(3141, 60, 291),
(3121, 60, 296),
(3110, 60, 331),
(3107, 60, 341),
(3097, 60, 346),
(3100, 60, 386),
(3093, 60, 426),
(3115, 60, 431),
(3111, 60, 432),
(3081, 60, 434),
(3135, 60, 435),
(3089, 60, 437),
(3092, 60, 452),
(3125, 60, 453),
(3082, 60, 457),
(3112, 60, 474),
(3132, 60, 475),
(3103, 60, 480),
(3101, 60, 481),
(3083, 60, 482),
(3131, 60, 483),
(3099, 60, 490),
(3104, 60, 501),
(3128, 60, 508),
(3122, 60, 521),
(3142, 60, 528),
(3105, 60, 587),
(3117, 60, 590),
(3108, 60, 600),
(3124, 60, 606),
(3137, 60, 640),
(3123, 60, 650),
(3130, 60, 656),
(3133, 60, 678),
(3136, 60, 683),
(3091, 60, 688),
(3143, 60, 699),
(3098, 60, 704),
(3102, 60, 720),
(3114, 60, 730),
(3120, 60, 752),
(3090, 60, 757),
(3094, 60, 772),
(3109, 60, 779),
(3134, 60, 780),
(3095, 60, 837),
(3096, 60, 876),
(3119, 60, 926),
(3118, 60, 934),
(3127, 60, 935);

-- --------------------------------------------------------

--
-- Structure de la table `info_link`
--

CREATE TABLE IF NOT EXISTS `info_link` (
  `id` int(11) NOT NULL auto_increment,
  `idInformation1` int(11) NOT NULL,
  `idInformation2` int(11) NOT NULL,
  `linkWeight` int(11) default NULL,
  `initialWeight` int(11) NOT NULL default '0',
  PRIMARY KEY  (`id`),
  UNIQUE KEY `idInformation1` (`idInformation1`,`idInformation2`),
  KEY `infolinktoinformation2` (`idInformation2`)
) ENGINE=InnoDB  DEFAULT CHARSET=utf8 AUTO_INCREMENT=3417 ;

--
-- Contenu de la table `info_link`
--

INSERT INTO `info_link` (`id`, `idInformation1`, `idInformation2`, `linkWeight`, `initialWeight`) VALUES
(1, 1, 18, 14, 1),
(2, 2, 4, 9, 1),
(3, 3, 17, 7, 1),
(4, 4, 13, 5, 1),
(5, 5, 8, 24, 1),
(6, 6, 1, 21, 1),
(7, 7, 10, 10, 1),
(8, 8, 15, 14, 1),
(9, 9, 22, 7, 1),
(10, 10, 3, 9, 1),
(11, 11, 9, 13, 1),
(12, 12, 7, 6, 1),
(13, 13, 21, 6, 1),
(14, 14, 24, 7, 1),
(15, 15, 6, 3, 1),
(16, 16, 12, 12, 1),
(17, 17, 5, 23, 1),
(18, 18, 25, 13, 1),
(19, 19, 20, 32, 1),
(20, 20, 16, 7, 1),
(21, 21, 11, 4, 1),
(22, 22, 19, 16, 1),
(23, 23, 14, 39, 1),
(24, 24, 2, 6, 1),
(25, 25, 23, 81, 1),
(26, 22, 2, 4, 1),
(27, 8, 9, 64, 0),
(28, 9, 5, 10, 0),
(29, 18, 13, 9, 0),
(30, 14, 23, 26, 0),
(31, 5, 12, 8, 0),
(32, 17, 21, 10, 0),
(33, 23, 5, 42, 0),
(34, 19, 6, 21, 0),
(35, 6, 20, 8, 0),
(36, 5, 2, 6, 0),
(37, 2, 15, 11, 0),
(38, 15, 19, 9, 0),
(39, 19, 5, 29, 0),
(40, 5, 21, 9, 0),
(41, 21, 23, 28, 0),
(42, 23, 17, 34, 0),
(43, 23, 3, 20, 0),
(44, 3, 18, 5, 0),
(45, 18, 23, 30, 0),
(46, 5, 23, 26, 0),
(47, 23, 18, 25, 0),
(48, 20, 22, 22, 0),
(49, 22, 12, 15, 0),
(50, 12, 19, 20, 0),
(51, 19, 23, 37, 0),
(52, 23, 1, 30, 0),
(53, 18, 24, 5, 0),
(54, 24, 16, 5, 0),
(55, 16, 6, 6, 0),
(56, 1, 21, 10, 0),
(57, 21, 14, 16, 0),
(58, 24, 14, 39, 0),
(59, 14, 11, 10, 0),
(60, 11, 17, 11, 0),
(61, 17, 18, 37, 0),
(62, 18, 8, 14, 0),
(63, 20, 25, 10, 0),
(64, 25, 20, 11, 0),
(65, 12, 23, 21, 0),
(66, 23, 8, 44, 0),
(67, 18, 12, 34, 0),
(68, 12, 20, 14, 0),
(69, 20, 23, 24, 0),
(70, 23, 25, 30, 0),
(71, 25, 25, 34, 0),
(72, 21, 20, 7, 0),
(73, 20, 11, 6, 0),
(74, 11, 22, 8, 0),
(75, 22, 10, 5, 0),
(76, 10, 20, 5, 0),
(77, 20, 14, 22, 0),
(78, 14, 19, 49, 0),
(79, 19, 2, 28, 0),
(80, 2, 22, 13, 0),
(81, 22, 9, 4, 0),
(82, 22, 1, 7, 0),
(83, 1, 8, 15, 0),
(84, 8, 23, 44, 0),
(85, 23, 15, 27, 0),
(86, 15, 15, 29, 0),
(87, 15, 21, 22, 0),
(88, 21, 25, 13, 0),
(89, 25, 13, 29, 0),
(90, 13, 7, 17, 0),
(91, 7, 1, 81, 0),
(92, 1, 10, 22, 0),
(93, 3, 6, 14, 0),
(94, 6, 18, 43, 0),
(95, 18, 11, 6, 0),
(96, 11, 23, 11, 0),
(97, 8, 19, 63, 0),
(98, 19, 17, 37, 0),
(99, 10, 11, 37, 0),
(100, 11, 12, 39, 0),
(101, 12, 13, 46, 0),
(102, 13, 14, 51, 0),
(103, 14, 15, 44, 0),
(104, 15, 16, 38, 0),
(105, 16, 17, 28, 0),
(106, 18, 19, 34, 0),
(107, 2, 20, 14, 0),
(108, 20, 21, 88, 0),
(109, 21, 22, 32, 0),
(110, 22, 23, 31, 0),
(111, 23, 24, 69, 0),
(112, 24, 25, 61, 0),
(113, 25, 3, 7, 0),
(114, 3, 4, 28, 0),
(115, 4, 5, 37, 0),
(116, 5, 6, 39, 0),
(117, 6, 7, 36, 0),
(118, 7, 8, 48, 0),
(119, 9, 9, 27, 0),
(120, 9, 11, 18, 0),
(121, 11, 1, 27, 0),
(122, 1, 2, 49, 0),
(123, 2, 8, 28, 0),
(124, 8, 10, 9, 0),
(125, 10, 17, 20, 0),
(126, 17, 19, 201, 0),
(127, 19, 7, 105, 0),
(128, 7, 6, 95, 0),
(129, 6, 3, 12, 0),
(130, 3, 5, 21, 0),
(131, 5, 13, 22, 0),
(132, 13, 24, 23, 0),
(133, 14, 4, 19, 0),
(134, 4, 15, 21, 0),
(135, 21, 16, 14, 0),
(136, 16, 18, 42, 0),
(137, 12, 25, 35, 0),
(138, 23, 20, 17, 0),
(139, 22, 25, 26, 0),
(140, 24, 23, 42, 0),
(141, 23, 19, 52, 0),
(142, 19, 25, 17, 0),
(143, 25, 10, 9, 0),
(144, 10, 13, 8, 0),
(145, 25, 21, 12, 0),
(146, 21, 2, 10, 0),
(147, 15, 8, 13, 0),
(148, 15, 25, 14, 0),
(149, 23, 2, 18, 0),
(150, 2, 21, 8, 0),
(151, 23, 21, 12, 0),
(152, 21, 4, 6, 0),
(153, 4, 7, 22, 0),
(154, 7, 2, 8, 0),
(155, 2, 19, 23, 0),
(156, 19, 15, 165, 0),
(157, 15, 1, 16, 0),
(158, 1, 16, 12, 0),
(159, 20, 20, 40, 0),
(160, 20, 6, 15, 0),
(161, 6, 6, 29, 0),
(162, 18, 22, 9, 0),
(163, 22, 14, 16, 0),
(164, 14, 8, 36, 0),
(165, 8, 25, 22, 0),
(166, 25, 17, 14, 0),
(167, 17, 24, 17, 0),
(168, 23, 6, 27, 0),
(169, 6, 9, 6, 0),
(170, 9, 2, 36, 0),
(171, 2, 23, 11, 0),
(172, 1, 11, 9, 0),
(173, 9, 3, 10, 0),
(174, 3, 9, 7, 0),
(175, 12, 18, 11, 0),
(176, 25, 18, 15, 0),
(177, 18, 6, 17, 0),
(178, 6, 22, 36, 0),
(179, 22, 8, 22, 0),
(180, 8, 17, 26, 0),
(181, 17, 14, 5, 0),
(182, 15, 22, 9, 0),
(183, 25, 15, 15, 0),
(184, 15, 18, 8, 0),
(185, 15, 20, 77, 0),
(186, 20, 17, 21, 0),
(187, 17, 23, 37, 0),
(188, 23, 9, 33, 0),
(189, 9, 7, 14, 0),
(190, 7, 14, 21, 0),
(191, 14, 10, 14, 0),
(192, 10, 25, 14, 0),
(193, 15, 5, 12, 0),
(194, 5, 9, 20, 0),
(195, 9, 15, 13, 0),
(196, 15, 4, 18, 0),
(197, 4, 16, 15, 0),
(198, 19, 8, 39, 0),
(199, 19, 13, 20, 0),
(200, 13, 2, 9, 0),
(201, 8, 21, 11, 0),
(202, 21, 19, 12, 0),
(203, 13, 23, 18, 0),
(204, 23, 13, 18, 0),
(205, 13, 3, 5, 0),
(206, 22, 17, 5, 0),
(207, 8, 4, 11, 0),
(208, 12, 21, 4, 0),
(209, 1, 13, 20, 0),
(210, 1, 24, 10, 0),
(211, 17, 7, 9, 0),
(212, 7, 15, 4, 0),
(213, 23, 7, 8, 0),
(214, 4, 6, 8, 0),
(215, 6, 17, 6, 0),
(216, 1, 25, 13, 0),
(217, 5, 19, 26, 0),
(218, 22, 7, 2, 0),
(219, 19, 11, 12, 0),
(220, 20, 24, 9, 0),
(221, 11, 19, 10, 0),
(222, 19, 16, 14, 0),
(223, 17, 10, 9, 0),
(224, 10, 18, 6, 0),
(225, 15, 17, 16, 0),
(226, 1, 4, 19, 0),
(227, 19, 24, 19, 0),
(228, 24, 9, 5, 0),
(229, 9, 12, 5, 0),
(230, 13, 13, 55, 0),
(231, 13, 11, 4, 0),
(232, 11, 7, 3, 0),
(233, 7, 7, 29, 0),
(234, 2, 24, 10, 0),
(235, 20, 18, 9, 0),
(236, 18, 10, 8, 0),
(237, 11, 20, 5, 0),
(238, 20, 9, 9, 0),
(239, 2, 2, 23, 0),
(240, 8, 8, 49, 0),
(241, 7, 23, 8, 0),
(242, 23, 23, 77, 0),
(243, 16, 22, 5, 0),
(244, 12, 2, 6, 0),
(245, 10, 8, 6, 0),
(246, 8, 5, 22, 0),
(247, 22, 22, 12, 0),
(248, 5, 26, 8, 0),
(249, 26, 26, 78, 0),
(250, 26, 18, 13, 1),
(251, 18, 26, 20, 0),
(252, 26, 23, 25, 0),
(253, 23, 26, 37, 0),
(254, 2, 14, 4, 0),
(255, 26, 13, 4, 0),
(256, 22, 11, 5, 0),
(257, 7, 21, 3, 0),
(258, 14, 3, 4, 0),
(259, 26, 19, 25, 0),
(260, 17, 9, 13, 0),
(261, 9, 17, 8, 0),
(262, 9, 14, 13, 0),
(263, 26, 7, 8, 0),
(264, 4, 22, 3, 0),
(265, 25, 24, 16, 0),
(266, 24, 8, 11, 0),
(267, 15, 26, 94, 0),
(268, 8, 26, 19, 0),
(269, 16, 10, 6, 0),
(270, 20, 10, 3, 0),
(271, 10, 22, 3, 0),
(272, 22, 16, 3, 0),
(273, 17, 15, 6, 0),
(274, 19, 19, 69, 0),
(275, 19, 9, 16, 0),
(276, 9, 8, 7, 0),
(277, 15, 7, 8, 0),
(278, 2, 13, 10, 0),
(279, 13, 22, 5, 0),
(280, 22, 13, 3, 0),
(281, 25, 19, 58, 0),
(282, 24, 5, 15, 0),
(283, 18, 5, 21, 0),
(284, 16, 19, 32, 0),
(285, 5, 20, 8, 0),
(286, 24, 17, 18, 0),
(287, 17, 11, 6, 0),
(288, 9, 19, 11, 0),
(289, 14, 25, 16, 0),
(290, 8, 20, 6, 0),
(291, 20, 4, 14, 0),
(292, 19, 4, 15, 0),
(293, 15, 23, 20, 0),
(294, 14, 12, 14, 0),
(295, 13, 25, 7, 0),
(296, 19, 3, 9, 0),
(297, 12, 17, 13, 0),
(298, 20, 26, 15, 0),
(299, 26, 15, 6, 0),
(300, 7, 25, 15, 0),
(301, 5, 25, 15, 0),
(302, 16, 20, 13, 0),
(303, 14, 22, 10, 0),
(304, 12, 1, 20, 0),
(305, 15, 14, 11, 0),
(306, 25, 14, 18, 0),
(307, 21, 24, 5, 0),
(308, 14, 6, 10, 0),
(309, 3, 25, 11, 0),
(310, 1, 26, 9, 0),
(311, 25, 6, 10, 0),
(312, 14, 14, 22, 0),
(313, 6, 15, 5, 0),
(314, 25, 8, 14, 0),
(315, 3, 21, 3, 0),
(316, 25, 2, 14, 0),
(317, 18, 17, 20, 0),
(318, 2, 9, 9, 0),
(319, 17, 25, 13, 0),
(320, 2, 26, 6, 0),
(321, 26, 14, 19, 0),
(322, 21, 1, 13, 0),
(323, 20, 2, 12, 0),
(324, 2, 7, 17, 0),
(325, 4, 19, 12, 0),
(326, 10, 16, 12, 0),
(327, 21, 15, 7, 0),
(328, 21, 12, 3, 0),
(329, 20, 5, 10, 0),
(330, 5, 10, 18, 0),
(331, 16, 8, 24, 0),
(332, 17, 8, 10, 0),
(333, 19, 1, 25, 0),
(334, 18, 4, 3, 0),
(335, 17, 3, 5, 0),
(336, 18, 7, 6, 0),
(337, 3, 3, 9, 0),
(338, 3, 7, 5, 0),
(339, 7, 22, 4, 0),
(340, 1, 22, 5, 0),
(341, 12, 12, 16, 0),
(342, 26, 22, 6, 0),
(343, 22, 21, 10, 0),
(344, 19, 26, 56, 0),
(345, 7, 3, 12, 0),
(346, 25, 12, 13, 0),
(347, 14, 20, 20, 0),
(348, 14, 21, 17, 0),
(349, 9, 6, 8, 0),
(350, 9, 13, 7, 0),
(351, 24, 13, 20, 0),
(352, 6, 10, 6, 0),
(353, 9, 4, 4, 0),
(354, 13, 5, 13, 0),
(355, 1, 6, 21, 0),
(356, 3, 8, 9, 0),
(357, 6, 11, 4, 0),
(358, 19, 14, 43, 0),
(359, 20, 15, 10, 0),
(360, 22, 20, 9, 0),
(361, 4, 8, 4, 0),
(362, 21, 9, 4, 0),
(363, 16, 14, 8, 0),
(364, 9, 21, 5, 0),
(365, 26, 2, 9, 0),
(366, 21, 3, 2, 0),
(367, 4, 9, 6, 0),
(368, 22, 5, 7, 0),
(369, 5, 24, 15, 0),
(370, 24, 18, 8, 0),
(371, 9, 20, 4, 0),
(372, 10, 15, 15, 0),
(373, 17, 17, 16, 0),
(374, 18, 14, 13, 0),
(375, 17, 26, 24, 0),
(376, 26, 17, 9, 0),
(377, 17, 16, 12, 0),
(378, 26, 11, 4, 0),
(379, 13, 10, 6, 0),
(380, 21, 26, 15, 0),
(381, 22, 26, 6, 0),
(382, 26, 6, 9, 0),
(383, 26, 3, 9, 0),
(384, 3, 26, 5, 0),
(385, 26, 25, 15, 0),
(386, 14, 26, 23, 0),
(387, 18, 1, 31, 0),
(388, 1, 15, 11, 0),
(389, 15, 12, 5, 0),
(390, 2, 5, 13, 0),
(391, 25, 26, 33, 0),
(392, 23, 16, 13, 0),
(393, 16, 5, 7, 0),
(394, 5, 11, 6, 0),
(395, 18, 2, 13, 0),
(396, 22, 15, 6, 0),
(397, 7, 11, 5, 0),
(398, 11, 6, 4, 0),
(399, 14, 1, 29, 0),
(400, 1, 17, 13, 0),
(401, 1, 1, 23, 0),
(402, 5, 15, 14, 0),
(403, 14, 18, 8, 0),
(404, 17, 4, 10, 0),
(405, 15, 10, 10, 0),
(406, 8, 13, 11, 0),
(407, 13, 17, 10, 0),
(408, 1, 3, 7, 0),
(409, 13, 26, 7, 0),
(412, 29, 4, 9, 1),
(413, 27, 28, 49, 1),
(414, 13, 28, 13, 0),
(416, 2, 16, 6, 0),
(417, 16, 15, 11, 0),
(418, 11, 28, 4, 0),
(419, 17, 27, 12, 0),
(420, 18, 15, 4, 0),
(421, 21, 18, 10, 0),
(422, 11, 3, 7, 0),
(423, 3, 20, 6, 0),
(424, 20, 19, 20, 0),
(425, 5, 17, 11, 0),
(426, 1, 23, 38, 0),
(427, 17, 6, 10, 0),
(428, 1, 5, 25, 0),
(429, 5, 5, 21, 0),
(430, 10, 21, 5, 0),
(431, 21, 21, 17, 0),
(432, 5, 14, 18, 0),
(433, 15, 2, 5, 0),
(434, 2, 6, 7, 0),
(435, 4, 1, 12, 0),
(436, 1, 19, 34, 0),
(437, 8, 22, 6, 0),
(438, 14, 7, 7, 0),
(439, 7, 19, 12, 0),
(440, 4, 14, 9, 0),
(441, 14, 5, 25, 0),
(442, 8, 18, 15, 0),
(443, 18, 16, 7, 0),
(444, 15, 24, 5, 0),
(445, 11, 2, 6, 0),
(446, 22, 18, 10, 0),
(447, 8, 1, 14, 0),
(448, 10, 5, 7, 0),
(449, 4, 4, 7, 0),
(450, 4, 10, 5, 0),
(451, 24, 24, 22, 0),
(452, 27, 2, 8, 0),
(453, 9, 1, 7, 0),
(454, 2, 1, 20, 0),
(455, 3, 19, 13, 0),
(456, 6, 14, 10, 0),
(458, 4, 24, 8, 0),
(459, 19, 21, 29, 0),
(460, 1, 27, 11, 0),
(461, 19, 18, 14, 0),
(462, 9, 26, 7, 0),
(463, 5, 28, 9, 0),
(464, 26, 28, 18, 0),
(465, 25, 28, 24, 0),
(466, 7, 28, 12, 0),
(467, 3, 28, 13, 0),
(468, 28, 21, 6, 1),
(469, 27, 17, 132, 0),
(470, 4, 28, 5, 0),
(471, 22, 6, 11, 0),
(472, 18, 28, 9, 0),
(474, 29, 28, 10, 0),
(475, 28, 28, 25, 0),
(476, 28, 29, 34, 0),
(477, 12, 27, 6, 0),
(478, 29, 29, 32, 0),
(479, 27, 29, 17, 0),
(480, 28, 22, 5, 0),
(481, 14, 2, 13, 0),
(482, 28, 25, 8, 0),
(483, 29, 7, 6, 0),
(484, 29, 17, 11, 0),
(485, 17, 20, 12, 0),
(486, 28, 27, 27, 0),
(487, 27, 27, 98, 0),
(488, 27, 3, 10, 0),
(489, 3, 27, 14, 0),
(490, 13, 29, 5, 0),
(491, 29, 12, 1, 0),
(492, 20, 29, 6, 0),
(493, 13, 15, 8, 0),
(494, 27, 24, 12, 0),
(495, 24, 3, 7, 0),
(496, 7, 16, 11, 0),
(497, 7, 17, 6, 0),
(498, 1, 12, 15, 0),
(499, 6, 19, 62, 0),
(500, 8, 3, 4, 0),
(501, 12, 6, 15, 0),
(502, 22, 27, 4, 0),
(503, 27, 4, 10, 0),
(504, 6, 12, 8, 0),
(505, 11, 10, 9, 0),
(506, 26, 1, 13, 0),
(507, 20, 13, 7, 0),
(508, 10, 1, 8, 0),
(509, 9, 24, 6, 0),
(510, 13, 9, 7, 0),
(511, 4, 18, 7, 0),
(512, 6, 25, 41, 0),
(513, 5, 7, 17, 0),
(514, 1, 14, 17, 0),
(515, 19, 28, 15, 0),
(516, 25, 22, 12, 0),
(517, 8, 29, 16, 0),
(518, 29, 15, 7, 0),
(519, 16, 4, 7, 0),
(520, 4, 17, 5, 0),
(521, 10, 26, 7, 0),
(522, 23, 27, 7, 0),
(523, 27, 15, 7, 0),
(524, 7, 20, 9, 0),
(525, 20, 27, 40, 0),
(526, 27, 5, 4, 0),
(527, 11, 16, 4, 0),
(528, 24, 4, 7, 0),
(529, 25, 16, 4, 0),
(530, 28, 26, 7, 0),
(531, 25, 1, 28, 0),
(532, 3, 24, 4, 0),
(533, 3, 15, 15, 0),
(534, 14, 16, 21, 0),
(535, 8, 7, 7, 0),
(536, 6, 5, 17, 0),
(537, 23, 22, 14, 0),
(538, 9, 25, 11, 0),
(539, 9, 16, 9, 0),
(540, 2, 3, 28, 0),
(541, 10, 6, 10, 0),
(542, 15, 27, 14, 0),
(543, 9, 29, 11, 0),
(544, 2, 27, 8, 0),
(545, 28, 6, 11, 0),
(546, 6, 29, 6, 0),
(547, 29, 27, 9, 0),
(548, 27, 11, 3, 0),
(549, 11, 27, 8, 0),
(550, 27, 23, 11, 0),
(551, 29, 24, 13, 0),
(552, 28, 23, 19, 0),
(553, 4, 29, 8, 0),
(554, 23, 10, 9, 0),
(555, 13, 20, 3, 0),
(556, 11, 5, 9, 0),
(557, 24, 19, 34, 0),
(558, 19, 29, 38, 0),
(559, 5, 22, 15, 0),
(560, 7, 24, 4, 0),
(561, 1, 9, 24, 0),
(562, 12, 14, 12, 0),
(563, 6, 28, 16, 0),
(564, 26, 29, 11, 0),
(565, 11, 29, 5, 0),
(566, 29, 2, 16, 0),
(567, 2, 29, 3, 0),
(568, 29, 9, 3, 0),
(569, 29, 16, 8, 0),
(570, 5, 1, 26, 0),
(571, 13, 19, 12, 0),
(572, 7, 27, 7, 0),
(573, 29, 11, 6, 0),
(574, 21, 17, 28, 0),
(575, 14, 29, 8, 0),
(576, 5, 29, 15, 0),
(577, 29, 6, 30, 0),
(578, 29, 1, 10, 0),
(579, 6, 23, 25, 0),
(580, 24, 27, 5, 0),
(581, 8, 24, 11, 0),
(582, 26, 9, 15, 0),
(583, 20, 12, 3, 0),
(584, 10, 19, 10, 0),
(585, 27, 26, 8, 0),
(586, 23, 28, 13, 0),
(587, 28, 17, 9, 0),
(588, 27, 8, 8, 0),
(589, 29, 25, 8, 0),
(590, 28, 2, 8, 0),
(591, 2, 17, 6, 0),
(592, 23, 4, 9, 0),
(593, 9, 23, 11, 0),
(594, 19, 12, 19, 0),
(595, 18, 27, 8, 0),
(596, 27, 20, 16, 0),
(597, 23, 29, 22, 0),
(598, 29, 19, 16, 0),
(599, 24, 29, 12, 0),
(600, 25, 27, 9, 0),
(601, 3, 23, 16, 0),
(602, 29, 14, 13, 0),
(603, 19, 22, 9, 0),
(604, 13, 1, 14, 0),
(605, 5, 27, 8, 0),
(606, 4, 25, 3, 0),
(607, 12, 26, 12, 0),
(608, 21, 29, 15, 0),
(609, 17, 28, 8, 0),
(610, 28, 11, 9, 0),
(611, 22, 3, 2, 0),
(612, 3, 29, 4, 0),
(613, 29, 26, 16, 0),
(614, 19, 27, 23, 0),
(615, 27, 14, 14, 0),
(616, 22, 29, 14, 0),
(617, 29, 21, 6, 0),
(618, 21, 28, 10, 0),
(619, 27, 9, 1, 0),
(620, 26, 8, 9, 0),
(621, 20, 3, 3, 0),
(622, 28, 20, 8, 0),
(623, 26, 10, 5, 0),
(624, 28, 14, 27, 0),
(625, 14, 27, 9, 0),
(626, 27, 25, 13, 0),
(627, 25, 4, 7, 0),
(628, 4, 2, 10, 0),
(629, 9, 18, 4, 0),
(630, 6, 16, 5, 0),
(631, 28, 24, 3, 0),
(632, 25, 11, 3, 0),
(633, 24, 21, 2, 0),
(634, 16, 28, 10, 0),
(635, 6, 27, 8, 0),
(636, 27, 22, 7, 0),
(637, 16, 24, 5, 0),
(638, 23, 11, 9, 0),
(639, 11, 24, 7, 0),
(640, 24, 20, 5, 0),
(641, 17, 12, 6, 0),
(642, 7, 18, 5, 0),
(643, 8, 28, 11, 0),
(644, 28, 5, 36, 0),
(645, 16, 25, 9, 0),
(646, 24, 26, 7, 0),
(647, 4, 26, 3, 0),
(648, 27, 13, 10, 0),
(649, 8, 12, 5, 0),
(650, 11, 25, 1, 0),
(651, 26, 20, 146, 0),
(652, 8, 6, 16, 0),
(653, 26, 27, 37, 0),
(654, 29, 3, 23, 0),
(655, 13, 27, 5, 0),
(656, 7, 5, 5, 0),
(657, 5, 16, 11, 0),
(658, 21, 5, 5, 0),
(659, 16, 2, 9, 0),
(660, 2, 11, 5, 0),
(661, 7, 29, 12, 0),
(662, 28, 3, 16, 0),
(663, 24, 15, 8, 0),
(664, 4, 21, 10, 0),
(665, 25, 7, 14, 0),
(666, 18, 20, 21, 0),
(667, 6, 2, 10, 0),
(668, 5, 4, 11, 0),
(669, 5, 3, 27, 0),
(670, 8, 11, 6, 0),
(671, 10, 9, 2, 0),
(672, 10, 12, 4, 0),
(673, 10, 14, 11, 0),
(674, 21, 27, 37, 0),
(675, 17, 1, 14, 0),
(676, 18, 3, 2, 0),
(677, 11, 8, 4, 0),
(678, 28, 10, 10, 0),
(679, 10, 23, 8, 0),
(680, 10, 24, 5, 0),
(681, 9, 28, 8, 0),
(682, 24, 1, 5, 0),
(683, 20, 7, 12, 0),
(684, 28, 7, 5, 0),
(685, 28, 4, 3, 0),
(686, 28, 1, 12, 0),
(687, 21, 6, 5, 0),
(688, 6, 24, 2, 0),
(689, 29, 23, 27, 0),
(690, 28, 8, 12, 0),
(691, 8, 14, 10, 0),
(692, 26, 16, 6, 0),
(693, 16, 3, 5, 0),
(694, 27, 19, 19, 0),
(695, 24, 6, 12, 0),
(696, 4, 3, 4, 0),
(697, 4, 23, 6, 0),
(698, 29, 10, 3, 0),
(699, 27, 21, 4, 0),
(700, 21, 13, 4, 0),
(701, 27, 1, 3, 0),
(702, 2, 25, 16, 0),
(703, 27, 18, 15, 0),
(704, 15, 13, 12, 0),
(705, 13, 8, 11, 0),
(706, 26, 21, 7, 0),
(707, 1, 20, 4, 0),
(708, 29, 5, 30, 0),
(709, 15, 11, 5, 0),
(710, 3, 2, 13, 0),
(711, 29, 20, 4, 0),
(712, 27, 16, 12, 0),
(713, 25, 5, 13, 0),
(714, 10, 27, 7, 0),
(715, 24, 28, 5, 0),
(716, 18, 18, 9, 0),
(717, 1, 29, 10, 0),
(718, 7, 13, 3, 0),
(719, 13, 6, 6, 0),
(720, 13, 16, 6, 0),
(721, 24, 7, 11, 0),
(722, 6, 26, 7, 0),
(723, 8, 27, 11, 0),
(724, 17, 29, 8, 0),
(725, 29, 13, 6, 0),
(726, 5, 18, 8, 0),
(727, 20, 8, 9, 0),
(728, 4, 20, 5, 0),
(729, 29, 22, 10, 0),
(730, 12, 24, 9, 0),
(731, 13, 18, 6, 0),
(732, 12, 15, 6, 0),
(733, 26, 4, 3, 0),
(734, 3, 16, 6, 0),
(735, 16, 13, 5, 0),
(736, 9, 27, 14, 0),
(737, 27, 30, 29, 0),
(738, 30, 27, 22, 1),
(739, 31, 19, 19, 5),
(740, 21, 30, 2, 0),
(741, 30, 10, 19, 0),
(742, 27, 7, 5, 0),
(743, 27, 6, 7, 0),
(744, 11, 30, 6, 0),
(745, 30, 13, 6, 0),
(746, 10, 7, 11, 0),
(747, 16, 23, 8, 0),
(748, 6, 8, 14, 0),
(749, 6, 13, 16, 0),
(750, 2, 18, 5, 0),
(751, 15, 9, 4, 0),
(752, 14, 9, 11, 0),
(753, 14, 17, 11, 0),
(754, 8, 30, 21, 0),
(755, 30, 2, 4, 0),
(756, 2, 28, 7, 0),
(757, 28, 15, 6, 0),
(758, 3, 11, 2, 0),
(759, 5, 30, 4, 0),
(760, 30, 15, 3, 0),
(761, 15, 28, 4, 0),
(762, 13, 12, 7, 0),
(763, 8, 16, 5, 0),
(764, 14, 28, 16, 0),
(765, 16, 21, 4, 0),
(766, 12, 30, 5, 0),
(767, 30, 4, 10, 0),
(768, 10, 28, 4, 0),
(769, 3, 1, 9, 0),
(770, 16, 27, 13, 0),
(771, 29, 30, 30, 0),
(772, 30, 26, 5, 0),
(773, 22, 30, 7, 0),
(774, 30, 12, 8, 0),
(775, 20, 30, 4, 0),
(776, 12, 16, 8, 0),
(777, 26, 12, 6, 0),
(778, 1, 30, 11, 0),
(779, 14, 13, 7, 0),
(780, 12, 11, 4, 0),
(781, 27, 31, 8, 0),
(782, 19, 31, 15, 0),
(783, 31, 31, 47, 0),
(784, 11, 18, 5, 0),
(785, 28, 31, 17, 0),
(786, 26, 31, 24, 0),
(787, 31, 2, 9, 0),
(788, 31, 3, 10, 0),
(789, 2, 30, 10, 0),
(790, 30, 31, 42, 0),
(791, 31, 27, 14, 0),
(792, 30, 30, 21, 0),
(793, 30, 23, 11, 0),
(794, 10, 10, 18, 0),
(795, 31, 4, 3, 0),
(796, 24, 12, 9, 0),
(797, 31, 28, 15, 0),
(798, 12, 31, 7, 0),
(799, 30, 19, 11, 0),
(800, 17, 22, 8, 0),
(801, 19, 30, 16, 0),
(802, 22, 24, 6, 0),
(803, 3, 31, 9, 0),
(804, 29, 18, 14, 0),
(805, 29, 8, 13, 0),
(806, 23, 31, 22, 0),
(807, 15, 31, 17, 0),
(808, 31, 30, 38, 0),
(809, 31, 16, 6, 0),
(810, 10, 31, 17, 0),
(811, 31, 22, 7, 0),
(812, 17, 31, 7, 0),
(813, 31, 17, 8, 0),
(814, 6, 31, 8, 0),
(815, 20, 31, 13, 0),
(816, 30, 29, 14, 0),
(817, 29, 31, 7, 0),
(818, 30, 3, 5, 0),
(819, 31, 12, 14, 0),
(820, 12, 22, 3, 0),
(821, 21, 31, 7, 0),
(822, 31, 20, 14, 0),
(823, 30, 22, 4, 0),
(824, 30, 8, 27, 0),
(825, 31, 1, 12, 0),
(826, 31, 26, 14, 0),
(827, 26, 30, 8, 0),
(828, 30, 21, 5, 0),
(829, 16, 26, 8, 0),
(830, 31, 5, 8, 0),
(831, 32, 29, 6, 1),
(832, 32, 32, 27, 0),
(833, 32, 28, 8, 0),
(834, 8, 32, 11, 0),
(835, 31, 32, 47, 0),
(836, 32, 6, 8, 0),
(837, 6, 32, 7, 0),
(838, 32, 25, 10, 0),
(839, 21, 32, 5, 0),
(840, 32, 22, 7, 0),
(841, 23, 32, 10, 0),
(842, 32, 13, 7, 0),
(843, 31, 8, 20, 0),
(844, 32, 19, 19, 0),
(845, 13, 33, 2, 0),
(846, 33, 30, 15, 1),
(847, 33, 33, 29, 0),
(848, 33, 32, 12, 0),
(849, 32, 33, 41, 0),
(850, 11, 11, 6, 0),
(851, 29, 32, 6, 0),
(852, 32, 24, 7, 0),
(853, 30, 33, 17, 0),
(854, 1, 32, 6, 0),
(855, 19, 10, 13, 0),
(856, 32, 27, 4, 0),
(857, 11, 32, 4, 0),
(858, 32, 11, 5, 0),
(859, 13, 32, 6, 0),
(860, 32, 9, 5, 0),
(861, 9, 32, 4, 0),
(862, 32, 12, 9, 0),
(863, 31, 15, 7, 0),
(864, 12, 32, 7, 0),
(865, 1, 28, 9, 0),
(866, 19, 32, 21, 0),
(867, 33, 27, 2, 0),
(868, 8, 2, 8, 0),
(869, 11, 14, 5, 0),
(870, 25, 29, 5, 0),
(871, 3, 14, 11, 0),
(872, 26, 24, 6, 0),
(873, 24, 22, 4, 0),
(874, 27, 33, 26, 0),
(875, 29, 33, 4, 0),
(876, 7, 9, 4, 0),
(877, 28, 9, 5, 0),
(878, 18, 29, 5, 0),
(879, 28, 33, 5, 0),
(880, 12, 9, 7, 0),
(881, 7, 33, 2, 0),
(882, 33, 24, 4, 0),
(883, 14, 31, 8, 0),
(884, 31, 21, 10, 0),
(885, 33, 13, 5, 0),
(886, 16, 7, 8, 0),
(887, 14, 33, 6, 0),
(888, 31, 33, 7, 0),
(889, 33, 26, 5, 0),
(890, 35, 3, 11, 2),
(891, 19, 33, 12, 0),
(892, 10, 30, 9, 0),
(893, 13, 31, 7, 0),
(894, 31, 10, 2, 0),
(895, 25, 32, 15, 0),
(896, 7, 32, 9, 0),
(897, 32, 7, 8, 0),
(898, 32, 2, 7, 0),
(899, 32, 10, 3, 0),
(900, 15, 33, 2, 0),
(901, 3, 13, 3, 0),
(902, 20, 1, 12, 0),
(903, 22, 31, 2, 0),
(904, 31, 24, 4, 0),
(905, 2, 32, 2, 0),
(906, 16, 16, 27, 0),
(907, 18, 30, 4, 0),
(908, 30, 17, 5, 0),
(909, 5, 31, 8, 0),
(910, 23, 12, 5, 0),
(911, 12, 29, 6, 0),
(912, 20, 33, 3, 0),
(913, 17, 32, 4, 0),
(914, 33, 25, 8, 0),
(915, 22, 33, 5, 0),
(916, 30, 6, 4, 0),
(917, 24, 11, 5, 0),
(918, 32, 23, 24, 0),
(919, 1, 31, 5, 0),
(920, 15, 3, 5, 0),
(921, 25, 9, 4, 0),
(922, 9, 33, 4, 0),
(923, 7, 26, 10, 0),
(924, 10, 32, 7, 0),
(925, 5, 32, 14, 0),
(926, 18, 33, 6, 0),
(928, 2, 31, 3, 0),
(929, 30, 32, 4, 0),
(930, 32, 31, 8, 0),
(931, 6, 30, 5, 0),
(932, 26, 32, 7, 0),
(933, 16, 31, 19, 0),
(934, 18, 21, 6, 0),
(935, 15, 30, 2, 0),
(936, 23, 35, 34, 0),
(940, 28, 35, 25, 0),
(941, 8, 35, 10, 0),
(943, 28, 34, 5, 0),
(944, 16, 30, 3, 0),
(945, 13, 35, 17, 0),
(946, 27, 35, 11, 0),
(947, 12, 5, 6, 0),
(948, 24, 31, 6, 0),
(949, 33, 34, 43, 0),
(950, 5, 35, 36, 0),
(952, 12, 35, 6, 0),
(954, 25, 35, 18, 0),
(955, 31, 9, 6, 0),
(956, 28, 19, 10, 0),
(958, 33, 31, 7, 0),
(959, 32, 14, 7, 0),
(960, 33, 18, 5, 0),
(961, 3, 30, 14, 0),
(962, 20, 28, 6, 0),
(963, 23, 30, 14, 0),
(964, 30, 25, 11, 0),
(965, 25, 31, 5, 0),
(966, 14, 32, 16, 0),
(967, 33, 23, 4, 0),
(968, 32, 17, 7, 0),
(969, 4, 12, 1, 0),
(970, 31, 13, 4, 0),
(971, 7, 30, 2, 0),
(972, 33, 35, 10, 0),
(974, 28, 32, 12, 0),
(975, 32, 35, 15, 0),
(978, 31, 35, 14, 0),
(979, 32, 30, 4, 0),
(980, 30, 34, 14, 0),
(982, 20, 35, 14, 0),
(984, 32, 5, 17, 0),
(985, 33, 28, 5, 0),
(986, 4, 32, 7, 0),
(987, 33, 14, 8, 0),
(988, 22, 34, 5, 0),
(989, 25, 33, 2, 0),
(990, 23, 33, 5, 0),
(991, 25, 34, 7, 0),
(996, 24, 32, 2, 0),
(997, 22, 28, 3, 0),
(998, 34, 32, 7, 1),
(1001, 13, 34, 11, 0),
(1004, 16, 35, 11, 0),
(1005, 20, 32, 6, 0),
(1006, 32, 3, 7, 0),
(1007, 3, 35, 2, 0),
(1008, 35, 27, 15, 0),
(1009, 35, 17, 12, 0),
(1010, 17, 13, 8, 0),
(1011, 35, 21, 8, 0),
(1012, 26, 35, 15, 0),
(1013, 32, 21, 1, 0),
(1014, 12, 10, 5, 0),
(1015, 35, 35, 87, 0),
(1016, 35, 33, 9, 0),
(1017, 35, 34, 27, 0),
(1018, 35, 30, 11, 0),
(1019, 30, 35, 14, 0),
(1020, 35, 10, 4, 0),
(1021, 34, 34, 10, 0),
(1022, 33, 19, 11, 0),
(1023, 34, 1, 23, 0),
(1024, 17, 34, 1, 0),
(1025, 34, 18, 7, 0),
(1026, 27, 32, 6, 0),
(1027, 1, 36, 21, 0),
(1028, 36, 36, 37, 0),
(1029, 8, 33, 6, 0),
(1030, 36, 1, 7, 0),
(1031, 6, 4, 7, 0),
(1032, 35, 13, 24, 0),
(1033, 34, 24, 25, 0),
(1034, 2, 36, 31, 0),
(1035, 36, 27, 15, 0),
(1036, 33, 9, 4, 0),
(1037, 21, 35, 13, 0),
(1038, 34, 26, 2, 0),
(1039, 34, 5, 9, 0),
(1040, 30, 5, 10, 0),
(1041, 5, 34, 15, 0),
(1042, 33, 6, 3, 0),
(1043, 31, 25, 10, 0),
(1044, 27, 36, 5, 0),
(1045, 33, 2, 2, 0),
(1046, 26, 34, 10, 0),
(1047, 33, 8, 25, 0),
(1048, 8, 31, 14, 0),
(1049, 3, 32, 10, 0),
(1050, 21, 33, 4, 0),
(1051, 7, 35, 6, 0),
(1052, 35, 6, 24, 0),
(1053, 6, 34, 10, 0),
(1054, 34, 28, 8, 0),
(1055, 4, 31, 8, 0),
(1056, 35, 24, 16, 0),
(1057, 24, 34, 3, 0),
(1058, 34, 4, 3, 0),
(1059, 31, 6, 12, 0),
(1060, 19, 35, 19, 0),
(1061, 24, 35, 13, 0),
(1062, 35, 19, 22, 0),
(1063, 14, 34, 5, 0),
(1064, 34, 36, 9, 0),
(1065, 36, 8, 18, 0),
(1066, 1, 35, 6, 0),
(1067, 34, 3, 4, 0),
(1068, 19, 34, 13, 0),
(1069, 34, 30, 4, 0),
(1070, 26, 36, 5, 0),
(1071, 32, 18, 5, 0),
(1072, 22, 32, 3, 0),
(1073, 31, 34, 8, 0),
(1074, 32, 26, 6, 0),
(1075, 23, 36, 17, 0),
(1076, 9, 31, 24, 0),
(1077, 35, 31, 15, 0),
(1078, 33, 21, 11, 0),
(1079, 34, 14, 13, 0),
(1080, 1, 33, 2, 0),
(1081, 35, 2, 22, 0),
(1082, 25, 36, 6, 0),
(1083, 36, 35, 12, 0),
(1084, 35, 32, 5, 0),
(1085, 32, 15, 8, 0),
(1086, 30, 18, 4, 0),
(1087, 18, 34, 3, 0),
(1088, 34, 15, 8, 0),
(1089, 29, 36, 6, 0),
(1090, 36, 12, 7, 0),
(1091, 27, 34, 5, 0),
(1092, 13, 36, 14, 0),
(1093, 36, 29, 7, 0),
(1094, 1, 34, 19, 0),
(1095, 31, 36, 3, 0),
(1096, 36, 19, 8, 0),
(1097, 30, 36, 5, 0),
(1098, 35, 20, 7, 0),
(1099, 35, 36, 32, 0),
(1100, 36, 5, 5, 0),
(1101, 20, 34, 8, 0),
(1102, 34, 8, 18, 0),
(1103, 34, 35, 43, 0),
(1104, 35, 29, 8, 0),
(1105, 30, 16, 4, 0),
(1106, 6, 35, 9, 0),
(1107, 35, 7, 2, 0),
(1108, 36, 21, 2, 0),
(1109, 30, 14, 5, 0),
(1110, 33, 15, 4, 0),
(1111, 18, 32, 6, 0),
(1112, 15, 35, 12, 0),
(1113, 35, 16, 4, 0),
(1114, 9, 10, 13, 0),
(1115, 36, 4, 8, 0),
(1116, 23, 34, 15, 0),
(1117, 34, 9, 10, 0),
(1118, 32, 4, 3, 0),
(1119, 28, 13, 6, 0),
(1120, 14, 36, 7, 0),
(1121, 34, 6, 6, 0),
(1122, 28, 12, 8, 0),
(1123, 36, 30, 4, 0),
(1124, 17, 30, 3, 0),
(1125, 34, 10, 3, 0),
(1126, 10, 34, 4, 0),
(1127, 17, 33, 7, 0),
(1128, 13, 30, 2, 0),
(1129, 30, 9, 3, 0),
(1130, 14, 30, 13, 0),
(1131, 9, 34, 6, 0),
(1132, 35, 26, 12, 0),
(1133, 3, 22, 3, 0),
(1134, 6, 33, 6, 0),
(1135, 17, 36, 5, 0),
(1136, 36, 15, 4, 0),
(1137, 24, 33, 3, 0),
(1138, 9, 35, 13, 0),
(1139, 31, 23, 15, 0),
(1140, 15, 34, 7, 0),
(1141, 34, 19, 7, 0),
(1142, 36, 13, 6, 0),
(1143, 3, 12, 9, 0),
(1144, 28, 30, 3, 0),
(1145, 2, 35, 8, 0),
(1146, 35, 28, 13, 0),
(1147, 33, 4, 3, 0),
(1148, 6, 36, 11, 0),
(1149, 12, 28, 2, 0),
(1150, 35, 23, 24, 0),
(1151, 16, 11, 5, 0),
(1152, 10, 33, 2, 0),
(1153, 21, 34, 3, 0),
(1154, 33, 5, 1, 0),
(1155, 12, 8, 4, 0),
(1156, 34, 25, 5, 0),
(1157, 36, 10, 11, 5),
(1158, 10, 36, 4, 0),
(1159, 24, 36, 3, 0),
(1160, 36, 17, 5, 0),
(1161, 8, 34, 8, 0),
(1162, 34, 22, 7, 0),
(1163, 21, 36, 1, 0),
(1164, 32, 36, 7, 0),
(1165, 28, 36, 3, 0),
(1166, 4, 36, 6, 0),
(1167, 22, 4, 2, 0),
(1168, 33, 17, 2, 0),
(1169, 19, 36, 24, 0),
(1170, 7, 31, 4, 0),
(1171, 36, 22, 5, 0),
(1172, 30, 1, 6, 0),
(1173, 36, 18, 2, 0),
(1174, 26, 5, 6, 0),
(1175, 5, 33, 9, 0),
(1176, 36, 24, 6, 0),
(1179, 37, 19, 15, 1),
(1180, 19, 37, 26, 0),
(1181, 37, 17, 7, 0),
(1182, 37, 37, 24, 0),
(1183, 21, 37, 1, 0),
(1184, 37, 18, 3, 0),
(1185, 37, 15, 5, 0),
(1186, 24, 10, 3, 0),
(1187, 33, 29, 3, 0),
(1188, 5, 37, 19, 0),
(1189, 35, 37, 8, 0),
(1190, 37, 36, 8, 0),
(1191, 14, 37, 12, 0),
(1192, 24, 37, 1, 0),
(1193, 36, 37, 32, 0),
(1194, 33, 37, 7, 0),
(1195, 13, 37, 9, 0),
(1196, 30, 37, 10, 0),
(1197, 33, 16, 6, 0),
(1198, 16, 1, 11, 0),
(1199, 5, 36, 6, 0),
(1200, 32, 37, 8, 0),
(1201, 36, 20, 4, 0),
(1202, 34, 29, 4, 0),
(1203, 31, 7, 2, 0),
(1204, 37, 14, 12, 0),
(1205, 37, 13, 3, 0),
(1206, 1, 37, 6, 0),
(1207, 36, 31, 5, 0),
(1208, 37, 24, 4, 0),
(1209, 27, 12, 2, 0),
(1210, 2, 37, 8, 0),
(1211, 18, 31, 5, 0),
(1212, 31, 14, 14, 0),
(1213, 31, 18, 1, 0),
(1214, 25, 37, 14, 0),
(1215, 37, 10, 5, 0),
(1216, 12, 34, 7, 0),
(1217, 34, 21, 3, 0),
(1218, 26, 38, 7, 0),
(1221, 38, 8, 14, 1),
(1222, 8, 38, 7, 0),
(1223, 38, 38, 62, 0),
(1224, 8, 36, 7, 0),
(1225, 32, 1, 7, 0),
(1226, 36, 23, 8, 0),
(1227, 36, 34, 5, 0),
(1228, 18, 38, 7, 0),
(1229, 38, 33, 7, 0),
(1230, 31, 38, 9, 0),
(1231, 9, 38, 9, 0),
(1232, 38, 37, 17, 0),
(1233, 38, 14, 9, 0),
(1234, 37, 9, 4, 0),
(1235, 9, 30, 6, 0),
(1236, 38, 28, 5, 0),
(1237, 38, 23, 24, 0),
(1238, 37, 38, 42, 0),
(1239, 36, 38, 28, 0),
(1240, 35, 38, 8, 0),
(1241, 38, 17, 5, 0),
(1242, 27, 38, 4, 0),
(1243, 19, 38, 12, 0),
(1244, 38, 36, 11, 0),
(1245, 36, 9, 2, 0),
(1246, 9, 36, 4, 0),
(1247, 36, 16, 3, 0),
(1248, 16, 36, 7, 0),
(1249, 38, 20, 4, 0),
(1250, 38, 7, 9, 0),
(1251, 6, 21, 1, 0),
(1252, 38, 40, 32, 0),
(1253, 40, 40, 78, 0),
(1254, 40, 29, 16, 1),
(1255, 39, 39, 37, 0),
(1256, 39, 40, 38, 0),
(1257, 29, 40, 17, 0),
(1258, 40, 37, 23, 0),
(1259, 12, 38, 3, 0),
(1260, 38, 35, 7, 0),
(1261, 16, 37, 6, 0),
(1262, 35, 8, 18, 0),
(1263, 4, 39, 7, 0),
(1264, 39, 23, 10, 0),
(1265, 23, 40, 73, 0),
(1266, 31, 29, 7, 0),
(1267, 40, 5, 9, 0),
(1268, 13, 39, 29, 0),
(1269, 28, 39, 15, 0),
(1270, 39, 28, 7, 0),
(1271, 36, 39, 7, 0),
(1272, 38, 39, 50, 0),
(1273, 36, 3, 3, 0),
(1274, 40, 9, 12, 0),
(1275, 3, 38, 3, 0),
(1276, 6, 38, 9, 0),
(1277, 37, 33, 3, 0),
(1278, 38, 25, 8, 0),
(1279, 37, 35, 14, 0),
(1280, 37, 1, 11, 0),
(1281, 36, 25, 6, 0),
(1282, 39, 36, 12, 0),
(1283, 29, 37, 17, 0),
(1284, 35, 12, 9, 0),
(1285, 37, 5, 13, 0),
(1286, 37, 39, 21, 0),
(1287, 35, 15, 14, 0),
(1288, 15, 37, 9, 0),
(1289, 3, 33, 1, 0),
(1290, 32, 39, 4, 0),
(1291, 5, 38, 6, 0),
(1292, 38, 26, 8, 0),
(1293, 37, 25, 5, 0),
(1294, 38, 22, 3, 0),
(1295, 39, 32, 9, 0),
(1296, 25, 30, 3, 0),
(1297, 36, 2, 3, 0),
(1298, 2, 40, 12, 0),
(1299, 17, 2, 5, 0),
(1300, 10, 37, 3, 0),
(1301, 29, 35, 10, 0),
(1302, 34, 7, 3, 0),
(1303, 9, 40, 10, 0),
(1304, 40, 25, 18, 0),
(1305, 19, 40, 36, 0),
(1306, 7, 4, 3, 0),
(1307, 14, 35, 11, 0),
(1308, 13, 38, 3, 0),
(1309, 16, 34, 3, 0),
(1310, 40, 12, 7, 0),
(1311, 37, 3, 4, 0),
(1312, 33, 40, 6, 0),
(1313, 37, 29, 8, 0),
(1314, 38, 19, 21, 0),
(1315, 16, 38, 8, 0),
(1316, 16, 32, 5, 0),
(1317, 38, 13, 4, 0),
(1318, 34, 2, 2, 0),
(1319, 19, 39, 14, 0),
(1320, 40, 26, 10, 0),
(1321, 39, 8, 15, 0),
(1322, 14, 38, 9, 0),
(1323, 11, 31, 3, 0),
(1324, 36, 32, 11, 0),
(1325, 16, 29, 5, 0),
(1326, 28, 37, 3, 0),
(1327, 37, 4, 3, 0),
(1328, 39, 7, 11, 0),
(1329, 14, 39, 10, 0),
(1330, 30, 40, 4, 0),
(1331, 40, 33, 10, 0),
(1332, 32, 38, 12, 0),
(1333, 39, 37, 15, 0),
(1334, 38, 31, 8, 0),
(1335, 3, 40, 11, 0),
(1336, 28, 40, 9, 0),
(1337, 35, 5, 10, 0),
(1338, 40, 19, 37, 0),
(1339, 31, 40, 11, 0),
(1340, 40, 28, 20, 0),
(1341, 38, 16, 15, 0),
(1342, 17, 35, 5, 0),
(1343, 26, 37, 6, 0),
(1344, 20, 38, 3, 0),
(1345, 35, 40, 40, 0),
(1346, 40, 38, 25, 0),
(1347, 39, 14, 15, 0),
(1348, 37, 40, 24, 0),
(1349, 38, 29, 7, 0),
(1350, 39, 29, 7, 0),
(1351, 29, 38, 11, 0),
(1352, 38, 27, 11, 0),
(1353, 26, 40, 15, 0),
(1354, 40, 27, 6, 0),
(1355, 4, 40, 15, 0),
(1356, 16, 40, 11, 0),
(1357, 38, 18, 9, 0),
(1358, 10, 35, 5, 0),
(1359, 22, 39, 3, 0),
(1360, 18, 40, 7, 0),
(1361, 26, 39, 10, 0),
(1362, 40, 39, 20, 0),
(1363, 39, 20, 7, 0),
(1364, 20, 39, 23, 0),
(1365, 39, 38, 18, 0),
(1366, 39, 26, 8, 0),
(1367, 40, 36, 17, 0),
(1368, 37, 20, 4, 0),
(1369, 39, 9, 10, 0),
(1370, 9, 39, 7, 0),
(1371, 39, 13, 6, 0),
(1372, 36, 40, 13, 0),
(1373, 40, 6, 6, 0),
(1374, 17, 40, 12, 0),
(1375, 6, 37, 3, 0),
(1376, 40, 17, 9, 0),
(1377, 40, 24, 19, 0),
(1378, 35, 11, 5, 0),
(1379, 35, 18, 10, 0),
(1380, 15, 29, 5, 0),
(1381, 40, 4, 12, 0),
(1382, 40, 21, 17, 0),
(1383, 21, 40, 12, 0),
(1384, 37, 27, 4, 0),
(1385, 10, 40, 11, 0),
(1386, 34, 40, 28, 0),
(1387, 24, 40, 8, 0),
(1388, 40, 13, 16, 0),
(1389, 31, 39, 7, 0),
(1390, 26, 33, 2, 0),
(1391, 7, 40, 6, 0),
(1392, 40, 35, 32, 0),
(1393, 34, 37, 3, 0),
(1394, 37, 30, 12, 0),
(1395, 23, 37, 6, 0),
(1396, 4, 35, 4, 0),
(1397, 15, 36, 5, 0),
(1398, 6, 40, 22, 0),
(1399, 36, 42, 9, 0),
(1400, 42, 30, 13, 1),
(1401, 42, 42, 57, 0),
(1402, 30, 42, 12, 0),
(1403, 42, 43, 52, 0),
(1404, 43, 28, 30, 1),
(1405, 28, 43, 10, 0),
(1406, 43, 43, 16, 0),
(1407, 43, 42, 39, 0),
(1408, 42, 1, 16, 0),
(1409, 1, 43, 11, 0),
(1410, 43, 1, 12, 0),
(1411, 38, 12, 4, 0),
(1412, 1, 42, 12, 0),
(1413, 21, 42, 3, 0),
(1414, 35, 25, 10, 0),
(1415, 42, 19, 20, 0),
(1416, 4, 34, 6, 0),
(1417, 5, 43, 7, 0),
(1418, 13, 40, 10, 0),
(1419, 43, 39, 7, 0),
(1420, 21, 10, 4, 0),
(1421, 40, 43, 14, 0),
(1422, 43, 30, 6, 0),
(1423, 25, 42, 10, 0),
(1424, 33, 10, 3, 0),
(1425, 37, 43, 10, 0),
(1426, 23, 42, 8, 0),
(1427, 37, 42, 10, 0),
(1428, 40, 1, 33, 0),
(1429, 11, 33, 3, 0),
(1430, 38, 24, 2, 0),
(1431, 27, 43, 6, 0),
(1432, 33, 43, 4, 0),
(1433, 5, 39, 14, 0),
(1434, 39, 30, 12, 0),
(1435, 42, 37, 7, 0),
(1436, 34, 38, 7, 0),
(1437, 13, 42, 11, 0),
(1438, 42, 18, 4, 0),
(1439, 15, 38, 2, 0),
(1440, 38, 1, 7, 0),
(1441, 35, 14, 6, 0),
(1442, 42, 38, 18, 0),
(1443, 27, 42, 4, 0),
(1444, 42, 36, 8, 0),
(1445, 22, 38, 16, 0),
(1446, 38, 42, 14, 0),
(1447, 39, 42, 7, 0),
(1448, 40, 42, 18, 0),
(1449, 42, 7, 6, 0),
(1450, 10, 38, 3, 0),
(1451, 35, 1, 12, 0),
(1452, 10, 42, 6, 0),
(1453, 42, 10, 2, 0),
(1454, 15, 42, 8, 0),
(1455, 25, 38, 7, 0),
(1456, 33, 42, 6, 0),
(1457, 43, 26, 2, 0),
(1458, 40, 14, 16, 0),
(1459, 39, 16, 16, 0),
(1460, 42, 13, 3, 0),
(1461, 36, 26, 2, 0),
(1462, 36, 33, 5, 0),
(1463, 33, 39, 5, 0),
(1464, 42, 22, 2, 0),
(1465, 5, 42, 6, 0),
(1466, 42, 26, 2, 0),
(1467, 16, 43, 6, 0),
(1468, 19, 43, 28, 0),
(1469, 42, 27, 9, 0),
(1470, 21, 41, 2, 0),
(1472, 41, 30, 11, 3),
(1473, 30, 41, 9, 0),
(1474, 41, 41, 50, 0),
(1475, 36, 41, 5, 0),
(1476, 41, 8, 21, 0),
(1477, 41, 43, 8, 0),
(1478, 30, 39, 3, 0),
(1479, 39, 41, 12, 0),
(1480, 42, 33, 3, 0),
(1481, 42, 41, 25, 0),
(1482, 41, 42, 48, 0),
(1483, 41, 1, 5, 0),
(1484, 42, 24, 8, 0),
(1485, 43, 32, 16, 0),
(1486, 1, 41, 31, 0),
(1487, 41, 9, 6, 0),
(1488, 9, 41, 4, 0),
(1489, 41, 31, 19, 0),
(1490, 31, 41, 11, 0),
(1491, 28, 41, 4, 0),
(1492, 41, 13, 7, 0),
(1493, 13, 43, 8, 0),
(1494, 5, 41, 11, 0),
(1495, 41, 22, 5, 0),
(1496, 22, 41, 9, 0),
(1497, 41, 40, 16, 0),
(1498, 40, 11, 7, 0),
(1499, 40, 41, 75, 0),
(1500, 37, 26, 4, 0),
(1501, 33, 38, 4, 0),
(1502, 4, 11, 2, 0),
(1503, 7, 36, 4, 0),
(1504, 32, 42, 8, 0),
(1505, 41, 35, 21, 0),
(1506, 42, 29, 16, 0),
(1507, 11, 36, 1, 0),
(1508, 38, 15, 6, 0),
(1509, 14, 40, 9, 0),
(1510, 11, 15, 2, 0),
(1511, 3, 10, 4, 0),
(1512, 11, 13, 5, 0),
(1513, 41, 19, 13, 0),
(1514, 24, 38, 5, 0),
(1515, 18, 37, 6, 0),
(1516, 37, 16, 6, 0),
(1517, 19, 41, 8, 0),
(1518, 41, 28, 4, 0),
(1519, 40, 32, 7, 0),
(1520, 39, 15, 7, 0),
(1521, 39, 31, 16, 0),
(1522, 8, 37, 21, 0),
(1523, 22, 37, 11, 0),
(1524, 27, 39, 3, 0),
(1525, 37, 2, 2, 0),
(1526, 39, 2, 5, 0),
(1527, 2, 38, 6, 0),
(1528, 42, 40, 23, 0),
(1529, 41, 27, 3, 0),
(1530, 25, 40, 9, 0),
(1531, 24, 30, 4, 0),
(1532, 25, 41, 11, 0),
(1533, 4, 30, 6, 0),
(1534, 15, 40, 11, 0),
(1535, 40, 31, 6, 0),
(1536, 40, 16, 15, 0),
(1537, 34, 39, 6, 0),
(1538, 42, 28, 10, 0),
(1539, 27, 41, 4, 0),
(1540, 7, 43, 5, 0),
(1541, 12, 40, 14, 0),
(1542, 40, 10, 11, 0),
(1543, 15, 43, 5, 0),
(1544, 18, 41, 7, 0),
(1545, 14, 42, 8, 0),
(1546, 2, 33, 7, 0),
(1547, 19, 42, 12, 0),
(1548, 43, 13, 10, 0),
(1549, 31, 42, 6, 0),
(1550, 29, 43, 6, 0),
(1551, 38, 41, 12, 0),
(1552, 43, 41, 23, 0),
(1553, 41, 29, 18, 0),
(1554, 6, 43, 4, 0),
(1555, 42, 16, 4, 0),
(1556, 42, 15, 4, 0),
(1557, 43, 34, 6, 0),
(1558, 17, 42, 13, 0),
(1559, 23, 39, 3, 0),
(1560, 15, 39, 3, 0),
(1561, 39, 43, 11, 0),
(1562, 23, 38, 13, 0),
(1563, 37, 41, 16, 0),
(1564, 41, 24, 10, 0),
(1565, 34, 11, 4, 0),
(1566, 24, 43, 1, 0),
(1567, 28, 38, 4, 0),
(1568, 43, 40, 24, 0),
(1569, 41, 39, 12, 0),
(1570, 41, 37, 14, 0),
(1571, 41, 18, 14, 0),
(1572, 30, 24, 5, 0),
(1573, 42, 35, 25, 0),
(1574, 35, 39, 29, 0),
(1575, 43, 38, 10, 0),
(1576, 38, 43, 10, 0),
(1577, 37, 34, 10, 0),
(1578, 39, 34, 15, 0),
(1579, 34, 41, 8, 0),
(1580, 43, 22, 4, 0),
(1581, 37, 21, 3, 0),
(1582, 43, 23, 15, 0),
(1583, 20, 40, 7, 0),
(1584, 1, 38, 13, 0),
(1585, 41, 36, 5, 0),
(1586, 36, 11, 4, 0),
(1587, 34, 17, 2, 0),
(1588, 34, 16, 7, 0),
(1589, 13, 41, 5, 0),
(1590, 38, 32, 8, 0),
(1591, 31, 43, 27, 0),
(1592, 42, 14, 5, 0),
(1593, 30, 38, 4, 0),
(1594, 41, 25, 21, 0),
(1595, 2, 39, 3, 0),
(1596, 6, 42, 6, 0),
(1597, 15, 41, 7, 0),
(1598, 41, 11, 3, 0),
(1599, 1, 40, 16, 0),
(1600, 11, 42, 2, 0),
(1601, 24, 41, 5, 0),
(1602, 29, 42, 10, 0),
(1603, 41, 5, 10, 0),
(1604, 25, 43, 8, 0),
(1605, 43, 35, 5, 0),
(1606, 34, 33, 5, 0),
(1607, 35, 41, 14, 0),
(1608, 41, 34, 6, 0),
(1609, 23, 41, 18, 0),
(1610, 41, 23, 46, 0),
(1611, 43, 25, 7, 0),
(1612, 42, 32, 19, 0),
(1613, 43, 5, 9, 0),
(1614, 34, 23, 10, 0),
(1615, 24, 42, 4, 0),
(1616, 40, 23, 24, 0),
(1617, 22, 42, 4, 0),
(1618, 3, 34, 5, 0),
(1619, 3, 42, 18, 0),
(1620, 43, 12, 5, 0),
(1621, 30, 20, 6, 0),
(1622, 41, 33, 3, 0),
(1623, 18, 42, 1, 0),
(1624, 42, 25, 7, 0),
(1625, 29, 39, 3, 0),
(1626, 36, 43, 5, 0),
(1628, 45, 25, 6, 1),
(1629, 25, 45, 3, 0),
(1630, 45, 45, 14, 0),
(1631, 16, 44, 2, 0),
(1632, 45, 13, 3, 0),
(1633, 43, 17, 7, 0),
(1634, 41, 7, 3, 0),
(1635, 44, 40, 20, 0),
(1636, 40, 44, 46, 0),
(1637, 44, 37, 7, 0),
(1638, 40, 34, 11, 0),
(1639, 21, 44, 4, 0),
(1640, 44, 14, 5, 0),
(1641, 39, 35, 30, 0),
(1642, 18, 45, 10, 0),
(1643, 45, 23, 37, 0),
(1644, 17, 43, 11, 0),
(1645, 44, 28, 2, 0),
(1646, 29, 45, 4, 0),
(1647, 45, 28, 6, 0),
(1648, 45, 6, 8, 0),
(1649, 43, 37, 12, 0),
(1650, 22, 40, 12, 0),
(1651, 6, 39, 8, 0),
(1652, 3, 41, 2, 0),
(1653, 41, 26, 3, 0),
(1654, 38, 45, 4, 0),
(1655, 45, 2, 3, 0),
(1656, 8, 43, 20, 0),
(1657, 40, 2, 9, 0),
(1658, 7, 44, 3, 0),
(1659, 32, 41, 11, 0),
(1660, 44, 36, 1, 0),
(1661, 12, 42, 4, 0),
(1662, 17, 41, 7, 0),
(1663, 41, 45, 16, 0),
(1664, 23, 45, 14, 0),
(1665, 45, 4, 2, 0),
(1666, 18, 39, 5, 0),
(1667, 37, 7, 4, 0),
(1668, 44, 29, 12, 0),
(1669, 10, 43, 2, 0),
(1670, 5, 40, 12, 0),
(1671, 18, 9, 4, 0),
(1672, 12, 45, 4, 0),
(1673, 45, 19, 9, 0),
(1674, 17, 45, 4, 0),
(1675, 44, 30, 9, 0),
(1676, 11, 45, 1, 0),
(1677, 33, 45, 3, 0),
(1678, 43, 45, 15, 0),
(1679, 45, 38, 8, 0),
(1680, 41, 12, 5, 0),
(1681, 40, 45, 8, 0),
(1682, 42, 12, 4, 0),
(1683, 41, 10, 4, 0),
(1684, 42, 20, 5, 0),
(1685, 12, 41, 2, 0),
(1686, 12, 33, 1, 0),
(1687, 45, 39, 15, 0),
(1688, 18, 43, 7, 0),
(1689, 15, 32, 3, 0),
(1690, 21, 45, 17, 0),
(1691, 13, 46, 8, 0),
(1692, 46, 46, 97, 0),
(1693, 46, 45, 13, 1),
(1694, 43, 46, 17, 0),
(1695, 45, 43, 16, 0),
(1696, 44, 42, 8, 0),
(1697, 45, 42, 6, 0),
(1698, 42, 45, 11, 0),
(1699, 45, 34, 5, 0),
(1700, 16, 46, 9, 0),
(1701, 30, 46, 10, 0),
(1702, 46, 44, 19, 0),
(1703, 44, 45, 30, 0),
(1704, 46, 30, 13, 0),
(1705, 45, 46, 36, 0),
(1706, 46, 13, 5, 0),
(1707, 28, 42, 3, 0),
(1708, 24, 46, 8, 0),
(1709, 20, 41, 2, 0),
(1710, 42, 31, 6, 0),
(1711, 46, 42, 11, 0),
(1712, 41, 14, 7, 0),
(1713, 36, 7, 3, 0),
(1714, 24, 45, 3, 0),
(1715, 43, 19, 8, 0),
(1716, 30, 11, 3, 0),
(1717, 42, 3, 4, 0),
(1718, 34, 45, 5, 0),
(1719, 45, 36, 5, 0),
(1720, 36, 46, 28, 0),
(1721, 46, 38, 13, 2),
(1722, 38, 46, 9, 0),
(1723, 41, 21, 5, 0),
(1724, 4, 42, 14, 0),
(1725, 45, 37, 10, 0),
(1726, 39, 45, 5, 0),
(1727, 14, 41, 21, 0),
(1728, 43, 16, 3, 0),
(1729, 38, 4, 4, 0),
(1730, 19, 46, 26, 0),
(1731, 42, 46, 6, 0),
(1732, 41, 46, 13, 0),
(1733, 46, 41, 9, 0),
(1734, 40, 46, 27, 0),
(1735, 17, 46, 7, 0),
(1736, 1, 7, 71, 0),
(1737, 22, 46, 1, 0),
(1738, 46, 33, 6, 0),
(1739, 43, 15, 6, 0),
(1740, 15, 44, 3, 0),
(1741, 44, 44, 25, 0),
(1742, 44, 39, 26, 0),
(1743, 42, 34, 15, 0),
(1744, 44, 33, 5, 0),
(1745, 46, 32, 6, 0),
(1746, 4, 37, 3, 0),
(1747, 20, 42, 3, 0),
(1748, 32, 43, 2, 0),
(1749, 42, 5, 10, 0),
(1750, 45, 40, 7, 0),
(1751, 37, 44, 6, 0),
(1752, 23, 46, 19, 0),
(1753, 46, 17, 8, 0),
(1754, 40, 30, 28, 0),
(1755, 46, 6, 9, 0),
(1756, 27, 46, 5, 0),
(1757, 46, 1, 8, 0),
(1758, 42, 39, 6, 0),
(1759, 39, 18, 6, 0),
(1760, 46, 21, 3, 0),
(1761, 44, 18, 3, 0),
(1762, 42, 4, 3, 0),
(1763, 27, 40, 10, 0),
(1764, 26, 43, 4, 0),
(1765, 40, 18, 4, 0),
(1766, 44, 24, 9, 0),
(1767, 37, 11, 1, 0),
(1768, 7, 41, 3, 0),
(1769, 32, 45, 5, 0),
(1770, 7, 37, 19, 0),
(1771, 40, 20, 7, 0),
(1772, 45, 41, 22, 0),
(1773, 43, 29, 3, 0),
(1774, 42, 9, 2, 0),
(1775, 46, 34, 8, 0),
(1776, 44, 10, 5, 0),
(1777, 10, 45, 2, 0),
(1778, 45, 44, 13, 0),
(1779, 44, 46, 15, 0),
(1780, 29, 44, 3, 0),
(1781, 34, 44, 6, 0),
(1782, 46, 14, 20, 0),
(1783, 14, 46, 7, 0),
(1784, 46, 8, 14, 0),
(1785, 8, 44, 11, 0),
(1786, 46, 18, 17, 0),
(1787, 6, 46, 8, 0),
(1788, 17, 44, 9, 0),
(1789, 44, 5, 8, 0),
(1790, 5, 44, 9, 0),
(1791, 44, 8, 7, 0),
(1792, 8, 45, 7, 0),
(1793, 39, 1, 7, 0),
(1794, 7, 42, 3, 0),
(1795, 42, 44, 23, 0),
(1796, 44, 23, 11, 0),
(1797, 45, 30, 6, 0),
(1798, 35, 44, 11, 0),
(1799, 30, 45, 3, 0),
(1800, 28, 46, 4, 0),
(1801, 46, 19, 32, 0),
(1802, 46, 37, 7, 0),
(1803, 1, 46, 8, 0),
(1804, 46, 23, 33, 0),
(1805, 23, 44, 8, 0),
(1806, 44, 13, 5, 0),
(1807, 45, 33, 3, 0),
(1808, 33, 41, 5, 0),
(1809, 45, 24, 4, 0),
(1810, 37, 12, 3, 0),
(1811, 26, 44, 5, 0),
(1812, 2, 41, 8, 0),
(1813, 43, 14, 3, 0),
(1814, 46, 9, 17, 0),
(1815, 9, 44, 15, 0),
(1816, 44, 11, 13, 0),
(1817, 8, 41, 21, 0),
(1818, 43, 3, 17, 0),
(1819, 45, 16, 24, 0),
(1820, 38, 6, 1, 0),
(1821, 37, 23, 12, 0),
(1822, 44, 35, 11, 0),
(1823, 45, 35, 17, 0),
(1824, 44, 19, 12, 0),
(1825, 46, 16, 21, 0),
(1826, 3, 46, 10, 0),
(1827, 46, 27, 3, 0),
(1828, 46, 40, 19, 0),
(1829, 8, 39, 16, 0),
(1830, 40, 8, 22, 0),
(1831, 8, 42, 29, 0),
(1832, 1, 39, 20, 0),
(1833, 39, 44, 18, 0),
(1834, 44, 31, 14, 0),
(1835, 31, 44, 17, 0),
(1836, 43, 9, 4, 0),
(1837, 4, 41, 10, 0),
(1838, 45, 1, 4, 0),
(1839, 44, 25, 11, 0),
(1840, 38, 21, 1, 0),
(1841, 38, 9, 3, 0),
(1842, 12, 46, 6, 0),
(1843, 46, 5, 13, 0),
(1844, 34, 42, 9, 0),
(1845, 32, 40, 21, 0),
(1846, 44, 20, 12, 0),
(1847, 35, 46, 13, 0),
(1848, 46, 36, 8, 0),
(1849, 38, 5, 8, 0),
(1850, 46, 2, 14, 0),
(1851, 2, 45, 4, 0),
(1852, 5, 46, 19, 0),
(1853, 46, 25, 4, 0),
(1854, 28, 45, 9, 0),
(1855, 35, 45, 16, 0),
(1856, 30, 43, 5, 0),
(1857, 37, 8, 13, 0),
(1858, 39, 6, 22, 0),
(1859, 14, 44, 8, 0),
(1860, 36, 45, 5, 0),
(1861, 37, 46, 8, 0),
(1862, 41, 44, 13, 0),
(1863, 8, 46, 12, 0),
(1864, 34, 46, 21, 0),
(1865, 15, 46, 3, 0),
(1866, 43, 44, 17, 0),
(1867, 46, 4, 2, 0),
(1868, 22, 35, 8, 0),
(1869, 37, 32, 10, 0),
(1870, 3, 43, 2, 0),
(1871, 37, 22, 1, 0),
(1872, 35, 9, 3, 0),
(1873, 9, 42, 3, 0),
(1874, 27, 44, 3, 0),
(1875, 44, 41, 6, 0),
(1876, 27, 45, 11, 0),
(1877, 45, 27, 4, 0),
(1878, 35, 43, 7, 0),
(1879, 41, 4, 7, 0),
(1880, 14, 45, 12, 0),
(1881, 41, 15, 5, 0),
(1882, 39, 27, 15, 0),
(1883, 28, 44, 8, 0),
(1884, 44, 3, 5, 0),
(1885, 7, 34, 2, 0),
(1886, 43, 6, 5, 0),
(1887, 32, 20, 8, 0),
(1888, 19, 44, 6, 0),
(1889, 6, 41, 4, 0),
(1890, 3, 39, 8, 0),
(1891, 45, 32, 4, 0),
(1892, 45, 26, 3, 0),
(1893, 44, 43, 10, 0),
(1894, 29, 46, 8, 0),
(1895, 46, 35, 14, 0),
(1896, 25, 44, 4, 0),
(1897, 15, 45, 6, 0),
(1898, 45, 29, 2, 0),
(1899, 35, 42, 8, 0),
(1900, 21, 38, 4, 0),
(1901, 44, 27, 3, 0),
(1902, 44, 26, 3, 0),
(1903, 41, 32, 4, 0),
(1904, 26, 42, 6, 0),
(1905, 21, 43, 3, 0),
(1906, 10, 44, 4, 0),
(1907, 42, 8, 7, 0),
(1908, 45, 14, 3, 0),
(1909, 43, 36, 1, 0),
(1910, 42, 2, 4, 0),
(1911, 12, 44, 4, 0),
(1912, 6, 44, 5, 0),
(1913, 44, 9, 9, 0),
(1914, 30, 7, 7, 0),
(1915, 44, 7, 3, 0),
(1916, 42, 23, 6, 0),
(1917, 19, 45, 7, 0),
(1918, 2, 46, 7, 0),
(1919, 21, 8, 5, 0),
(1920, 14, 43, 6, 0),
(1921, 44, 32, 1, 0),
(1922, 16, 42, 7, 0),
(1923, 12, 4, 6, 0),
(1924, 9, 37, 2, 0),
(1925, 43, 7, 7, 0),
(1926, 39, 21, 2, 0),
(1927, 7, 38, 4, 0),
(1928, 46, 43, 9, 0),
(1929, 38, 48, 11, 0),
(1930, 48, 48, 84, 0),
(1931, 48, 47, 24, 0),
(1932, 47, 47, 34, 0),
(1933, 47, 15, 4, 0),
(1934, 15, 47, 5, 0),
(1935, 47, 48, 41, 0),
(1936, 48, 4, 4, 0),
(1937, 4, 48, 9, 0),
(1938, 48, 17, 18, 0),
(1939, 17, 47, 16, 0),
(1940, 4, 47, 3, 0),
(1941, 30, 47, 4, 0),
(1942, 47, 44, 5, 0),
(1943, 47, 4, 3, 0),
(1944, 39, 19, 17, 0),
(1945, 48, 39, 13, 0),
(1946, 35, 47, 11, 0),
(1947, 47, 9, 3, 0),
(1948, 43, 4, 2, 0),
(1949, 17, 39, 6, 0),
(1950, 20, 46, 2, 0),
(1951, 47, 31, 8, 0),
(1952, 46, 11, 2, 0),
(1953, 5, 47, 11, 0),
(1954, 27, 47, 2, 0),
(1955, 41, 47, 10, 0),
(1956, 46, 47, 31, 0),
(1957, 2, 48, 9, 0),
(1958, 34, 47, 5, 0),
(1959, 45, 47, 4, 0),
(1960, 47, 1, 10, 0),
(1961, 48, 43, 5, 0),
(1962, 41, 20, 7, 0),
(1963, 32, 44, 4, 0),
(1964, 4, 27, 3, 0),
(1965, 7, 47, 3, 0),
(1966, 47, 7, 5, 0),
(1967, 26, 45, 4, 0),
(1968, 40, 47, 11, 0),
(1969, 40, 22, 8, 0),
(1970, 6, 45, 5, 0),
(1971, 32, 48, 10, 0),
(1972, 27, 48, 6, 0),
(1973, 25, 46, 1, 0),
(1974, 34, 12, 5, 0),
(1975, 32, 46, 8, 0),
(1976, 46, 31, 5, 0),
(1977, 43, 8, 15, 0),
(1978, 46, 28, 3, 0),
(1979, 39, 25, 4, 0),
(1980, 29, 47, 8, 0),
(1981, 28, 47, 2, 0),
(1982, 21, 47, 3, 0),
(1983, 8, 48, 13, 0),
(1984, 47, 2, 4, 0),
(1985, 38, 10, 2, 0),
(1986, 7, 48, 2, 0),
(1987, 14, 47, 2, 0),
(1988, 11, 40, 6, 0),
(1989, 48, 36, 9, 0),
(1990, 48, 12, 5, 0),
(1991, 12, 3, 3, 0),
(1992, 4, 46, 1, 0),
(1993, 39, 46, 11, 0),
(1994, 46, 3, 2, 0),
(1995, 16, 45, 10, 0),
(1996, 45, 48, 6, 0),
(1997, 48, 38, 14, 0),
(1998, 20, 48, 8, 0),
(1999, 48, 41, 26, 0),
(2000, 39, 48, 11, 0),
(2001, 48, 35, 26, 0),
(2002, 48, 42, 12, 0),
(2003, 30, 44, 7, 0),
(2004, 37, 47, 17, 0),
(2005, 47, 25, 2, 0),
(2006, 40, 48, 13, 0),
(2007, 7, 39, 6, 0),
(2008, 8, 47, 12, 0),
(2009, 47, 18, 3, 0),
(2010, 14, 48, 11, 0),
(2011, 48, 1, 14, 0),
(2012, 1, 47, 6, 0),
(2013, 47, 35, 7, 0),
(2014, 41, 6, 8, 0),
(2015, 6, 48, 4, 0),
(2016, 48, 15, 6, 0),
(2017, 11, 47, 2, 0),
(2018, 47, 37, 3, 0),
(2019, 43, 47, 2, 0),
(2020, 48, 7, 6, 0),
(2021, 2, 47, 5, 0),
(2022, 47, 46, 8, 0),
(2023, 46, 48, 20, 0),
(2024, 48, 34, 13, 0),
(2025, 34, 48, 7, 0),
(2026, 48, 29, 8, 0),
(2027, 48, 37, 9, 0),
(2028, 20, 47, 3, 0),
(2029, 47, 28, 3, 0),
(2030, 26, 47, 2, 0),
(2031, 47, 16, 2, 0),
(2032, 43, 31, 2, 0),
(2033, 42, 48, 16, 0),
(2034, 33, 47, 2, 0),
(2035, 39, 4, 13, 0),
(2036, 37, 6, 4, 0),
(2037, 8, 40, 24, 0),
(2038, 30, 48, 10, 0),
(2039, 38, 3, 2, 0),
(2040, 47, 5, 14, 0),
(2041, 39, 47, 4, 0),
(2042, 1, 45, 10, 0),
(2043, 34, 27, 3, 0),
(2044, 5, 45, 6, 0),
(2045, 48, 23, 11, 0),
(2046, 1, 48, 13, 0),
(2047, 44, 21, 3, 0),
(2048, 46, 39, 14, 0),
(2049, 23, 43, 6, 0),
(2050, 36, 47, 6, 0),
(2051, 47, 24, 2, 0),
(2052, 18, 44, 5, 0),
(2053, 29, 48, 4, 0),
(2054, 48, 31, 3, 0),
(2055, 47, 23, 10, 0),
(2056, 17, 38, 9, 0),
(2057, 41, 38, 7, 0),
(2058, 18, 46, 9, 0),
(2059, 6, 47, 3, 0),
(2060, 47, 36, 2, 0),
(2061, 44, 1, 8, 0),
(2062, 44, 17, 3, 0),
(2063, 23, 48, 25, 0),
(2064, 48, 19, 20, 0),
(2065, 47, 8, 16, 0),
(2066, 3, 48, 18, 0),
(2067, 17, 48, 2, 0),
(2068, 48, 16, 4, 0),
(2069, 47, 17, 3, 0),
(2070, 48, 6, 8, 0),
(2071, 22, 48, 8, 0),
(2072, 11, 37, 2, 0),
(2073, 2, 42, 2, 0),
(2074, 28, 16, 4, 0),
(2075, 22, 44, 3, 0),
(2076, 10, 29, 10, 0),
(2077, 33, 48, 8, 0),
(2078, 48, 46, 39, 0),
(2079, 1, 44, 17, 0),
(2080, 37, 48, 3, 0),
(2081, 19, 48, 14, 0),
(2082, 36, 48, 10, 0),
(2083, 48, 8, 7, 0),
(2084, 2, 43, 12, 0),
(2085, 12, 43, 5, 0),
(2086, 9, 46, 3, 0),
(2087, 48, 26, 4, 0),
(2088, 13, 44, 5, 0),
(2089, 44, 16, 4, 0),
(2090, 35, 48, 21, 0),
(2091, 16, 9, 6, 0),
(2092, 9, 47, 5, 0),
(2093, 47, 19, 5, 0),
(2094, 16, 47, 1, 0),
(2095, 47, 13, 4, 0),
(2096, 16, 48, 4, 0),
(2097, 47, 40, 16, 0),
(2098, 48, 9, 9, 0),
(2099, 45, 10, 3, 0),
(2100, 47, 20, 8, 0),
(2101, 9, 45, 3, 0),
(2102, 24, 48, 3, 0),
(2103, 44, 34, 9, 0),
(2104, 7, 46, 4, 0),
(2105, 46, 12, 5, 0),
(2106, 19, 47, 8, 0),
(2107, 12, 36, 2, 0),
(2108, 48, 30, 4, 0),
(2109, 47, 45, 3, 0),
(2110, 36, 44, 7, 0),
(2111, 48, 18, 9, 0),
(2112, 48, 45, 7, 0),
(2113, 37, 31, 2, 0),
(2114, 18, 48, 8, 0),
(2115, 31, 46, 4, 0),
(2116, 24, 47, 3, 0),
(2117, 48, 13, 5, 0),
(2118, 45, 21, 1, 0),
(2119, 10, 46, 2, 0),
(2120, 39, 3, 3, 0),
(2121, 47, 12, 5, 0),
(2122, 38, 44, 6, 0),
(2123, 16, 33, 5, 0),
(2124, 32, 47, 7, 0),
(2125, 34, 43, 4, 0),
(2126, 47, 32, 6, 0),
(2127, 45, 17, 2, 0),
(2128, 41, 3, 3, 0),
(2129, 5, 48, 15, 0),
(2130, 38, 34, 5, 0),
(2131, 11, 44, 4, 0),
(2132, 32, 34, 2, 0),
(2133, 31, 48, 16, 0),
(2134, 48, 10, 7, 0),
(2135, 47, 14, 7, 0),
(2136, 13, 48, 2, 0),
(2137, 48, 25, 6, 0),
(2138, 47, 29, 2, 0),
(2139, 26, 48, 6, 0),
(2140, 21, 46, 5, 0),
(2141, 22, 36, 3, 0),
(2142, 45, 3, 2, 0),
(2143, 48, 20, 5, 0),
(2144, 40, 3, 10, 0),
(2145, 39, 22, 7, 0),
(2146, 18, 47, 4, 0),
(2147, 21, 48, 1, 0),
(2148, 12, 39, 3, 0),
(2149, 47, 38, 2, 0),
(2150, 39, 5, 11, 0),
(2151, 35, 22, 3, 0),
(2152, 45, 18, 3, 0),
(2153, 23, 47, 13, 0),
(2154, 47, 3, 7, 0),
(2155, 38, 30, 4, 0),
(2156, 18, 36, 1, 0),
(2157, 13, 4, 3, 0),
(2158, 48, 14, 6, 0),
(2159, 34, 31, 6, 0),
(2160, 27, 37, 2, 0),
(2161, 37, 45, 4, 0),
(2162, 38, 2, 3, 0),
(2163, 39, 12, 8, 0),
(2164, 47, 34, 3, 0),
(2165, 48, 40, 15, 0),
(2166, 43, 48, 8, 0),
(2167, 41, 16, 5, 0),
(2168, 47, 11, 2, 0),
(2169, 44, 48, 21, 0),
(2170, 3, 37, 3, 0),
(2171, 36, 6, 5, 0),
(2172, 44, 38, 9, 0),
(2173, 46, 24, 5, 0),
(2174, 45, 20, 2, 0),
(2175, 27, 10, 7, 0),
(2176, 44, 22, 4, 0),
(2177, 39, 17, 4, 0),
(2178, 48, 27, 7, 0),
(2179, 48, 2, 3, 0),
(2180, 45, 5, 3, 0),
(2181, 39, 10, 1, 0),
(2182, 10, 4, 4, 0),
(2183, 47, 10, 2, 0),
(2184, 2, 12, 1, 0),
(2185, 22, 47, 3, 0),
(2186, 10, 39, 2, 0),
(2187, 10, 47, 1, 0),
(2188, 42, 47, 5, 0),
(2189, 41, 48, 11, 0),
(2190, 48, 28, 3, 0),
(2191, 15, 48, 3, 0),
(2192, 33, 7, 1, 0),
(2193, 32, 8, 2, 0),
(2194, 44, 49, 14, 0),
(2195, 49, 49, 64, 0),
(2196, 49, 15, 3, 0),
(2197, 38, 47, 5, 0),
(2198, 12, 37, 4, 0),
(2199, 2, 10, 1, 0),
(2200, 28, 48, 6, 0),
(2201, 45, 31, 3, 0),
(2202, 47, 33, 4, 0),
(2203, 43, 24, 2, 0),
(2204, 13, 45, 2, 0),
(2205, 25, 47, 2, 0),
(2206, 46, 49, 3, 0),
(2207, 2, 50, 1, 0),
(2209, 50, 8, 16, 5),
(2210, 8, 50, 8, 0),
(2211, 50, 26, 4, 0),
(2212, 48, 3, 11, 0),
(2213, 29, 49, 6, 0),
(2214, 42, 49, 4, 0),
(2215, 49, 40, 16, 0),
(2216, 50, 50, 50, 0),
(2217, 50, 43, 3, 0),
(2218, 43, 50, 7, 0),
(2219, 50, 48, 2, 0),
(2220, 50, 42, 5, 0),
(2221, 23, 49, 27, 0),
(2222, 49, 6, 3, 0),
(2223, 49, 39, 5, 0),
(2224, 13, 50, 6, 0),
(2225, 50, 13, 4, 0),
(2226, 5, 49, 4, 0),
(2227, 49, 13, 3, 0),
(2228, 48, 49, 23, 0),
(2229, 49, 42, 6, 0),
(2230, 38, 49, 3, 0),
(2231, 49, 11, 4, 0),
(2232, 9, 49, 4, 0),
(2233, 11, 49, 3, 0),
(2234, 49, 48, 8, 0),
(2235, 49, 32, 5, 0),
(2236, 41, 17, 1, 0),
(2237, 47, 39, 1, 0),
(2238, 39, 33, 4, 0),
(2239, 46, 10, 2, 0),
(2240, 47, 21, 4, 0),
(2241, 4, 44, 7, 0),
(2242, 17, 37, 2, 0),
(2243, 36, 14, 1, 0),
(2244, 47, 41, 3, 0),
(2245, 3, 44, 1, 0),
(2246, 47, 26, 1, 0),
(2247, 47, 49, 7, 0),
(2248, 49, 27, 12, 0),
(2249, 42, 11, 1, 0),
(2250, 38, 50, 9, 0),
(2251, 11, 35, 1, 0),
(2252, 48, 50, 5, 0),
(2253, 43, 18, 4, 0),
(2254, 11, 50, 4, 0),
(2255, 35, 50, 2, 0),
(2256, 50, 47, 3, 0),
(2257, 47, 50, 20, 0),
(2258, 46, 50, 4, 0),
(2259, 50, 41, 4, 0),
(2260, 6, 50, 3, 0),
(2261, 50, 17, 3, 0),
(2262, 24, 50, 2, 0),
(2263, 28, 50, 2, 0),
(2264, 32, 50, 8, 0),
(2265, 50, 33, 2, 0),
(2266, 33, 50, 1, 0),
(2267, 50, 49, 6, 0),
(2268, 49, 50, 21, 0),
(2269, 50, 31, 4, 0),
(2270, 19, 50, 14, 0),
(2271, 24, 44, 6, 0),
(2272, 44, 50, 2, 0),
(2273, 50, 10, 4, 0),
(2274, 15, 49, 4, 0),
(2275, 49, 28, 3, 0),
(2276, 49, 33, 4, 0),
(2277, 14, 49, 3, 0),
(2278, 29, 50, 4, 0),
(2279, 17, 50, 4, 0),
(2280, 50, 38, 5, 0),
(2281, 25, 49, 3, 0),
(2282, 49, 26, 7, 0),
(2283, 16, 49, 5, 0),
(2284, 33, 36, 2, 0),
(2285, 49, 5, 8, 0),
(2286, 48, 22, 3, 0),
(2287, 16, 41, 1, 0),
(2288, 49, 21, 1, 0),
(2289, 27, 50, 5, 0),
(2290, 2, 34, 1, 0),
(2291, 49, 16, 5, 0),
(2292, 50, 30, 9, 0),
(2293, 28, 18, 2, 0),
(2294, 50, 19, 15, 0),
(2295, 49, 46, 5, 0),
(2296, 50, 45, 2, 0),
(2297, 5, 50, 15, 0),
(2298, 30, 28, 4, 0),
(2299, 26, 49, 4, 0),
(2300, 49, 43, 1, 0),
(2301, 43, 2, 4, 0),
(2302, 2, 49, 3, 0),
(2303, 50, 24, 4, 0),
(2304, 49, 22, 3, 0),
(2305, 50, 46, 8, 0),
(2306, 47, 27, 3, 0),
(2307, 27, 49, 6, 0),
(2308, 43, 49, 5, 0),
(2309, 46, 7, 2, 0),
(2310, 49, 41, 16, 0),
(2311, 31, 49, 3, 0),
(2312, 49, 44, 12, 0),
(2313, 41, 49, 3, 0),
(2314, 36, 49, 2, 0),
(2315, 49, 17, 3, 0),
(2316, 45, 9, 1, 0),
(2317, 22, 45, 5, 0),
(2318, 33, 22, 1, 0),
(2319, 50, 40, 3, 0),
(2320, 26, 46, 4, 0),
(2321, 19, 51, 16, 0),
(2322, 51, 26, 11, 5),
(2323, 26, 51, 4, 0),
(2324, 51, 51, 58, 0),
(2325, 20, 51, 4, 0),
(2326, 33, 1, 2, 0),
(2327, 42, 17, 3, 0),
(2328, 47, 43, 4, 0),
(2329, 3, 45, 2, 0),
(2330, 35, 51, 2, 0),
(2331, 44, 51, 13, 0),
(2332, 13, 51, 1, 0),
(2333, 22, 51, 2, 0),
(2334, 51, 41, 4, 0),
(2335, 45, 51, 3, 0),
(2336, 11, 34, 2, 0),
(2337, 51, 33, 3, 0),
(2338, 50, 25, 10, 0),
(2339, 7, 51, 3, 0),
(2340, 30, 51, 2, 0),
(2341, 51, 1, 11, 0),
(2342, 51, 38, 7, 0),
(2343, 7, 49, 2, 0),
(2344, 51, 39, 18, 0),
(2345, 38, 51, 4, 0),
(2346, 37, 51, 7, 0),
(2347, 50, 23, 3, 0),
(2348, 51, 23, 4, 0),
(2349, 49, 51, 4, 0),
(2350, 8, 51, 7, 0),
(2351, 51, 15, 3, 0),
(2352, 51, 11, 2, 0),
(2353, 38, 11, 1, 0),
(2354, 11, 46, 1, 0),
(2355, 46, 29, 3, 0),
(2356, 10, 51, 2, 0),
(2357, 51, 21, 7, 0),
(2358, 46, 15, 6, 0),
(2359, 30, 49, 2, 0),
(2360, 1, 51, 9, 0),
(2361, 51, 43, 32, 0),
(2362, 50, 15, 1, 0),
(2363, 51, 44, 2, 0),
(2364, 47, 42, 14, 0),
(2365, 33, 20, 1, 0),
(2366, 50, 1, 6, 0),
(2367, 45, 8, 6, 0),
(2368, 20, 45, 5, 0),
(2369, 41, 2, 5, 0),
(2370, 23, 51, 8, 0),
(2371, 51, 3, 2, 0),
(2372, 20, 43, 1, 0),
(2373, 49, 29, 16, 0),
(2374, 23, 50, 3, 0),
(2375, 50, 2, 1, 0),
(2376, 50, 5, 4, 0),
(2377, 5, 51, 5, 0),
(2378, 39, 50, 4, 0),
(2379, 31, 50, 1, 0),
(2380, 51, 32, 2, 0),
(2381, 35, 49, 9, 0),
(2382, 51, 19, 10, 0),
(2383, 50, 39, 5, 0),
(2384, 10, 49, 10, 0),
(2385, 49, 12, 5, 0),
(2386, 49, 37, 3, 0),
(2387, 37, 28, 3, 0),
(2388, 15, 50, 1, 0),
(2389, 44, 6, 2, 0),
(2390, 40, 49, 4, 0),
(2391, 16, 50, 1, 0),
(2392, 19, 49, 5, 0),
(2393, 51, 50, 3, 0),
(2394, 51, 48, 4, 0),
(2395, 25, 39, 3, 0),
(2396, 34, 49, 3, 0),
(2397, 48, 51, 3, 0),
(2398, 51, 5, 7, 0),
(2399, 49, 3, 11, 0),
(2400, 8, 52, 3, 0),
(2402, 52, 12, 9, 0),
(2403, 12, 52, 3, 0),
(2404, 52, 3, 4, 0),
(2405, 3, 36, 6, 0),
(2406, 36, 52, 3, 0),
(2407, 52, 35, 12, 5),
(2408, 35, 52, 7, 0),
(2409, 52, 52, 40, 0),
(2410, 52, 46, 7, 0),
(2411, 46, 52, 6, 0),
(2412, 20, 44, 7, 0),
(2413, 24, 51, 4, 0),
(2414, 51, 6, 7, 0),
(2415, 40, 51, 16, 0),
(2416, 40, 15, 2, 0),
(2417, 34, 52, 8, 0),
(2418, 29, 51, 5, 0),
(2419, 51, 52, 18, 0),
(2420, 52, 40, 16, 0),
(2421, 34, 13, 2, 0),
(2422, 6, 49, 3, 0),
(2423, 52, 16, 5, 0),
(2424, 11, 21, 2, 0),
(2425, 51, 9, 2, 0),
(2426, 39, 49, 6, 0),
(2427, 50, 52, 18, 0),
(2428, 52, 9, 2, 0),
(2429, 16, 52, 2, 0),
(2430, 50, 34, 7, 0),
(2431, 52, 33, 2, 0),
(2432, 52, 28, 2, 0),
(2433, 13, 52, 1, 0),
(2434, 30, 50, 3, 0),
(2435, 50, 32, 2, 0),
(2436, 19, 52, 6, 0),
(2437, 9, 50, 2, 0),
(2438, 52, 48, 23, 0),
(2439, 22, 52, 2, 0),
(2440, 37, 49, 10, 0),
(2441, 44, 47, 1, 0),
(2442, 47, 52, 10, 0),
(2443, 52, 39, 21, 0),
(2444, 26, 52, 3, 0),
(2445, 52, 7, 2, 0),
(2446, 48, 52, 28, 0),
(2447, 18, 51, 4, 0),
(2448, 49, 2, 1, 0),
(2449, 21, 7, 1, 0),
(2450, 2, 52, 4, 0),
(2451, 49, 19, 11, 0),
(2452, 52, 20, 6, 0),
(2453, 52, 14, 9, 0),
(2454, 48, 5, 18, 0),
(2455, 50, 44, 6, 0),
(2456, 51, 49, 6, 0),
(2457, 49, 18, 3, 0),
(2458, 18, 52, 1, 0),
(2459, 14, 52, 4, 0),
(2460, 3, 51, 2, 0),
(2461, 44, 52, 16, 0),
(2462, 49, 52, 10, 0),
(2463, 52, 51, 6, 0),
(2464, 51, 45, 4, 0),
(2465, 51, 18, 13, 0),
(2466, 6, 51, 5, 0),
(2467, 51, 36, 2, 0),
(2468, 50, 21, 1, 0),
(2469, 52, 8, 3, 0),
(2470, 13, 47, 3, 0),
(2471, 52, 32, 2, 0),
(2472, 48, 53, 18, 0),
(2473, 53, 30, 10, 5),
(2474, 30, 53, 4, 0),
(2475, 53, 53, 42, 0),
(2476, 53, 19, 13, 0),
(2477, 19, 53, 20, 0),
(2478, 53, 37, 9, 0),
(2479, 49, 34, 3, 0),
(2480, 1, 50, 3, 0),
(2481, 52, 53, 41, 0),
(2482, 13, 49, 8, 0),
(2483, 43, 53, 16, 0),
(2484, 53, 8, 17, 0),
(2485, 13, 53, 5, 0),
(2486, 27, 53, 2, 0),
(2487, 41, 53, 16, 0),
(2488, 53, 41, 15, 0),
(2489, 39, 53, 10, 0),
(2490, 53, 47, 3, 0),
(2491, 47, 22, 1, 0),
(2492, 50, 53, 2, 0),
(2493, 53, 38, 6, 0),
(2494, 44, 53, 4, 0),
(2495, 53, 52, 18, 0),
(2496, 28, 53, 3, 0),
(2497, 29, 34, 8, 0),
(2498, 36, 53, 10, 0),
(2499, 26, 53, 1, 0),
(2500, 53, 26, 1, 0),
(2501, 52, 10, 3, 0),
(2502, 4, 43, 1, 0),
(2503, 53, 44, 5, 0),
(2504, 46, 54, 5, 0),
(2505, 54, 54, 27, 0),
(2506, 54, 37, 15, 0),
(2507, 2, 54, 3, 0),
(2508, 31, 53, 6, 0),
(2509, 54, 15, 12, 0),
(2510, 19, 54, 4, 0),
(2511, 54, 40, 15, 0),
(2512, 37, 54, 11, 0),
(2513, 40, 54, 7, 0),
(2514, 53, 40, 8, 0),
(2515, 33, 53, 8, 0),
(2516, 53, 14, 10, 0),
(2517, 14, 54, 5, 0),
(2518, 16, 39, 7, 0),
(2519, 53, 54, 17, 0),
(2520, 54, 48, 6, 0),
(2521, 48, 54, 6, 0),
(2522, 49, 54, 6, 0),
(2523, 54, 43, 6, 0),
(2524, 54, 12, 2, 0),
(2525, 20, 52, 2, 0),
(2526, 51, 46, 8, 0),
(2527, 10, 53, 1, 0),
(2528, 7, 52, 4, 0),
(2529, 20, 54, 2, 0),
(2530, 53, 18, 7, 0),
(2531, 54, 39, 7, 0),
(2532, 52, 38, 1, 0),
(2533, 53, 39, 4, 0),
(2534, 47, 54, 5, 0),
(2535, 54, 50, 9, 0),
(2536, 29, 54, 4, 0),
(2537, 49, 1, 9, 0),
(2538, 54, 13, 2, 0),
(2539, 50, 18, 2, 0),
(2540, 28, 54, 3, 0),
(2541, 18, 53, 4, 0),
(2542, 54, 47, 5, 0),
(2543, 47, 53, 5, 0),
(2544, 54, 53, 8, 0),
(2545, 53, 48, 18, 0),
(2546, 14, 53, 3, 0),
(2547, 53, 43, 6, 0),
(2548, 5, 53, 5, 0),
(2549, 40, 53, 6, 0),
(2550, 22, 54, 3, 0),
(2551, 8, 53, 22, 0),
(2552, 54, 27, 4, 0),
(2553, 53, 5, 17, 0),
(2554, 23, 53, 11, 0),
(2555, 40, 52, 18, 0),
(2556, 53, 7, 5, 0),
(2557, 51, 54, 14, 0),
(2558, 15, 53, 13, 0),
(2559, 52, 54, 20, 0),
(2560, 54, 14, 9, 0),
(2561, 39, 54, 10, 0),
(2562, 54, 44, 7, 0),
(2563, 44, 54, 10, 0),
(2564, 37, 52, 1, 0),
(2565, 40, 50, 8, 0),
(2566, 30, 54, 10, 0),
(2567, 54, 30, 4, 0),
(2568, 54, 28, 2, 0),
(2569, 54, 41, 21, 0),
(2570, 41, 54, 8, 0),
(2571, 54, 22, 2, 0),
(2572, 4, 53, 4, 0),
(2573, 28, 52, 2, 0),
(2574, 52, 31, 2, 0),
(2575, 24, 54, 13, 0),
(2576, 54, 51, 22, 0),
(2577, 45, 52, 3, 0);
INSERT INTO `info_link` (`id`, `idInformation1`, `idInformation2`, `linkWeight`, `initialWeight`) VALUES
(2578, 52, 26, 3, 0),
(2579, 53, 50, 4, 0),
(2580, 50, 9, 2, 0),
(2581, 17, 49, 3, 0),
(2582, 52, 49, 7, 0),
(2583, 52, 42, 4, 0),
(2584, 42, 52, 4, 0),
(2585, 52, 50, 5, 0),
(2586, 50, 7, 3, 0),
(2587, 52, 1, 3, 0),
(2588, 52, 17, 1, 0),
(2589, 17, 51, 6, 0),
(2590, 51, 13, 6, 0),
(2591, 25, 54, 11, 0),
(2592, 50, 51, 11, 0),
(2593, 51, 35, 5, 0),
(2594, 12, 53, 4, 0),
(2595, 53, 51, 3, 0),
(2596, 50, 6, 1, 0),
(2597, 6, 53, 5, 0),
(2598, 2, 51, 6, 0),
(2599, 51, 53, 7, 0),
(2600, 10, 50, 2, 0),
(2601, 50, 22, 1, 0),
(2602, 22, 53, 2, 0),
(2603, 53, 45, 2, 0),
(2604, 45, 54, 2, 0),
(2605, 54, 19, 17, 0),
(2606, 53, 21, 5, 0),
(2607, 21, 52, 1, 0),
(2608, 14, 51, 6, 0),
(2609, 53, 4, 17, 0),
(2610, 4, 51, 4, 0),
(2611, 51, 17, 2, 0),
(2612, 17, 53, 4, 0),
(2613, 53, 49, 3, 0),
(2614, 20, 37, 1, 0),
(2615, 54, 5, 4, 0),
(2616, 54, 16, 5, 0),
(2617, 54, 36, 1, 0),
(2618, 27, 54, 6, 0),
(2619, 54, 23, 7, 0),
(2620, 21, 53, 4, 0),
(2621, 53, 20, 1, 0),
(2622, 53, 32, 5, 0),
(2623, 46, 51, 3, 0),
(2624, 1, 53, 8, 0),
(2625, 54, 7, 4, 0),
(2626, 54, 17, 14, 0),
(2627, 32, 53, 14, 0),
(2628, 55, 46, 30, 1),
(2629, 46, 55, 13, 0),
(2630, 55, 55, 30, 0),
(2631, 55, 51, 10, 0),
(2632, 54, 1, 3, 0),
(2633, 55, 54, 10, 0),
(2634, 54, 55, 13, 0),
(2635, 55, 23, 16, 0),
(2636, 2, 55, 5, 0),
(2637, 16, 55, 6, 0),
(2638, 5, 55, 4, 0),
(2639, 32, 49, 1, 0),
(2640, 49, 9, 3, 0),
(2641, 52, 44, 6, 0),
(2642, 24, 39, 4, 0),
(2643, 48, 11, 2, 0),
(2644, 12, 48, 11, 0),
(2645, 41, 55, 4, 0),
(2646, 14, 55, 12, 0),
(2647, 28, 55, 7, 0),
(2648, 53, 55, 6, 0),
(2649, 30, 55, 2, 0),
(2650, 52, 23, 11, 0),
(2651, 53, 29, 17, 0),
(2652, 2, 44, 1, 0),
(2653, 15, 51, 4, 0),
(2654, 29, 41, 2, 0),
(2655, 41, 51, 14, 0),
(2656, 23, 54, 17, 0),
(2657, 51, 20, 2, 0),
(2658, 40, 55, 14, 0),
(2659, 55, 44, 3, 0),
(2660, 1, 49, 7, 0),
(2661, 22, 50, 1, 0),
(2662, 17, 52, 3, 0),
(2663, 50, 54, 9, 0),
(2664, 54, 49, 1, 0),
(2665, 19, 55, 19, 0),
(2666, 16, 51, 4, 0),
(2667, 43, 54, 12, 0),
(2668, 20, 36, 6, 0),
(2669, 8, 54, 6, 0),
(2670, 5, 54, 4, 0),
(2671, 53, 6, 6, 0),
(2672, 34, 51, 8, 0),
(2673, 34, 55, 2, 0),
(2674, 55, 40, 9, 0),
(2675, 51, 31, 9, 0),
(2676, 52, 13, 6, 0),
(2677, 53, 3, 3, 0),
(2678, 29, 52, 4, 0),
(2679, 53, 1, 4, 0),
(2680, 35, 54, 8, 0),
(2681, 5, 52, 7, 0),
(2682, 51, 55, 15, 0),
(2683, 55, 24, 7, 0),
(2684, 54, 10, 12, 0),
(2685, 6, 55, 17, 0),
(2686, 55, 28, 13, 0),
(2687, 28, 51, 14, 0),
(2688, 38, 53, 8, 0),
(2689, 18, 55, 22, 0),
(2690, 55, 45, 22, 0),
(2691, 49, 8, 12, 0),
(2692, 37, 55, 19, 0),
(2693, 37, 50, 6, 0),
(2694, 50, 55, 6, 0),
(2695, 55, 41, 6, 0),
(2696, 45, 49, 22, 0),
(2697, 3, 52, 12, 0),
(2698, 52, 19, 16, 0),
(2699, 54, 18, 5, 0),
(2700, 43, 51, 10, 0),
(2701, 31, 55, 6, 0),
(2702, 55, 33, 6, 0),
(2703, 51, 4, 5, 0),
(2704, 23, 55, 12, 0),
(2705, 55, 48, 20, 0),
(2706, 48, 55, 26, 0),
(2707, 55, 16, 5, 0),
(2708, 55, 47, 8, 0),
(2709, 50, 12, 11, 0),
(2710, 30, 52, 10, 0),
(2711, 42, 54, 14, 0),
(2712, 48, 44, 13, 0),
(2713, 41, 52, 9, 0),
(2714, 53, 28, 14, 0),
(2715, 50, 20, 11, 0),
(2716, 7, 54, 9, 0),
(2717, 54, 29, 9, 0),
(2718, 33, 49, 10, 0),
(2719, 49, 31, 12, 0),
(2720, 53, 46, 11, 0),
(2721, 53, 15, 10, 0),
(2722, 47, 51, 8, 0),
(2723, 9, 53, 6, 0),
(2724, 7, 50, 5, 0),
(2725, 50, 37, 7, 0),
(2726, 43, 33, 5, 0),
(2727, 41, 50, 9, 0),
(2728, 53, 42, 7, 0),
(2729, 38, 54, 5, 0),
(2730, 42, 53, 7, 0),
(2731, 27, 55, 2, 0),
(2732, 4, 50, 2, 0),
(2733, 53, 16, 2, 0),
(2734, 6, 54, 8, 0),
(2735, 39, 11, 2, 0),
(2736, 44, 2, 4, 0),
(2737, 50, 35, 10, 0),
(2738, 4, 54, 2, 0),
(2739, 21, 49, 2, 0),
(2740, 34, 20, 2, 0),
(2741, 49, 23, 2, 0),
(2742, 54, 21, 1, 0),
(2743, 51, 47, 2, 0),
(2744, 51, 22, 1, 0),
(2745, 53, 25, 4, 0),
(2746, 32, 55, 1, 0),
(2747, 55, 39, 7, 0),
(2748, 9, 55, 4, 0),
(2749, 55, 38, 6, 0),
(2750, 38, 55, 4, 0),
(2751, 55, 6, 6, 0),
(2752, 55, 1, 3, 0),
(2753, 52, 15, 2, 0),
(2754, 52, 55, 6, 0),
(2755, 7, 53, 2, 0),
(2756, 55, 52, 15, 0),
(2757, 45, 55, 3, 0),
(2758, 49, 4, 3, 0),
(2759, 9, 48, 5, 0),
(2760, 54, 9, 4, 0),
(2761, 9, 54, 5, 0),
(2762, 32, 51, 2, 0),
(2763, 55, 26, 5, 0),
(2764, 50, 16, 1, 0),
(2765, 54, 32, 2, 0),
(2766, 43, 27, 3, 0),
(2767, 16, 53, 9, 0),
(2768, 46, 22, 7, 0),
(2769, 45, 53, 3, 0),
(2770, 45, 12, 3, 0),
(2771, 53, 2, 3, 0),
(2772, 53, 9, 2, 0),
(2773, 51, 40, 5, 0),
(2774, 54, 46, 10, 0),
(2775, 54, 20, 4, 0),
(2776, 55, 10, 3, 0),
(2777, 43, 10, 3, 0),
(2778, 55, 31, 2, 0),
(2779, 24, 52, 2, 0),
(2780, 55, 12, 1, 0),
(2781, 55, 2, 3, 0),
(2782, 42, 55, 3, 0),
(2783, 39, 51, 13, 0),
(2784, 51, 10, 8, 0),
(2785, 49, 45, 4, 0),
(2786, 52, 47, 11, 0),
(2787, 53, 31, 9, 0),
(2788, 54, 31, 6, 0),
(2789, 55, 8, 14, 0),
(2790, 35, 55, 13, 0),
(2791, 55, 42, 9, 0),
(2792, 23, 52, 7, 0),
(2793, 49, 14, 7, 0),
(2794, 55, 30, 2, 0),
(2795, 20, 55, 5, 0),
(2796, 53, 23, 5, 0),
(2797, 44, 15, 2, 0),
(2798, 43, 52, 2, 0),
(2799, 52, 25, 1, 0),
(2800, 44, 55, 4, 0),
(2801, 14, 50, 4, 0),
(2802, 54, 45, 2, 0),
(2803, 50, 28, 2, 0),
(2804, 48, 33, 1, 0),
(2805, 33, 11, 1, 0),
(2806, 54, 38, 2, 0),
(2807, 13, 54, 3, 0),
(2808, 51, 7, 2, 0),
(2809, 54, 3, 3, 0),
(2810, 54, 24, 2, 0),
(2811, 52, 22, 3, 0),
(2812, 8, 49, 6, 0),
(2813, 3, 54, 4, 0),
(2814, 52, 43, 8, 0),
(2815, 55, 4, 3, 0),
(2816, 54, 4, 3, 0),
(2817, 54, 6, 5, 0),
(2818, 49, 7, 1, 0),
(2819, 4, 55, 2, 0),
(2820, 21, 55, 2, 0),
(2821, 52, 30, 2, 0),
(2822, 49, 20, 3, 0),
(2823, 20, 50, 1, 0),
(2824, 53, 34, 1, 0),
(2825, 48, 24, 2, 0),
(2826, 54, 56, 5, 0),
(2827, 56, 57, 27, 0),
(2828, 57, 56, 15, 0),
(2829, 56, 44, 14, 0),
(2830, 44, 56, 5, 0),
(2831, 44, 57, 8, 0),
(2832, 57, 57, 22, 0),
(2833, 56, 56, 31, 0),
(2834, 56, 2, 1, 0),
(2835, 46, 56, 12, 0),
(2836, 9, 56, 1, 0),
(2837, 41, 57, 15, 0),
(2838, 57, 40, 11, 0),
(2839, 25, 51, 1, 0),
(2840, 56, 16, 12, 0),
(2841, 52, 57, 13, 0),
(2842, 57, 20, 3, 0),
(2843, 31, 56, 4, 0),
(2844, 56, 39, 9, 0),
(2845, 40, 57, 18, 0),
(2846, 8, 57, 12, 0),
(2847, 18, 57, 3, 0),
(2848, 13, 55, 5, 0),
(2849, 46, 57, 7, 0),
(2850, 47, 55, 2, 0),
(2851, 55, 19, 10, 0),
(2852, 34, 54, 2, 0),
(2853, 51, 8, 6, 0),
(2854, 51, 14, 2, 0),
(2855, 10, 55, 1, 0),
(2856, 55, 14, 3, 0),
(2857, 47, 56, 5, 0),
(2858, 56, 8, 6, 0),
(2859, 57, 38, 4, 0),
(2860, 33, 57, 3, 0),
(2861, 57, 47, 8, 0),
(2862, 56, 52, 2, 0),
(2863, 52, 56, 4, 0),
(2864, 42, 56, 15, 0),
(2865, 30, 56, 3, 0),
(2866, 1, 56, 3, 0),
(2867, 55, 56, 19, 0),
(2868, 16, 54, 1, 0),
(2869, 29, 53, 3, 0),
(2870, 54, 8, 1, 0),
(2871, 56, 55, 8, 0),
(2872, 29, 56, 5, 0),
(2873, 24, 55, 6, 0),
(2874, 10, 56, 2, 0),
(2875, 38, 52, 4, 0),
(2876, 25, 53, 5, 0),
(2877, 55, 49, 4, 0),
(2878, 56, 27, 5, 0),
(2879, 55, 17, 2, 0),
(2880, 42, 51, 2, 0),
(2881, 56, 50, 3, 0),
(2882, 54, 25, 1, 0),
(2883, 46, 53, 5, 0),
(2884, 50, 56, 2, 0),
(2885, 14, 56, 19, 0),
(2886, 56, 4, 11, 0),
(2887, 20, 57, 11, 0),
(2888, 57, 22, 10, 0),
(2889, 55, 57, 14, 0),
(2890, 57, 41, 13, 0),
(2891, 56, 5, 13, 0),
(2892, 56, 51, 10, 0),
(2893, 23, 57, 14, 0),
(2894, 57, 3, 10, 0),
(2895, 38, 57, 8, 0),
(2896, 57, 48, 9, 0),
(2897, 56, 40, 12, 0),
(2898, 41, 56, 16, 0),
(2899, 56, 48, 17, 0),
(2900, 57, 50, 16, 0),
(2901, 30, 57, 5, 0),
(2902, 57, 52, 12, 0),
(2903, 57, 5, 4, 0),
(2904, 31, 57, 5, 0),
(2905, 57, 1, 16, 0),
(2906, 53, 56, 9, 0),
(2907, 56, 19, 9, 0),
(2908, 1, 57, 5, 0),
(2909, 57, 23, 4, 0),
(2910, 17, 56, 9, 0),
(2911, 54, 57, 6, 0),
(2912, 57, 29, 4, 0),
(2913, 57, 43, 8, 0),
(2914, 57, 15, 4, 0),
(2915, 27, 56, 8, 0),
(2916, 56, 49, 6, 0),
(2917, 45, 56, 4, 0),
(2918, 56, 43, 9, 0),
(2919, 56, 47, 5, 0),
(2920, 33, 3, 1, 0),
(2921, 10, 57, 3, 0),
(2922, 17, 57, 2, 0),
(2923, 27, 57, 2, 0),
(2924, 57, 46, 6, 0),
(2925, 4, 49, 1, 0),
(2926, 57, 7, 4, 0),
(2927, 57, 53, 5, 0),
(2928, 53, 22, 1, 0),
(2929, 7, 56, 1, 0),
(2930, 43, 56, 4, 0),
(2931, 23, 56, 7, 0),
(2932, 57, 42, 1, 0),
(2933, 37, 56, 5, 0),
(2934, 36, 28, 5, 0),
(2935, 16, 56, 2, 0),
(2936, 6, 57, 3, 0),
(2937, 56, 54, 5, 0),
(2938, 57, 8, 3, 0),
(2939, 57, 30, 3, 0),
(2940, 57, 6, 4, 0),
(2941, 32, 56, 2, 0),
(2942, 57, 12, 1, 0),
(2943, 57, 49, 4, 0),
(2944, 53, 57, 10, 0),
(2945, 49, 56, 5, 0),
(2946, 49, 53, 5, 0),
(2947, 56, 45, 1, 0),
(2948, 25, 56, 3, 0),
(2949, 56, 29, 1, 0),
(2950, 19, 56, 4, 0),
(2951, 51, 24, 5, 0),
(2952, 57, 35, 12, 0),
(2953, 54, 52, 5, 0),
(2954, 55, 11, 2, 0),
(2955, 57, 51, 4, 0),
(2956, 56, 36, 3, 0),
(2957, 25, 55, 2, 0),
(2958, 22, 55, 3, 0),
(2959, 18, 49, 3, 0),
(2960, 49, 24, 2, 0),
(2961, 44, 4, 1, 0),
(2962, 57, 45, 6, 0),
(2963, 26, 56, 1, 0),
(2964, 45, 22, 2, 0),
(2965, 24, 53, 1, 0),
(2966, 7, 57, 9, 0),
(2967, 6, 56, 1, 0),
(2968, 37, 53, 3, 0),
(2969, 53, 11, 1, 0),
(2970, 51, 30, 2, 0),
(2971, 55, 13, 1, 0),
(2972, 51, 25, 2, 0),
(2973, 57, 25, 8, 0),
(2974, 25, 57, 3, 0),
(2975, 5, 57, 9, 0),
(2976, 56, 35, 7, 0),
(2977, 34, 57, 5, 0),
(2978, 4, 52, 3, 0),
(2979, 55, 35, 4, 0),
(2980, 56, 34, 2, 0),
(2981, 56, 12, 1, 0),
(2982, 57, 32, 1, 0),
(2983, 20, 49, 1, 0),
(2984, 57, 2, 1, 0),
(2985, 2, 56, 2, 0),
(2986, 51, 57, 8, 0),
(2987, 57, 55, 14, 0),
(2988, 4, 56, 1, 0),
(2989, 19, 57, 3, 0),
(2990, 56, 20, 2, 0),
(2991, 53, 35, 2, 0),
(2992, 57, 21, 3, 0),
(2993, 56, 58, 7, 0),
(2994, 58, 58, 128, 0),
(2995, 58, 46, 9, 0),
(2996, 46, 58, 12, 0),
(2997, 58, 57, 6, 0),
(2998, 57, 58, 5, 0),
(2999, 58, 47, 3, 0),
(3000, 55, 58, 2, 0),
(3001, 58, 54, 6, 0),
(3002, 57, 24, 3, 0),
(3003, 56, 18, 1, 0),
(3004, 57, 37, 3, 0),
(3005, 21, 58, 1, 0),
(3006, 39, 57, 4, 0),
(3007, 7, 12, 1, 0),
(3008, 57, 39, 3, 0),
(3009, 2, 58, 3, 0),
(3010, 39, 56, 5, 0),
(3011, 12, 49, 2, 0),
(3012, 3, 56, 1, 0),
(3013, 56, 24, 1, 0),
(3014, 49, 57, 3, 0),
(3015, 8, 56, 10, 0),
(3016, 56, 7, 1, 0),
(3017, 13, 57, 2, 0),
(3018, 57, 28, 3, 0),
(3019, 43, 57, 3, 0),
(3020, 57, 19, 5, 0),
(3021, 42, 57, 3, 0),
(3022, 57, 33, 1, 0),
(3023, 56, 21, 1, 0),
(3024, 56, 53, 4, 0),
(3025, 20, 56, 3, 0),
(3026, 57, 44, 1, 0),
(3027, 57, 36, 6, 0),
(3028, 36, 56, 3, 0),
(3029, 48, 58, 6, 0),
(3030, 3, 53, 2, 0),
(3031, 53, 33, 1, 0),
(3032, 28, 56, 2, 0),
(3033, 51, 12, 1, 0),
(3034, 26, 58, 1, 0),
(3035, 58, 53, 3, 0),
(3036, 38, 58, 3, 0),
(3037, 12, 55, 1, 0),
(3038, 35, 57, 7, 0),
(3039, 45, 50, 3, 0),
(3040, 10, 2, 1, 0),
(3041, 25, 48, 1, 0),
(3042, 3, 50, 1, 0),
(3043, 2, 57, 1, 0),
(3044, 58, 8, 5, 0),
(3045, 17, 55, 1, 0),
(3046, 51, 34, 3, 0),
(3047, 51, 28, 3, 0),
(3048, 26, 57, 1, 0),
(3049, 54, 11, 2, 0),
(3050, 33, 55, 1, 0),
(3051, 48, 56, 3, 0),
(3052, 53, 24, 1, 0),
(3053, 56, 42, 1, 0),
(3054, 4, 38, 4, 0),
(3055, 35, 53, 4, 0),
(3056, 19, 58, 1, 0),
(3057, 56, 14, 3, 0),
(3058, 52, 58, 1, 0),
(3059, 34, 58, 5, 0),
(3060, 58, 15, 2, 0),
(3061, 33, 58, 2, 0),
(3062, 54, 58, 4, 0),
(3063, 58, 24, 1, 0),
(3064, 36, 51, 2, 0),
(3065, 24, 57, 2, 0),
(3066, 40, 56, 5, 0),
(3067, 58, 42, 3, 0),
(3068, 15, 52, 2, 0),
(3069, 47, 6, 1, 0),
(3070, 58, 40, 4, 0),
(3071, 38, 56, 2, 0),
(3072, 56, 9, 1, 0),
(3073, 34, 50, 3, 0),
(3074, 40, 58, 7, 0),
(3075, 56, 32, 2, 0),
(3076, 34, 53, 4, 0),
(3077, 3, 49, 1, 0),
(3078, 6, 52, 6, 0),
(3079, 1, 52, 4, 0),
(3080, 55, 32, 2, 0),
(3081, 55, 27, 2, 0),
(3082, 58, 51, 9, 0),
(3083, 58, 30, 1, 0),
(3084, 58, 50, 1, 0),
(3085, 25, 50, 1, 0),
(3086, 33, 44, 1, 0),
(3087, 46, 26, 1, 0),
(3088, 57, 27, 2, 0),
(3089, 43, 58, 3, 0),
(3090, 9, 58, 2, 0),
(3091, 52, 41, 1, 0),
(3092, 50, 57, 3, 0),
(3093, 4, 58, 5, 0),
(3094, 3, 55, 1, 0),
(3095, 58, 6, 2, 0),
(3096, 35, 58, 14, 0),
(3097, 58, 13, 9, 0),
(3098, 58, 44, 1, 0),
(3099, 58, 34, 5, 0),
(3100, 58, 55, 5, 0),
(3101, 23, 58, 3, 0),
(3102, 8, 58, 6, 0),
(3103, 15, 58, 1, 0),
(3104, 58, 27, 2, 0),
(3105, 36, 58, 3, 0),
(3106, 58, 48, 7, 0),
(3107, 58, 52, 3, 0),
(3108, 37, 58, 3, 0),
(3109, 58, 56, 3, 0),
(3110, 44, 58, 6, 0),
(3111, 28, 49, 3, 0),
(3112, 40, 7, 1, 0),
(3113, 15, 55, 4, 0),
(3114, 51, 16, 2, 0),
(3115, 52, 34, 2, 0),
(3116, 33, 56, 1, 0),
(3117, 50, 58, 1, 0),
(3118, 57, 17, 2, 0),
(3119, 8, 55, 4, 0),
(3120, 58, 23, 4, 0),
(3121, 58, 5, 4, 0),
(3122, 58, 18, 2, 0),
(3123, 32, 54, 1, 0),
(3124, 51, 58, 2, 0),
(3125, 42, 6, 4, 0),
(3126, 33, 51, 1, 0),
(3127, 51, 42, 3, 0),
(3128, 56, 46, 3, 0),
(3129, 58, 36, 1, 0),
(3130, 20, 58, 1, 0),
(3131, 58, 35, 2, 0),
(3132, 55, 53, 8, 0),
(3133, 57, 34, 1, 0),
(3134, 49, 10, 1, 0),
(3135, 50, 3, 2, 0),
(3136, 5, 56, 1, 0),
(3137, 39, 24, 2, 0),
(3138, 14, 57, 3, 0),
(3139, 49, 55, 2, 0),
(3140, 53, 36, 1, 0),
(3141, 54, 35, 1, 0),
(3142, 26, 41, 2, 0),
(3143, 31, 58, 1, 0),
(3144, 58, 9, 1, 0),
(3145, 28, 58, 1, 0),
(3146, 24, 56, 4, 0),
(3147, 47, 30, 4, 0),
(3148, 56, 26, 2, 0),
(3149, 55, 29, 2, 0),
(3150, 11, 38, 3, 0),
(3151, 7, 55, 2, 0),
(3152, 29, 55, 2, 0),
(3153, 42, 58, 2, 0),
(3154, 52, 37, 2, 0),
(3155, 58, 43, 2, 0),
(3156, 56, 17, 2, 0),
(3157, 58, 4, 3, 0),
(3158, 31, 51, 3, 0),
(3159, 15, 56, 1, 0),
(3160, 1, 54, 2, 0),
(3161, 56, 1, 3, 0),
(3162, 55, 34, 2, 0),
(3163, 55, 15, 3, 0),
(3164, 43, 21, 2, 0),
(3165, 52, 45, 3, 0),
(3166, 7, 58, 2, 0),
(3167, 58, 14, 1, 0),
(3168, 52, 29, 3, 0),
(3169, 43, 55, 3, 0),
(3170, 53, 27, 1, 0),
(3171, 26, 55, 3, 0),
(3172, 46, 20, 1, 0),
(3173, 29, 57, 2, 0),
(3174, 58, 38, 2, 0),
(3175, 10, 41, 1, 0),
(3176, 13, 56, 2, 0),
(3177, 33, 46, 2, 0),
(3178, 51, 37, 1, 0),
(3179, 26, 54, 1, 0),
(3180, 53, 17, 1, 0),
(3181, 33, 59, 2, 0),
(3182, 59, 59, 3, 0),
(3183, 59, 60, 5, 0),
(3184, 60, 60, 10, 0),
(3185, 60, 42, 9, 3),
(3186, 42, 60, 5, 0),
(3187, 60, 6, 2, 0),
(3188, 9, 57, 1, 0),
(3189, 20, 53, 3, 0),
(3190, 57, 59, 6, 0),
(3191, 48, 60, 1, 0),
(3192, 55, 22, 1, 0),
(3193, 47, 60, 2, 0),
(3194, 43, 60, 3, 0),
(3195, 54, 2, 1, 0),
(3196, 39, 59, 3, 0),
(3197, 59, 30, 2, 0),
(3198, 1, 60, 3, 0),
(3199, 60, 31, 3, 0),
(3200, 2, 60, 2, 0),
(3201, 60, 34, 2, 0),
(3202, 47, 58, 1, 0),
(3203, 49, 59, 1, 0),
(3204, 59, 23, 4, 0),
(3205, 40, 60, 4, 0),
(3206, 59, 48, 1, 0),
(3207, 60, 53, 2, 0),
(3208, 58, 59, 4, 0),
(3209, 59, 6, 3, 0),
(3210, 6, 60, 2, 0),
(3211, 60, 7, 2, 0),
(3212, 30, 59, 6, 0),
(3213, 59, 54, 7, 0),
(3214, 37, 60, 6, 0),
(3215, 60, 49, 10, 0),
(3216, 8, 59, 5, 0),
(3217, 59, 43, 5, 0),
(3218, 58, 39, 3, 0),
(3219, 25, 60, 4, 0),
(3220, 60, 57, 2, 0),
(3221, 31, 47, 2, 0),
(3222, 55, 60, 1, 0),
(3223, 60, 46, 1, 0),
(3224, 46, 59, 5, 0),
(3225, 59, 8, 6, 0),
(3226, 60, 54, 2, 0),
(3227, 59, 46, 2, 0),
(3228, 46, 60, 2, 0),
(3229, 60, 59, 3, 0),
(3230, 60, 40, 3, 0),
(3231, 11, 57, 1, 0),
(3232, 57, 60, 3, 0),
(3233, 60, 36, 2, 0),
(3234, 56, 60, 3, 0),
(3235, 31, 59, 1, 0),
(3236, 59, 41, 1, 0),
(3237, 37, 59, 3, 0),
(3238, 60, 41, 3, 0),
(3239, 30, 60, 1, 0),
(3240, 60, 35, 2, 0),
(3241, 54, 60, 1, 0),
(3242, 60, 29, 1, 0),
(3243, 56, 59, 2, 0),
(3244, 53, 60, 1, 0),
(3245, 59, 31, 1, 0),
(3246, 55, 59, 1, 0),
(3247, 59, 47, 1, 0),
(3248, 60, 52, 1, 0),
(3249, 56, 38, 2, 0),
(3250, 38, 59, 1, 0),
(3251, 59, 34, 1, 0),
(3252, 59, 14, 2, 0),
(3253, 36, 59, 4, 0),
(3254, 52, 11, 1, 0),
(3255, 44, 59, 1, 0),
(3256, 18, 58, 1, 0),
(3257, 59, 53, 2, 0),
(3258, 59, 2, 1, 0),
(3259, 53, 12, 2, 0),
(3260, 59, 50, 2, 0),
(3261, 44, 60, 2, 0),
(3262, 57, 9, 1, 0),
(3263, 12, 57, 2, 0),
(3264, 48, 57, 2, 0),
(3265, 28, 57, 1, 0),
(3266, 36, 57, 1, 0),
(3267, 19, 60, 2, 0),
(3268, 3, 47, 2, 0),
(3269, 60, 9, 2, 0),
(3270, 45, 59, 1, 0),
(3271, 59, 39, 1, 0),
(3272, 49, 25, 2, 0),
(3273, 11, 26, 1, 0),
(3274, 54, 59, 3, 0),
(3275, 60, 1, 1, 0),
(3276, 27, 58, 2, 0),
(3277, 50, 60, 1, 0),
(3278, 60, 47, 2, 0),
(3279, 28, 60, 1, 0),
(3280, 32, 57, 1, 0),
(3281, 60, 38, 2, 0),
(3282, 16, 59, 1, 0),
(3283, 24, 60, 1, 0),
(3284, 58, 16, 3, 0),
(3285, 49, 58, 1, 0),
(3286, 31, 37, 2, 0),
(3287, 9, 52, 1, 0),
(3288, 55, 25, 2, 0),
(3289, 52, 36, 1, 0),
(3290, 50, 29, 3, 0),
(3291, 34, 56, 1, 0),
(3292, 56, 22, 1, 0),
(3293, 22, 57, 1, 0),
(3294, 49, 60, 2, 0),
(3295, 35, 59, 2, 0),
(3296, 59, 5, 3, 0),
(3297, 57, 14, 3, 0),
(3298, 53, 10, 1, 0),
(3299, 47, 59, 1, 0),
(3300, 59, 38, 1, 0),
(3301, 16, 58, 1, 0),
(3302, 58, 22, 1, 0),
(3303, 51, 60, 1, 0),
(3304, 49, 36, 1, 0),
(3305, 12, 58, 1, 0),
(3306, 55, 50, 2, 0),
(3307, 39, 52, 1, 0),
(3308, 35, 56, 5, 0),
(3309, 51, 56, 1, 0),
(3310, 31, 52, 1, 0),
(3311, 56, 31, 1, 0),
(3312, 58, 3, 1, 0),
(3313, 55, 43, 3, 0),
(3314, 10, 48, 1, 0),
(3315, 53, 59, 2, 0),
(3316, 59, 51, 1, 0),
(3317, 51, 27, 1, 0),
(3318, 48, 59, 1, 0),
(3319, 59, 1, 1, 0),
(3320, 41, 58, 1, 0),
(3321, 58, 41, 1, 0),
(3322, 56, 41, 2, 0),
(3323, 12, 50, 1, 0),
(3324, 45, 60, 2, 0),
(3325, 13, 59, 1, 0),
(3326, 49, 35, 1, 0),
(3327, 35, 60, 1, 0),
(3328, 60, 14, 1, 0),
(3329, 56, 15, 2, 0),
(3330, 58, 21, 1, 0),
(3331, 21, 50, 1, 0),
(3332, 59, 45, 1, 0),
(3333, 52, 60, 1, 0),
(3334, 60, 58, 3, 0),
(3335, 57, 13, 2, 0),
(3336, 56, 23, 1, 0),
(3337, 39, 55, 4, 0),
(3338, 37, 57, 2, 0),
(3339, 31, 60, 1, 0),
(3340, 54, 42, 1, 0),
(3341, 51, 29, 1, 0),
(3342, 59, 16, 1, 0),
(3343, 7, 60, 1, 0),
(3344, 52, 6, 1, 0),
(3345, 16, 57, 1, 0),
(3346, 39, 58, 1, 0),
(3347, 45, 57, 1, 0),
(3348, 59, 35, 1, 0),
(3349, 59, 42, 1, 0),
(3350, 60, 15, 1, 0),
(3351, 45, 58, 1, 0),
(3352, 43, 59, 1, 0),
(3353, 59, 10, 1, 0),
(3354, 56, 37, 1, 0),
(3355, 59, 37, 1, 0),
(3356, 60, 39, 1, 0),
(3357, 59, 58, 1, 0),
(3358, 59, 56, 1, 0),
(3359, 59, 36, 1, 0),
(3360, 36, 60, 1, 0),
(3361, 26, 60, 1, 0),
(3362, 60, 8, 2, 0),
(3363, 23, 60, 1, 0),
(3364, 50, 36, 1, 0),
(3365, 24, 59, 1, 0),
(3366, 55, 36, 1, 0),
(3367, 17, 58, 2, 0),
(3368, 2, 59, 1, 0),
(3369, 15, 59, 1, 0),
(3370, 60, 50, 1, 0),
(3371, 59, 17, 1, 0),
(3372, 11, 4, 2, 0),
(3373, 41, 59, 1, 0),
(3374, 25, 58, 1, 0),
(3375, 47, 57, 1, 0),
(3376, 48, 32, 1, 0),
(3377, 52, 5, 1, 0),
(3378, 10, 59, 2, 0),
(3379, 34, 59, 1, 0),
(3380, 59, 3, 1, 0),
(3381, 58, 37, 1, 0),
(3382, 1, 58, 1, 0),
(3383, 21, 57, 1, 0),
(3384, 60, 37, 1, 0),
(3385, 22, 56, 1, 0),
(3386, 10, 54, 1, 0),
(3387, 4, 59, 1, 0),
(3388, 59, 15, 1, 0),
(3389, 59, 29, 1, 0),
(3390, 31, 45, 1, 0),
(3391, 17, 54, 1, 0),
(3392, 2, 53, 1, 0),
(3393, 25, 52, 1, 0),
(3394, 58, 29, 1, 0),
(3395, 53, 58, 3, 0),
(3396, 58, 60, 1, 0),
(3397, 45, 15, 1, 0),
(3398, 60, 12, 1, 0),
(3399, 58, 31, 1, 0),
(3400, 60, 23, 2, 0),
(3401, 57, 54, 1, 0),
(3402, 56, 6, 1, 0),
(3403, 4, 57, 1, 0),
(3404, 19, 59, 1, 0),
(3405, 38, 60, 1, 0),
(3406, 59, 57, 1, 0),
(3407, 59, 55, 2, 0),
(3408, 3, 58, 1, 0),
(3409, 57, 16, 1, 0),
(3410, 55, 5, 1, 0),
(3411, 54, 33, 1, 0),
(3412, 5, 58, 1, 0),
(3413, 59, 28, 1, 0),
(3414, 60, 5, 1, 0),
(3415, 59, 20, 1, 0),
(3416, 60, 56, 1, 0);

-- --------------------------------------------------------

--
-- Structure de la table `info_medium`
--

CREATE TABLE IF NOT EXISTS `info_medium` (
  `id` int(11) NOT NULL auto_increment,
  `idInformation` int(11) NOT NULL,
  `idRef_Medium` int(11) NOT NULL,
  `fileName` varchar(200) NOT NULL,
  PRIMARY KEY  (`id`),
  UNIQUE KEY `idInformation` (`idInformation`,`idRef_Medium`,`fileName`),
  KEY `idinfo` (`idInformation`),
  KEY `idsupport` (`idRef_Medium`)
) ENGINE=InnoDB  DEFAULT CHARSET=utf8 AUTO_INCREMENT=531 ;

--
-- Contenu de la table `info_medium`
--

INSERT INTO `info_medium` (`id`, `idInformation`, `idRef_Medium`, `fileName`) VALUES
(1, 1, 1, 'http://louisebrousseau.wixsite.com/louisebrousseau'),
(2, 1, 2, 'https://www.researchgate.net/profile/Louise_Brousseau'),
(265, 1, 3, 'http://www.documentation.ird.fr/hor/BROUSSEAU,LOUISE/tout?pres=TY'),
(3, 1, 5, 'http://orcid.org/0000-0003-2769-2767'),
(5, 1, 6, 'mailto:louise.brousseau@ird.fr'),
(314, 1, 7, 'http://amap.cirad.fr/en/index.php'),
(8, 2, 2, 'https://www.researchgate.net/profile/Manuela_Capello'),
(142, 2, 3, 'http://www.documentation.ird.fr/hor/CAPELLO,MANUELA/tout?pres=TY'),
(107, 2, 4, 'http://www.researcherid.com/rid/G-7360-2016'),
(10, 2, 6, 'mailto:manuela.capello@ird.fr'),
(9, 2, 7, 'http://www.umr-marbec.fr/en/?lang=en'),
(11, 3, 1, 'https://basilehector.jimdo.com/'),
(15, 3, 2, 'https://www.researchgate.net/profile/Basile_Hector'),
(264, 3, 3, 'http://www.documentation.ird.fr/hor/HECTOR,BASILE/tout?pres=TY'),
(12, 3, 5, 'http://orcid.org/0000-0003-2619-5435'),
(14, 3, 6, 'mailto:hector.basile@ird.fr'),
(130, 3, 7, 'http://www.ige-grenoble.fr/?lang=en'),
(437, 3, 93, 'http://basileh.github.io/pyGrav/'),
(16, 4, 2, 'https://www.researchgate.net/profile/Olivier_Maury2'),
(140, 4, 3, 'http://www.documentation.ird.fr/hor/MAURY,OLIVIER/tout?pres=TY'),
(106, 4, 4, 'http://www.researcherid.com/rid/I-4513-2013'),
(20, 4, 5, 'http://orcid.org/0000-0002-7999-9982'),
(17, 4, 6, 'mailto:olivier.maury@ird.fr'),
(129, 4, 7, 'http://www.umr-marbec.fr/en/?lang=en'),
(21, 4, 9, 'http://www.sciencedirect.com/science/article/pii/S0079661109001463'),
(90, 4, 18, 'http://www.globec.org/index.php?id=62'),
(25, 5, 2, 'https://www.researchgate.net/profile/Jordi_Landier2'),
(263, 5, 3, 'http://www.documentation.ird.fr/hor/LANDIER,JORDI/tout?pres=TY'),
(24, 5, 5, 'https://orcid.org/0000-0001-8619-9775'),
(26, 5, 6, 'mailto:jordi.landier@ird.fr'),
(38, 5, 7, 'https://sesstim.univ-amu.fr/page/sesstim'),
(88, 5, 17, 'http://www.un.org/sustainabledevelopment/health/'),
(28, 6, 2, 'https://www.researchgate.net/profile/Amandine_Gasc'),
(259, 6, 3, 'http://www.documentation.ird.fr/hor/GASC,AMANDINE/tout?pres=TY'),
(29, 6, 6, 'mailto:amandine.gasc@ird.fr'),
(31, 6, 7, 'https://www.imbe.fr/l-institut.html?lang=en'),
(30, 6, 9, 'https://link.springer.com/article/10.1007%2Fs10530-017-1612-0'),
(35, 7, 2, 'https://www.researchgate.net/profile/Sylvain_Ferrant'),
(262, 7, 3, 'http://www.documentation.ird.fr/hor/FERRANT,SYLVAIN/tout?pres=TY'),
(33, 7, 5, 'http://orcid.org/0000-0002-3478-2624'),
(34, 7, 6, 'mailto:sylvain.ferrant@ird.fr'),
(32, 7, 7, 'http://www.cesbio.ups-tlse.fr/index_us.htm'),
(86, 7, 16, 'https://copernicus.cnes.fr/en/copernicus-0'),
(41, 8, 1, 'https://www.futura-sciences.com/sante/personnalites/vie-jean-philippe-chippaux-267/'),
(40, 8, 3, 'http://www.documentation.ird.fr/hor/CHIPPAUX,JEAN-PHILIPPE/tout?pres=TY'),
(184, 8, 6, 'mailto:jean-philippe.chippaux@ird.fr'),
(383, 8, 7, 'https://umr-merit.ird.fr/'),
(44, 8, 11, 'https://www.amazon.fr/Livres-Jean-Philippe-Chippaux/s?ie=UTF8&page=1&rh=n%3A301061%2Cp_27%3AJean-Philippe%20Chippaux'),
(45, 9, 1, 'http://www.umr-marbec.fr/bez-nicolas.html'),
(46, 9, 3, 'http://www.documentation.ird.fr/hor/BEZ,NICOLAS/tout?pres=TY'),
(47, 9, 6, 'mailto:nicolas.bez@ird.fr'),
(51, 9, 7, 'http://www.umr-marbec.fr/en/?lang=en'),
(49, 9, 12, 'https://www.association-francaise-halieutique.fr/'),
(50, 9, 13, 'https://www.sfds.asso.fr/'),
(59, 10, 2, 'https://www.researchgate.net/profile/Alain_Dezetter'),
(141, 10, 3, 'http://www.documentation.ird.fr/hor/DEZETTER,ALAIN/tout?pres=TY'),
(53, 10, 4, 'http://www.researcherid.com/ProfileView.action?returnCode=ROUTER.Success&Init=Yes&SrcApp=CR&queryString=KG0UuZjN5WnwT1uZoHspzSuZFdOpPqbNSNY8PRPSpyk%253D&SID=D1rR3vEtqlzWc7xbkhY'),
(60, 10, 5, 'https://orcid.org/0000-0003-3728-0467'),
(56, 10, 6, 'mailto:alain.dezetter@ird.fr'),
(131, 10, 7, 'http://www.hydrosciences.org/?lang=en'),
(91, 10, 19, 'http://www.gip-ecofor.org/gicc/?q=en'),
(62, 11, 2, 'https://www.researchgate.net/profile/Patrice_Brehmer'),
(65, 11, 3, 'http://www.documentation.ird.fr/hor/BREHMER,PATRICE/tout?pres=TY'),
(61, 11, 5, 'http://orcid.org/0000-0001-8949-9095'),
(133, 11, 6, 'mailto:patrice.brehmer@ird.fr'),
(64, 11, 7, 'https://www-iuem.univ-brest.fr/LEMAR'),
(63, 11, 14, 'https://scholar.google.fr/citations?user=wxUPS9IAAAAJ&hl=fr'),
(68, 12, 2, 'https://www.researchgate.net/profile/Jean_Christophe_Poussin'),
(66, 12, 3, 'http://www.documentation.ird.fr/hor/POUSSIN,JEAN-CHRISTOPHE/tout?pres=TY'),
(67, 12, 5, 'http://orcid.org/0000-0001-9491-509X'),
(70, 12, 6, 'mailto:Jean-Christophe.Poussin@ird.fr'),
(69, 12, 7, 'http://www.g-eau.fr/index.php/en/'),
(433, 12, 91, 'http://www.g-eau.fr/index.php/fr/productions/logiciels/item/65-zonagri-interface'),
(73, 13, 2, 'https://www.researchgate.net/profile/Jean_Le_Fur'),
(72, 13, 3, 'http://www.documentation.ird.fr/hor/LE%20FUR,JEAN/tout?pres=TY'),
(75, 13, 6, 'mailto:jean.lefur@ird.fr'),
(74, 13, 7, 'https://www6.montpellier.inra.fr/cbgp_eng/'),
(77, 13, 9, 'http://www.scitepress.org/DigitalLibrary/Link.aspx?doi=10.5220/0006441803400347'),
(387, 13, 80, 'http://centreinfo.science'),
(80, 14, 1, 'http://www.espace-dev.fr/index.php?option=com_contact&view=contact&id=59:loireau-maud&catid=4&Itemid=288 http://images.univ-perp.fr/maud_loireau.html'),
(81, 14, 2, 'https://www.researchgate.net/profile/Maud_Loireau'),
(85, 14, 3, 'http://www.documentation.ird.fr/hor/DELABRE,MAUD/tout?pres=TY'),
(82, 14, 6, 'mailto:/maud.loireau@ird.fr'),
(78, 14, 7, 'http://www.espace-dev.fr/'),
(84, 14, 15, 'http://www.csf-desertification.eu/'),
(95, 15, 2, 'https://www.researchgate.net/profile/Francois_Molle'),
(96, 15, 3, 'http://www.documentation.ird.fr/hor/MOLLE,FRANCOIS/tout?pres=TY'),
(97, 15, 5, 'https://orcid.org/0000-0001-5748-8770'),
(98, 15, 6, 'mailto:francois.molle@ird.fr'),
(92, 15, 7, 'http://www.g-eau.fr/index.php/en/'),
(99, 15, 14, 'https://scholar.google.fr/citations?user=oToOr3UAAAAJ&hl=fr'),
(93, 15, 20, 'http://www.water-alternatives.org/'),
(94, 15, 21, 'http://www.iwmi.cgiar.org/'),
(100, 15, 22, 'http://ird.academia.edu/FrancoisMolle'),
(105, 16, 2, 'https://www.researchgate.net/profile/Andrew_Ogilvie2/contributions'),
(102, 16, 3, 'http://www.documentation.ird.fr/hor/OGILVIE,ANDREW/tout?pres=TY'),
(118, 16, 5, 'http://orcid.org/0000-0003-2604-3191'),
(295, 16, 6, 'mailto:andrew.ogilvie@ird.fr'),
(132, 16, 7, 'http://www.g-eau.fr/index.php/en/'),
(101, 16, 23, 'https://www.kcl.ac.uk/sspp/departments/geography/research/activity-hubs/water/about-us.aspx'),
(110, 17, 2, 'https://www.researchgate.net/profile/Ramses_Djidjou_Demasse'),
(183, 17, 6, 'mailto:ddramses@gmail.com'),
(108, 17, 7, 'https://mivegec.ird.fr/en/'),
(113, 17, 9, 'https://link.springer.com/article/10.1007%2Fs00285-015-0952-6'),
(109, 17, 14, 'https://scholar.google.com/citations?user=tIgNPfkAAAAJ&hl=fr'),
(111, 17, 24, 'https://www.linkedin.com/in/ramses-djidjou-demasse-58a36234/'),
(115, 18, 2, 'https://www.researchgate.net/profile/Nils_Poulicard'),
(260, 18, 3, 'http://www.documentation.ird.fr/hor/POULICARD,NILS/tout?pres=TY'),
(116, 18, 5, 'http://orcid.org/0000-0003-3969-2131'),
(117, 18, 6, 'mailto:nils.poulicard@ird.fr'),
(114, 18, 7, 'http://umr-ipme.ird.fr/'),
(121, 19, 1, 'http://www.ird.nc/CAMELIA/Cecile_Dupouy.html'),
(122, 19, 2, 'https://www.researchgate.net/profile/Cecile_Dupouy'),
(128, 19, 3, 'http://www.documentation.ird.fr/hor/DUPOUY+DOUCHEMENT,CECILE/tout'),
(127, 19, 4, 'http://www.researcherid.com/rid/I-3746-2015'),
(123, 19, 6, 'mailto:cecile.dupouy@ird.fr'),
(119, 19, 7, 'https://www.mio.univ-amu.fr/?FAQ-sur-l-acidification-des-oceans&lang=fr'),
(136, 20, 2, 'https://www.researchgate.net/profile/Frederic_Satge'),
(261, 20, 3, 'http://www.documentation.ird.fr/hor/SATGE,FREDERIC/tout?pres=TY'),
(135, 20, 5, 'https://orcid.org/0000-0003-3662-6876'),
(137, 20, 6, 'mailto:Frederic.Satge@ird.fr'),
(134, 20, 7, 'http://www.espace-dev.fr/'),
(138, 20, 14, 'https://scholar.google.fr/citations?user=RIhH1BUAAAAJ'),
(139, 20, 25, 'https://www.scopus.com/authid/detail.uri?authorId=56075783500'),
(145, 21, 2, 'https://www.researchgate.net/lab/Pierre-Morand-Lab'),
(149, 21, 3, 'http://www.documentation.ird.fr/hor/MORAND,PIERRE/tout?pres=TY'),
(146, 21, 6, 'mailto:/pierre.morand@ird.fr'),
(143, 21, 7, 'http://www.resiliences.ird.fr/'),
(150, 21, 14, 'https://scholar.google.fr/citations?hl=fr&user=78rZOJMAAAAJ&view_op=list_works&sortby=pubdate#'),
(154, 22, 1, 'http://www.umr-marbec.fr/simier-monique.html'),
(155, 22, 2, 'https://www.researchgate.net/profile/Monique_Simier'),
(152, 22, 3, 'http://www.documentation.ird.fr/hor/SIMIER,MONIQUE/tout?pres=TY'),
(153, 22, 5, 'https://orcid.org/0000-0002-8436-5925'),
(156, 22, 6, 'mailto:monique.simier@ird.fr'),
(151, 22, 7, 'http://www.umr-marbec.fr/en/?lang=en'),
(160, 23, 1, 'http://lmv.uca.fr/roche-olivier/'),
(158, 23, 3, 'http://www.documentation.ird.fr/hor/ROCHE,OLIVIER/tout?pres=TY'),
(159, 23, 5, 'https://orcid.org/0000-0002-6751-6904'),
(161, 23, 6, 'mailto:olivier.roche@ird.fr'),
(157, 23, 7, 'http://lmv.uca.fr/en/'),
(162, 23, 9, 'https://www.sciencedirect.com/science/article/pii/S0012821X15001326'),
(166, 23, 26, 'http://lmv.uca.fr/inauguration-du-dispositif-de-generation-de-tsunamis-video/'),
(165, 23, 27, 'http://www.ingemmet.gob.pe/'),
(173, 24, 1, 'http://www.compo.ird.fr/christophe.lett/'),
(168, 24, 3, 'http://www.documentation.ird.fr/hor/LETT,CHRISTOPHE/tout?pres=TY'),
(171, 24, 5, 'https://orcid.org/0000-0001-5809-2452'),
(169, 24, 6, 'mailto:christophe.lett@ird.fr'),
(167, 24, 7, 'http://www.umr-marbec.fr/en/?lang=en'),
(174, 24, 11, 'https://www.dunod.com/sciences-techniques/modelisation-mathematique-en-ecologie-cours-et-exercices-corriges'),
(170, 24, 14, 'https://scholar.google.fr/citations?user=NW400jUAAAAJ&hl=fr'),
(378, 24, 77, 'http://www.ichthyop.org/'),
(177, 25, 1, 'http://amap-collaboratif.cirad.fr/pages-chercheurs/?page_id=735'),
(178, 25, 2, 'https://www.researchgate.net/profile/Christophe_Proisy'),
(176, 25, 3, 'http://www.documentation.ird.fr/hor/PROISY,CHRISTOPHE/tout?pres=TY'),
(179, 25, 6, 'mailto:christophe.proisy@ird.fr'),
(175, 25, 7, 'http://amap.cirad.fr/en/index.php'),
(181, 25, 9, 'https://doi.org/10.1016/B978-1-78548-160-4.50007-8'),
(180, 25, 28, 'http://www.ifpindia.org/'),
(189, 26, 2, 'https://www.researchgate.net/profile/Francois_Sabot2'),
(187, 26, 3, 'http://www.documentation.ird.fr/hor/SABOT,FRANCOIS/tout?pres=TY'),
(188, 26, 5, 'https://orcid.org/0000-0002-8522-7583'),
(185, 26, 6, 'mailto:francois.sabot@ird.fr'),
(186, 26, 7, 'http://diade.ird.fr/en'),
(191, 26, 29, 'http://toggle.ird.fr'),
(194, 27, 1, 'http://pp.ige-grenoble.fr/pageperso/chaffard/'),
(193, 27, 3, 'http://www.documentation.ird.fr/hor/CHAFFARD,VERONIQUE/tout?pres=TY'),
(212, 27, 5, 'https://orcid.org/0000-0003-2823-7117'),
(195, 27, 6, 'mailto:veronique.chaffard@ird.fr'),
(192, 27, 7, 'http://www.ige-grenoble.fr/?lang=en'),
(197, 27, 31, 'http://data.cryobsclim.fr/main.jsf'),
(211, 27, 34, 'http://bd.amma-catch.org'),
(213, 27, 35, 'http://www.ozcar-ri.org/'),
(214, 27, 36, 'https://www.theia-land.fr/en/data-and-services-for-the-land/'),
(200, 28, 2, 'https://www.researchgate.net/profile/Pauline_Gluski'),
(199, 28, 3, 'http://www.documentation.ird.fr/hor/GLUSKI,PAULINE/tout?pres=TY'),
(201, 28, 6, 'mailto:pauline.gluski@ird.fr'),
(198, 28, 7, 'http://www.prodig.cnrs.fr/'),
(202, 28, 11, 'archives/20190401-2014-Metzger_AtlasLima.pdf'),
(203, 28, 11, 'archives/20190419-2018-Magrin_DevelLacTchad.pdf'),
(206, 29, 1, 'http://www.umr-marbec.fr/gaertner-daniel.html'),
(207, 29, 2, 'https://www.researchgate.net/profile/Daniel_Gaertner2'),
(205, 29, 3, 'http://www.documentation.ird.fr/hor/GAERTNER,DANIEL/tout?pres=TY'),
(208, 29, 6, 'mailto:daniel.gaertner@ird.fr'),
(204, 29, 7, 'http://www.umr-marbec.fr/en/?lang=en'),
(209, 29, 32, 'https://www.bmis-bycatch.org/rfmos'),
(210, 29, 33, 'https://www.iccat.int/aottp/en/index.html'),
(218, 30, 1, 'https://cv.archives-ouvertes.fr/jean-christophe-desconnets'),
(219, 30, 2, 'https://www.researchgate.net/profile/Jean-Christophe_Desconnets'),
(216, 30, 3, 'http://www.documentation.ird.fr/hor/DESCONNETS,JEAN-CHRISTOPHE/tout?pres=TY'),
(221, 30, 6, 'mailto:jean-christophe.desconnets@ird.fr'),
(215, 30, 7, 'http://www.espace-dev.fr/'),
(217, 30, 14, 'https://scholar.google.fr/citations?user=BQ6xnVIAAAAJ&hl=fr'),
(223, 30, 37, 'http://ids.equipex-geosud.fr/web/guest'),
(225, 31, 3, 'http://www.documentation.ird.fr/hor/DEPRAETERE,CHRISTIAN/tout?pres=TY'),
(226, 31, 6, 'mailto:christian.depraetere@ird.fr'),
(228, 31, 7, 'http://www.espace-dev.fr/'),
(227, 31, 10, 'archives/2013-Depraetere_HDR.pdf'),
(224, 31, 38, 'https://glispa.org/glispa-bright-spots/39-global-island-database'),
(234, 32, 1, 'http://www.umr-marbec.fr/jouffre-didier.html'),
(231, 32, 2, 'https://www.researchgate.net/profile/Didier_Jouffre'),
(229, 32, 3, 'http://www.documentation.ird.fr/hor/JOUFFRE,DIDIER/tout?pres=TY'),
(230, 32, 6, 'mailto:didier.jouffre@ird.fr'),
(235, 32, 7, 'http://www.umr-marbec.fr/en/?lang=en'),
(232, 32, 14, 'https://scholar.google.fr/citations?hl=fr&user=f2Djfp0AAAAJ'),
(233, 32, 25, 'https://www.scopus.com/authid/detail.uri?authorId=18040153500'),
(241, 33, 6, 'mailto:eric.chenin@ird.fr'),
(237, 33, 7, 'http://www.ummisco.fr/'),
(239, 33, 14, 'https://scholar.google.com/citations?user=2gUPLswAAAAJ&hl=fr'),
(236, 33, 39, 'http://www.gbif.fr/'),
(248, 34, 1, 'https://www-iuem.univ-brest.fr/lemar/equipe/lebourges-dhaussy-anne/'),
(244, 34, 2, 'https://www.researchgate.net/profile/Anne_Lebourges-Dhaussy'),
(243, 34, 3, 'http://www.documentation.ird.fr/hor/LEBOURGES-DHAUSSY,ANNE/tout?pres=TY'),
(245, 34, 6, 'mailto:anne.lebourges.dhaussy@ird.fr'),
(242, 34, 7, 'https://www-iuem.univ-brest.fr/LEMAR'),
(246, 34, 40, 'https://www-iuem.univ-brest.fr/lemar/les-poles/active-acoustics/?lang=en'),
(252, 35, 2, 'https://www.researchgate.net/profile/A_Laraque'),
(251, 35, 3, 'http://www.documentation.ird.fr/hor/LARAQUE,ALAIN/tout?pres=TY'),
(250, 35, 6, 'mailto:alain.laraque@ird.fr'),
(249, 35, 7, 'http://www.get.obs-mip.fr/'),
(253, 35, 14, 'https://scholar.google.fr/citations?user=2YmAvzIAAAAJ&hl=fr'),
(254, 35, 41, 'http://www.ore-hybam.org/index.php/eng'),
(268, 35, 42, 'https://hydrohub.wmo.int/en/world-hydrological-cycle-observing-system-whycos'),
(258, 36, 1, 'http://pages-perso-julie-carreau.msem.univ-montp2.fr/UM2/Julie_Carreau.html'),
(256, 36, 2, 'https://www.researchgate.net/profile/Julie_Carreau/research'),
(257, 36, 3, 'http://www.documentation.ird.fr/hor/CARREAU,JULIE/tout?pres=TY'),
(266, 36, 6, 'mailto:julie.carreau@ird.fr'),
(267, 36, 7, 'http://www.hydrosciences.org/?lang=en'),
(296, 36, 10, 'archives/2019-Carreau_HDR.pdf'),
(439, 36, 94, 'https://github.com/cran/condmixt'),
(273, 37, 1, 'http://umr-entropie.ird.nc/index.php/team/jocelyne-ferraris'),
(272, 37, 3, 'http://www.documentation.ird.fr/hor/FERRARIS,JOCELYNE/tout?pres=TY'),
(271, 37, 7, 'http://umr-entropie.ird.nc/index.php/home'),
(275, 37, 26, 'https://audiovisuel.ird.fr/index.php?urlaction=doc&id_doc=10541&rang=1#'),
(270, 37, 44, 'http://www.ifrecor.com/'),
(285, 37, 47, 'http://www.labex-corail.fr/labex-corail-en/'),
(279, 38, 1, 'http://www-poleia.lip6.fr/~zucker/'),
(277, 38, 2, 'https://www.researchgate.net/profile/Jean-daniel_Zucker'),
(278, 38, 3, 'http://www.documentation.ird.fr/hor/ZUCKER,JEAN-DANIEL/tout?pres=TY'),
(284, 38, 5, 'https://orcid.org/0000-0002-5597-7922'),
(294, 38, 6, 'mailto:jean-daniel.zucker@ird.fr'),
(293, 38, 7, 'http://www.ummisco.fr/'),
(283, 38, 11, 'https://www.amazon.fr/l/B004MXBURI?_encoding=UTF8&ref_=ntt_dp_epwbk_1&rfkd=1'),
(280, 38, 14, 'https://scholar.google.it/citations?user=bcrbZrEAAAAJ&hl=en'),
(281, 38, 45, 'https://usth.edu.vn/'),
(282, 38, 46, 'http://lirima.inria.fr/en/'),
(304, 38, 52, 'https://gama-platform.github.io/'),
(288, 39, 3, 'http://www.documentation.ird.fr/hor/LEBELLEGARD,PIERRE/tout?pres=TY'),
(291, 39, 6, 'mailto:pierre.lebellegard@ird.fr'),
(289, 39, 7, 'https://geoazur.oca.eu/fr/acc-geoazur'),
(286, 39, 48, 'http://www.orsnet.org/?lang=EN'),
(287, 39, 49, 'http://seisme.nc/en/'),
(299, 40, 2, 'https://www.researchgate.net/profile/Pascal_Bach/research'),
(301, 40, 3, 'http://www.documentation.ird.fr/hor/BACH,PASCAL/tout?pres=TY'),
(302, 40, 5, 'https://orcid.org/0000-0003-0804-8466'),
(300, 40, 6, 'mailto:pascal.bach@ird.fr'),
(303, 40, 7, 'http://www.umr-marbec.fr/en/?lang=en'),
(297, 40, 50, 'https://paradep.com/en/paradep-home-english/'),
(298, 40, 51, 'https://www.ob7.ird.fr/en/index.html'),
(305, 40, 53, 'https://iotc.org/'),
(306, 41, 3, 'http://www.documentation.ird.fr/hor/DECKER,LUC/tout?pres=TY'),
(310, 41, 5, 'http://orcid.org/0000-0002-4808-3568'),
(312, 41, 6, 'mailto:luc.decker@ird.fr'),
(311, 41, 14, 'https://scholar.google.com/citations?user=Qg7gwc8AAAAJ&hl=en'),
(307, 41, 54, 'https://www.hebooc.org/?lang=EN&section=present'),
(308, 41, 55, 'http://www.ams.cmu.ac.th/main/web/index.php/?langId=3'),
(309, 41, 56, 'https://www.napneung.net/home'),
(313, 41, 57, 'https://dataverse.ird.fr/'),
(335, 41, 65, 'https://data.ird.fr/'),
(320, 42, 1, 'https://cv.archives-ouvertes.fr/regis-hocde'),
(318, 42, 2, 'https://www.researchgate.net/profile/Regis_Hocde'),
(323, 42, 3, 'https://www.documentation.ird.fr/hor/HOCDE,REGIS/tout?pres=TY'),
(330, 42, 5, 'https://orcid.org/0000-0002-5794-2598'),
(317, 42, 6, 'mailto:regis.hocde@ird.fr'),
(333, 42, 7, 'http://www.umr-marbec.fr/en/?lang=en'),
(319, 42, 14, 'https://scholar.google.fr/citations?user=QrzsxW0AAAAJ&hl=fr'),
(315, 42, 58, 'http://www.reeftemps.science/donnees/'),
(321, 42, 59, 'http://www.lengguru.org/?lang=en'),
(332, 42, 64, 'https://reefish.umontpellier.fr/'),
(324, 43, 3, 'http://www.documentation.ird.fr/hor/HABERT,ELISABETH/tout?pres=TY'),
(326, 43, 6, 'mailto:elisabeth.habert@ird.fr'),
(325, 43, 7, 'http://www.paloc.fr/en'),
(327, 43, 61, 'http://www.lecfc.fr/'),
(328, 43, 62, 'https://www.eudat.eu/'),
(329, 43, 63, 'https://www.arcgis.com/apps/MapSeries/index.html?appid=4b048be0293b4e0d9778785c8a7b488d'),
(354, 44, 1, 'https://www.ebonnet.net'),
(337, 44, 2, 'https://www.researchgate.net/profile/Emmanuel_Bonnet2'),
(338, 44, 3, 'https://www.documentation.ird.fr/hor/BONNET,EMMANUEL/tout?pres=TY'),
(340, 44, 6, 'mailto:emmanuel.bonnet@ird.fr'),
(339, 44, 7, 'https://resiliences.ird.fr/'),
(342, 44, 14, 'https://scholar.google.fr/citations?user=2vFyN9gAAAAJ&hl=fr&oi=ao'),
(341, 44, 67, 'http://accidents-benin.africasys.com'),
(353, 45, 2, 'https://www.researchgate.net/profile/Fernando_Nino2/research'),
(345, 45, 3, 'https://www.documentation.ird.fr/hor/NINO,FERNANDO/tout?pres=TY'),
(348, 45, 5, 'https://orcid.org/0000-0002-0388-8100'),
(346, 45, 6, 'mailto:fernando.nino@ird.fr'),
(344, 45, 7, 'http://www.legos.obs-mip.fr/'),
(347, 45, 14, 'https://scholar.google.fr/citations?user=Skr9tiAAAAAJ&hl=en'),
(352, 45, 45, 'https://www.usth.edu.vn/en/research/international-joint-labs/hilo-45.html'),
(343, 45, 68, 'http://ctoh.legos.obs-mip.fr/'),
(351, 45, 70, 'https://www.aviso.altimetry.fr/home.html'),
(360, 46, 2, 'https://www.researchgate.net/profile/Laure_Berti-Equille'),
(355, 46, 3, 'https://www.documentation.ird.fr/hor/BERTI+EQUILLE,LAURE/tout?pres=TY'),
(362, 46, 5, 'https://orcid.org/0000-0002-8046-0570'),
(359, 46, 6, 'mailto:laure.berti@ird.fr'),
(358, 46, 7, 'http://www.espace-dev.fr/'),
(361, 46, 14, 'https://scholar.google.fr/citations?user=pHwxwjwAAAAJ&hl=fr&oi=ao'),
(357, 46, 72, 'https://www.rd-alliance.org/'),
(370, 47, 2, 'https://www.researchgate.net/profile/Laurent_Drapeau/research'),
(368, 47, 3, 'https://www.documentation.ird.fr/hor/DRAPEAU,LAURENT/tout?pres=TY'),
(369, 47, 6, 'mailto:laurent.drapeau@ird.fr'),
(364, 47, 7, 'https://www.cesbio.cnrs.fr/'),
(371, 47, 9, 'https://www.earth-syst-sci-data.net/9/573/2017/'),
(363, 47, 73, 'https://www.ogc.org/'),
(366, 47, 74, 'https://www.unicef.org/wash/'),
(376, 48, 1, 'http://www.nicolasbarrier.fr/'),
(380, 48, 2, 'https://www.researchgate.net/profile/Nicolas_Barrier'),
(379, 48, 3, 'https://www.documentation.ird.fr/hor/BARRIER,NICOLAS/tout?pres=TY'),
(381, 48, 5, 'https://orcid.org/0000-0002-1693-4719'),
(373, 48, 6, 'mailto:nicolas.barrier@ird.fr'),
(382, 48, 7, 'http://www.umr-marbec.fr/en/?lang=en'),
(372, 48, 75, 'https://pypi.org/project/pypago/'),
(374, 48, 76, 'http://www.osmose-model.org/'),
(375, 48, 77, 'http://www.ichthyop.org/'),
(390, 48, 79, 'http://github.com/umr-marbec'),
(397, 49, 2, 'https://www.researchgate.net/profile/Laurence_Fleury'),
(393, 49, 3, 'https://www.documentation.ird.fr/hor/FLEURY,LAURENCE/tout?pres=TY'),
(394, 49, 6, 'mailto:laurence.fleury@ird.fr'),
(413, 49, 7, 'http://www.lped.fr/?lang=en'),
(391, 49, 81, 'http://www.indepth-ishare.org/index.php/home'),
(411, 49, 86, 'https://baobab.sedoo.fr/'),
(412, 49, 87, 'https://mistrals.sedoo.fr/'),
(401, 50, 2, 'https://www.researchgate.net/profile/Alexis_Drogoul'),
(399, 50, 3, 'https://www.documentation.ird.fr/hor/DROGOUL,ALEXIS/tout?pres=TY'),
(400, 50, 6, 'mailto:alexis.drogoul@ird.fr'),
(398, 50, 7, 'http://www.ummisco.fr/'),
(402, 50, 14, 'https://scholar.google.com/citations?user=xCUL8IwAAAAJ&hl=fr'),
(409, 50, 30, 'https://dblp.org/pid/73/2108.html'),
(404, 50, 52, 'https://gama-platform.github.io/'),
(407, 50, 83, 'https://ictlab.usth.edu.vn/'),
(408, 50, 84, 'http://ifi.vnu.edu.vn/en/'),
(410, 50, 85, 'https://comokit.org'),
(419, 51, 2, 'https://www.researchgate.net/profile/Romain_Guyot'),
(416, 51, 3, 'https://www.documentation.ird.fr/hor/GUYOT,ROMAIN/tout?pres=TY'),
(420, 51, 5, 'https://orcid.org/0000-0002-7016-7485'),
(418, 51, 6, 'mailto:romain.guyot@ird.fr'),
(417, 51, 7, 'http://diade.ird.fr/en'),
(421, 51, 14, 'https://scholar.google.com/citations?user=1jAQU2wAAAAJ&hl=fr&oi=ao'),
(424, 51, 57, 'https://dataverse.ird.fr/dataverse/evogec'),
(423, 51, 79, 'https://github.com/simonorozcoarias'),
(414, 51, 88, 'http://publish.plantnet-project.org/project/wildcofdb_en'),
(415, 51, 89, 'http://bioinca.org'),
(427, 52, 3, 'https://www.documentation.ird.fr/hor/BADER,JEAN-CLAUDE/tout?pres=TY'),
(428, 52, 6, 'mailto:jean-claude.bader@ird.fr'),
(431, 52, 7, 'http://www.g-eau.fr/index.php/en'),
(425, 52, 11, 'https://www.editions.ird.fr/produit/324/9782709918855/Monographie hydrologique du fleuve Senegal'),
(429, 52, 90, 'http://www.omvs.org/'),
(435, 52, 92, 'http://www.g-eau.fr/index.php/en/list/item/51-simulsen-objectifs'),
(441, 53, 6, 'mailto:michel.labadie@ird.fr'),
(440, 53, 7, 'https://www.ird.fr/recherche?search=dduni'),
(442, 53, 24, 'https://www.linkedin.com/in/labadie/'),
(447, 53, 57, 'https://dataverse.ird.fr/'),
(443, 53, 95, 'https://lab.ird.fr/Sirecherche'),
(445, 53, 98, 'https://www.cines.fr/en/'),
(448, 53, 99, 'https://www.jres.org/'),
(449, 53, 100, 'http://www.amue.fr/'),
(450, 53, 101, 'https://www.renater.fr/'),
(456, 54, 2, 'https://www.researchgate.net/profile/Rodolphe_Devillers'),
(454, 54, 3, 'https://www.documentation.ird.fr/hor/DEVILLERS,RODOLPHE/tout?pres=TY'),
(457, 54, 5, 'https://orcid.org/0000-0003-0784-847X'),
(455, 54, 6, 'mailto:rodolphe.devillers@ird.fr'),
(453, 54, 7, 'https://www.espace-dev.fr/en/home/'),
(451, 54, 11, 'https://www.amazon.fr/Livres-Rodolphe-Devillers/s?rh=n%3A301061%2Cp_27%3ARodolphe+Devillers'),
(458, 54, 14, 'https://scholar.google.fr/citations?user=_vU_ogEAAAAJ&hl=fr'),
(459, 54, 24, 'https://www.linkedin.com/in/rdevillers/?originalSubdomain=fr'),
(460, 54, 103, 'https://www.mun.ca/geog/'),
(461, 54, 104, 'https://crdig.ulaval.ca/'),
(467, 55, 1, 'https://sophiegif.github.io/'),
(465, 55, 5, 'https://orcid.org/0000-0001-5606-145X'),
(463, 55, 6, 'mailto:sophie.giffard-roisin@ird.fr'),
(462, 55, 7, 'https://www.isterre.fr/?lang=en'),
(466, 55, 14, 'https://scholar.google.fr/citations?user=tdFK7TEAAAAJ&hl=fr'),
(469, 55, 30, 'https://dblp.org/pid/156/2245.html'),
(468, 55, 79, 'https://github.com/sophiegif'),
(472, 56, 2, 'https://www.researchgate.net/profile/Morgan-Mangeas'),
(478, 56, 3, 'https://www.documentation.ird.fr/hor/MANGEAS,MORGAN/tout?pres=TY'),
(473, 56, 5, 'https://orcid.org/0000-0003-4146-3784'),
(471, 56, 6, 'mailto:morgan.mangeas@ird.fr'),
(470, 56, 7, 'http://umr-entropie.ird.nc/index.php/home'),
(474, 56, 14, 'https://scholar.google.fr/citations?user=T9QvuuUAAAAJ&hl=fr'),
(475, 56, 105, 'https://www.oeil.nc/fr'),
(476, 56, 106, 'http://deployeur.univ-nc.nc/r/INC/application.php'),
(477, 56, 107, 'https://ecomore.org/'),
(483, 57, 3, 'https://www.documentation.ird.fr/hor/SELINGER,CHRISTIAN/tout?pres=TY'),
(481, 57, 5, 'https://orcid.org/0000-0002-4361-549X'),
(480, 57, 6, 'mailto:christian.selinger@ird.fr'),
(479, 57, 7, 'https://mivegec.ird.fr/en/'),
(482, 57, 14, 'https://scholar.google.fr/citations?user=382gxFoAAAAJ&hl=fr'),
(484, 57, 108, 'https://vaccineenterprise.org/'),
(497, 58, 1, 'https://sites.google.com/site/larmandepierre'),
(495, 58, 2, 'https://www.researchgate.net/profile/Pierre-Larmande'),
(492, 58, 3, 'https://www.documentation.ird.fr/hor/LARMANDE,PIERRE/tout?pres=TY'),
(494, 58, 5, 'http://orcid.org/0000-0002-2923-9790'),
(493, 58, 6, 'mailto:pierre.larmande@ird.fr'),
(491, 58, 7, 'http://diade.ird.fr/en/'),
(490, 58, 10, 'archives/2020-Larmande_HDR.pdf'),
(496, 58, 14, 'https://scholar.google.fr/citations?user=BjYnqe8AAAAJ&hl=fr&oi=ao'),
(500, 58, 24, 'https://www.linkedin.com/in/pierre-larmande-5110b91a/'),
(499, 58, 30, 'https://dblp.org/pid/23/1552.html'),
(502, 58, 79, 'https://github.com/pierrelarmande'),
(485, 58, 83, 'https://ictlab.usth.edu.vn/'),
(504, 58, 109, 'https://pubmed.ncbi.nlm.nih.gov/?term=larmande+pierre'),
(487, 58, 110, 'https://d2kab.mystrikingly.com/'),
(503, 58, 114, 'http://agrold.southgreen.fr/agrold/'),
(505, 58, 115, 'https://pyrice.readthedocs.io/'),
(506, 58, 116, 'https://gigwa.ird.fr/gigwa/'),
(516, 59, 2, 'https://www.researchgate.net/profile/Nadine-Dessay'),
(512, 59, 3, 'https://www.documentation.ird.fr/listes/parauteur/DESSAY/NADINE/tout'),
(511, 59, 5, 'https://orcid.org/0000-0003-0526-3531'),
(515, 59, 6, 'mailto:nadine.dessay@ird.fr'),
(514, 59, 7, 'https://www.espace-dev.fr/en/home/'),
(513, 59, 14, 'https://scholar.google.com/citations?user=AcTBf2AAAAAJ&hl=fr'),
(517, 59, 30, 'https://dblp.uni-trier.de/pid/189/2862.html'),
(508, 59, 37, 'http://ids.equipex-geosud.fr/web/guest'),
(518, 59, 109, 'https://pubmed.ncbi.nlm.nih.gov/?term=nadine+dessay'),
(507, 59, 117, 'http://www.theia-land.art-geodev.fr/en/'),
(509, 59, 118, 'http://inct-odisseia.i3gs.org/'),
(510, 59, 119, 'https://cv.archives-ouvertes.fr/nadine-dessay'),
(527, 60, 1, 'http://umr-entropie.ird.nc/index.php/team/sylvie-fiat'),
(524, 60, 3, 'https://www.documentation.ird.fr/listes/parauteur/FIAT/SYLVIE/tout'),
(528, 60, 5, 'https://orcid.org/0000-0002-7999-5906'),
(526, 60, 6, 'mailto:sylvie.fiat@ird.fr'),
(530, 60, 39, 'https://www.gbif.org/'),
(519, 60, 57, 'https://dataverse.ird.fr/'),
(522, 60, 58, 'http://www.reeftemps.science/en/home/'),
(520, 60, 72, 'https://www.rd-alliance.org/'),
(529, 60, 119, 'https://cv.archives-ouvertes.fr/sylvie-fiat'),
(521, 60, 120, 'http://lagplon.ird.nc/index.xhtml'),
(523, 60, 121, 'https://www.ir-ilico.fr/en');

-- --------------------------------------------------------

--
-- Structure de la table `info_misc2`
--

CREATE TABLE IF NOT EXISTS `info_misc2` (
  `id` int(11) NOT NULL auto_increment,
  `idInformation` int(11) NOT NULL,
  `idRef_Misc2` int(11) NOT NULL,
  PRIMARY KEY  (`id`),
  UNIQUE KEY `idInformation_2` (`idInformation`,`idRef_Misc2`),
  KEY `idRef_Misc2` (`idRef_Misc2`),
  KEY `idInformation` (`idInformation`)
) ENGINE=InnoDB DEFAULT CHARSET=utf8 AUTO_INCREMENT=1 ;

-- --------------------------------------------------------

--
-- Structure de la table `ref_author`
--

CREATE TABLE IF NOT EXISTS `ref_author` (
  `idRef_Author` int(11) NOT NULL auto_increment,
  `initials` varchar(50) NOT NULL,
  `fullName` varchar(80) NOT NULL,
  PRIMARY KEY  (`idRef_Author`),
  UNIQUE KEY `initials` (`initials`),
  UNIQUE KEY `fullName` (`fullName`)
) ENGINE=InnoDB  DEFAULT CHARSET=utf8 AUTO_INCREMENT=67 ;

--
-- Contenu de la table `ref_author`
--

INSERT INTO `ref_author` (`idRef_Author`, `initials`, `fullName`) VALUES
(2, 'L.Brousseau', 'BROUSSEAU, Louise'),
(3, 'M.Capello', 'CAPELLO, Manuela'),
(4, 'B.Hector', 'HECTOR, Basile'),
(5, 'O.Maury', 'MAURY, Olivier'),
(6, 'J.Landier', 'LANDIER, Jordi'),
(7, 'A.Gasc', 'GASC, Amandine'),
(8, 'S.Ferrant', 'FERRANT, Sylvain'),
(9, 'J.-P. Chippaux', 'CHIPPAUX, Jean-Philippe'),
(10, 'N. Bez', 'BEZ, Nicolas'),
(11, 'A. Dezetter', 'DEZETTER, Alain'),
(12, 'P.  Brehmer', 'BREHMER, Patrice'),
(13, 'J.-C. Poussin', 'POUSSIN, Jean-Christophe'),
(14, 'J. Le Fur', 'LE FUR, Jean'),
(15, 'M. Loireau', 'LOIREAU, Maud'),
(16, 'F. Molle', 'MOLLE, François'),
(17, 'A. Ogilvie', 'OGILVIE, Andrew'),
(18, 'R. Djidjou Demasse', 'DJIDJOU DEMASSE, Ramsès'),
(19, 'N. Poulicard', 'POULICARD, Nils'),
(20, 'C. Dupouy', 'DUPOUY, Cécile'),
(21, 'F. Satgé', 'SATGE, Frédéric'),
(22, 'P. Morand', 'MORAND, Pierre'),
(23, 'M. Simier', 'SIMIER, Monique'),
(24, 'O. Roche', 'ROCHE, Olivier'),
(25, 'C. Lett', 'LETT, Christophe'),
(26, 'C. Proisy', 'PROISY, Christophe'),
(27, 'F. Sabot', 'SABOT, François'),
(28, 'V. Chaffard', 'CHAFFARD, Véronique'),
(29, 'P. Gluski', 'GLUSKI, Pauline'),
(30, 'D. Gaertner', 'GAERTNER, Daniel'),
(31, 'J.C. Desconnets', 'DESCONNETS, Jean-Christophe'),
(32, 'C. Depraetere', 'DEPRAETERE, Christian'),
(33, 'D. Jouffre', 'JOUFFRE, Didier'),
(34, 'E. Chenin', 'CHENIN, Eric'),
(35, 'A. Lebourges-Dhaussy', 'LEBOURGES-DHAUSSY, Anne'),
(36, 'A. Laraque', 'LARAQUE, Alain'),
(37, 'J. Carreau', 'CARREAU, Julie'),
(38, 'J. Ferraris (retired 2020) ', 'FERRARIS, Jocelyne'),
(39, 'J.-D. Zucker', 'ZUCKER, Jean-Daniel'),
(42, 'P. Lebellegard', 'LEBELLEGARD, Pierre'),
(43, 'P. Bach', 'BACH, Pascal'),
(45, 'L. Decker', 'DECKER, Luc'),
(46, 'R. Hocde', 'HOCDE, Regis'),
(47, 'E. Habert', 'HABERT, Elisabeth'),
(48, 'E. Bonnet', 'BONNET, Emmanuel'),
(49, 'F. Niño', 'NIÑO, Fernando'),
(50, 'L. Berti-Equille', 'BERTI-EQUILLE, Laure'),
(52, 'L. Drapeau', 'DRAPEAU, Laurent'),
(54, 'N. Barrier', 'BARRIER, Nicolas'),
(55, 'L. Fleury', 'FLEURY, Laurence'),
(56, 'A. Drogoul', 'DROGOUL, Alexis'),
(57, 'R. Guyot', 'GUYOT, Romain'),
(58, 'J.C. Bader', 'BADER, Jean-Claude'),
(59, 'M. Labadie', 'LABADIE, Michel'),
(60, 'R. Devillers', 'DEVILLERS, Rodolphe'),
(61, 'S. Giffard-Roisin', 'GIFFARD-ROISIN, Sophie'),
(62, 'M. Mangeas', 'MANGEAS, Morgan'),
(63, 'C. Selinger', 'SELINGER, Christian'),
(64, 'P. Larmande', 'LARMANDE, Pierre'),
(65, 'N. Dessay', 'DESSAY, Nadine'),
(66, 'S. Fiat', 'FIAT, Sylvie');

-- --------------------------------------------------------

--
-- Structure de la table `ref_dimension`
--

CREATE TABLE IF NOT EXISTS `ref_dimension` (
  `idRef_Dimension` int(11) NOT NULL auto_increment,
  `dimensionName` varchar(50) NOT NULL,
  PRIMARY KEY  (`idRef_Dimension`),
  UNIQUE KEY `dimension` (`dimensionName`),
  KEY `id` (`idRef_Dimension`)
) ENGINE=InnoDB  DEFAULT CHARSET=utf8 AUTO_INCREMENT=13 ;

--
-- Contenu de la table `ref_dimension`
--

INSERT INTO `ref_dimension` (`idRef_Dimension`, `dimensionName`) VALUES
(8, 'engineer'),
(9, 'HDR engineer'),
(5, 'HDR scientist'),
(6, 'PhD engineer'),
(3, 'PhD scientist'),
(7, 'research engineer'),
(12, 'scientist'),
(4, 'senior scientist'),
(11, 'senior scientist (RETIRED)'),
(10, 'senior scientist, Professor');

-- --------------------------------------------------------

--
-- Structure de la table `ref_keyword`
--

CREATE TABLE IF NOT EXISTS `ref_keyword` (
  `idRef_Keyword` int(11) NOT NULL auto_increment,
  `keywordName` varchar(80) NOT NULL,
  `idRef_MetaKeyword` int(11) NOT NULL,
  `optionalDescription` varchar(250) default NULL,
  PRIMARY KEY  (`idRef_Keyword`),
  UNIQUE KEY `groupe` (`keywordName`),
  KEY `idcomposant` (`idRef_MetaKeyword`),
  KEY `id` (`idRef_Keyword`)
) ENGINE=InnoDB  DEFAULT CHARSET=utf8 AUTO_INCREMENT=936 ;

--
-- Contenu de la table `ref_keyword`
--

INSERT INTO `ref_keyword` (`idRef_Keyword`, `keywordName`, `idRef_MetaKeyword`, `optionalDescription`) VALUES
(1, 'genomics', 12, ''),
(2, 'Ecology (evolutionary)', 12, ''),
(3, 'biostatistics', 12, ''),
(4, 'modelling (bayesian)', 5, ''),
(5, 'NGS (Next Generation Sequencing)', 5, ''),
(6, 'local adaptation', 3, ''),
(7, 'tropical rain forest', 4, ''),
(8, 'integrative approach', 5, ''),
(9, 'natural selection', 3, ''),
(10, 'phenotype', 9, ''),
(11, 'plasticity', 3, ''),
(12, 'UMR Diade (plant DIversity Adapt. & DEv.)', 6, ''),
(14, 'The Reunion Island', 8, ''),
(15, 'Fisheries science (fr: Halieutique)', 12, ''),
(16, 'Ecology (behavioural)', 12, ''),
(17, 'complex system', 9, ''),
(18, 'MODELLING', 12, 'one or any modelling (xxx) item'),
(19, 'EAF (Ecosystem Approach to Fisheries)', 5, ''),
(20, 'pelagic fish', 4, ''),
(21, 'FAD (Fish Aggregating Device)', 10, ''),
(22, 'simulation (Monte-Carlo)', 11, ''),
(25, 'UMR MARBEC (MAR. Biodiv. Exploit. Conserv.)', 6, ''),
(26, 'electronic tagging', 5, ''),
(27, 'collective behaviour', 3, ''),
(28, 'statistical mechanics', 12, ''),
(29, 'Quantum mechanics', 12, ''),
(31, 'MULTIDISCIPLINARY', 12, 'inclusive multi-, inter-, trans-, etc.'),
(32, 'transcriptomics', 12, ''),
(33, 'epigenomics', 12, ''),
(35, 'Maldives', 8, ''),
(36, 'Ivory Coast', 8, ''),
(37, 'Brazil', 8, ''),
(38, 'ecosystem (tropical pelagic)', 4, ''),
(39, 'model (operational)', 18, ''),
(40, 'non linear dynamics', 11, ''),
(41, 'SDG 06 (Sust. Devel. Goal - Water and sanitation)', 14, 'UN Sustainable Development Goal'),
(42, 'Benin', 8, ''),
(43, 'Geophysics', 12, 'see https://www.sciencedirect.com/science/article/pii/S1355219800000186'),
(44, 'Hydrology', 12, ''),
(45, 'West Africa', 8, ''),
(46, 'gravimetry (hydro)', 12, ''),
(47, 'PyGrav (processing of micro-gravity data)', 15, 'http://basileh.github.io/pyGrav/'),
(48, 'modelling (integrated)', 5, ''),
(49, 'water resources', 4, ''),
(50, 'data (gravimetric)', 16, ''),
(51, 'critical zone', 4, 'Earth''s outer skin'),
(52, 'model (numerical)', 18, ''),
(53, 'data mining', 11, ''),
(54, 'hydrosystem', 4, ''),
(55, 'modelling (hyper-resolved)', 5, ''),
(56, 'UMR IGE (Inst. Geosci. Environ. res.)', 6, ''),
(57, 'Ecology (marine)', 12, ''),
(58, 'South Western Indian ocean', 8, ''),
(59, 'Sahel', 8, ''),
(60, 'spatial dynamics', 9, ''),
(61, 'population dynamics', 5, ''),
(62, 'ecosystem (marine)', 4, ''),
(63, 'ecosystem dynamics', 9, ''),
(64, 'ecosystem processes', 3, ''),
(65, 'biodiversity (functional)', 9, ''),
(67, 'modelling (statistical)', 5, ''),
(68, 'climate change impacts', 3, ''),
(69, 'RFMO (Regional fisheries management organisation)', 6, ''),
(70, 'tuna fisheries', 4, ''),
(71, 'fisheries management', 3, ''),
(72, 'socio-ecological scenario', 5, ''),
(73, 'Indian ocean', 8, ''),
(74, 'South Africa', 8, ''),
(75, 'Seychelles', 8, ''),
(76, 'stock assessment', 12, ''),
(77, 'APECOSM (Apex Predators ECOSystem Model)', 18, ''),
(78, 'multi-scale (spatial)', 5, ''),
(79, 'GLOBEC (Global Ocean Ecosystem Dynamics program)', 6, 'International program'),
(80, 'model (end-to-end)', 18, ''),
(81, 'biodiversity (marine)', 9, ''),
(82, 'model coupling', 5, ''),
(83, 'global ocean', 8, ''),
(85, 'Plasmodium_falsiparum', 7, ''),
(86, 'epidemic focus', 4, 'FR: foyer de prévalence'),
(87, 'UMR SESSTIM (Sci. Econ. Soc. Santé  & Traitement Inform. Médic.)', 6, ''),
(88, 'Buruli ulcer', 19, ''),
(89, 'Epidemiology', 12, ''),
(90, 'Cameroon', 8, ''),
(91, 'Myobacterium_ulcerans (bacteria)', 7, ''),
(92, 'SDG 03 (Sust. Devel. Goal - Health and well-being)', 14, 'UN Sustainable Development Goal'),
(93, 'information system', 16, ''),
(94, 'malaria', 19, ''),
(95, 'disease incidence (epidemiology)', 3, ''),
(96, 'prevalence focus (epidemiology)', 3, ''),
(97, 'asymptomatic infection', 9, ''),
(98, 'public health', 9, ''),
(99, 'screening (health)', 5, ''),
(100, 'Mali', 8, ''),
(101, 'Burkina-Faso', 8, ''),
(102, 'geomatics', 12, ''),
(103, 'regression (functional)', 11, ''),
(104, 'SDG 15 (Sust. Devel. Goal - Terrestrial ecosystems)', 14, 'UN Sustainable Development Goal'),
(105, 'UMR IMBE (Medit. Inst. mar. terrestr. Biodiv. Ecol.)', 6, 'Mediterranean Institute of marine and terrestrial Biodiversity and Ecology'),
(106, 'phylogeny', 12, ''),
(107, 'biogeography', 12, ''),
(108, 'acoustic niche hypothesis', 21, ''),
(109, 'acoustic diversity', 9, ''),
(110, 'sound library (fr: sonothèque)', 16, ''),
(111, 'Ecology (soundscape)', 12, ''),
(112, 'biodiversity', 3, ''),
(113, 'indicator (biological)', 16, ''),
(114, 'big data', 5, ''),
(115, 'remote sensing', 11, ''),
(116, 'animal community', 4, ''),
(117, 'disturbance analysis', 5, ''),
(118, 'UMR CESBIO (Center for the Study of the Biosphere from Space)', 6, ''),
(119, 'spatial agro-hydrology', 12, ''),
(120, 'data assimilation', 11, ''),
(121, 'forecasting', 5, ''),
(122, 'agriculture', 4, ''),
(123, 'South India', 8, ''),
(124, 'water management', 5, ''),
(125, 'monitoring (environmental)', 5, 'observatoire environnementaux'),
(126, 'model (agro-hydrological)', 18, ''),
(127, 'aggregation (spatial)', 3, ''),
(128, 'venom', 4, ''),
(130, 'clinical research informatics', 5, ''),
(131, 'tropical endemics', 9, ''),
(132, 'prevention (health)', 5, ''),
(133, 'dracunculiasis (guinea worm disease)', 19, ''),
(134, 'ivermectine (medication)', 16, ''),
(136, 'onchocerciasis (river blindness disease)', 19, ''),
(137, 'Niger country', 8, ''),
(138, 'Senegal', 8, ''),
(139, 'Bolivia', 8, ''),
(140, 'tropical medicine', 12, ''),
(141, 'UMR MERIT (Mother and child face tropical infections)', 6, ''),
(143, 'Serpentes (snakes)', 7, ''),
(144, 'Meningitis', 19, ''),
(145, 'Schistosomiasis (snail fever, bilharzia)', 19, ''),
(146, 'filariasis (parasitic disease)', 19, ''),
(147, 'Entomology (medical)', 12, ''),
(148, 'envenoming', 3, ''),
(149, 'IRD-CSS2 (Sci. Comm. Biol. Medic. Sci.)', 6, ''),
(150, 'SDG 14 (Sust. Devel. Goal - Oceans)', 14, ''),
(151, 'SDG 02 (Sust. Devel. Goal - Alimentation)', 14, ''),
(152, 'echo-integration', 5, 'Acoustic remote sensing'),
(153, 'Atlantic ocean', 8, ''),
(154, 'demersal fish species', 4, ''),
(155, 'forage tracking', 5, ''),
(156, 'geostatistics', 12, ''),
(157, 'mackerel (Scrombidae)', 7, ''),
(158, 'Mediterranean sea', 8, ''),
(159, 'plankton', 4, ''),
(160, 'Ecology (quantitative)', 12, ''),
(161, 'statistics (spatial)', 12, ''),
(162, 'environment', 9, ''),
(163, 'impact assesment (environment)', 5, ''),
(164, 'Guadeloupe', 8, ''),
(165, 'image processing', 5, ''),
(166, 'Maghreb', 8, ''),
(167, 'parallel and distributed computing', 5, ''),
(168, 'river', 4, ''),
(169, 'simulation', 5, ''),
(170, 'UMR HSM (HydroSciences Montpellier)', 6, ''),
(171, 'SDG 13 (Sust. Devel. Goal - Climate)', 14, ''),
(172, 'fisheries acoustics', 12, ''),
(173, 'behaviour (fish)', 3, ''),
(174, 'Ecology (fisheries)', 12, ''),
(175, 'artisanal fishery', 4, ''),
(176, 'UMR LEMAR (Mar. Environ. Sci. Lab.)', 6, ''),
(177, 'Agronomy', 12, ''),
(178, 'hydrological basin', 4, ''),
(179, 'watershed (fr: bassin versant)', 4, ''),
(180, 'adaptive management', 5, ''),
(181, 'agro-system', 4, ''),
(182, 'modelling (companion)', 5, ''),
(183, 'UMR G-Eau  (Water Management, Actors, Territories)', 6, ''),
(184, 'multibeam sonar detection', 5, ''),
(185, 'model (agent-based)', 18, ''),
(187, 'Ecology (terrestrial)', 12, ''),
(188, 'biological invasion', 3, ''),
(189, 'landscape', 4, ''),
(190, 'multi-scale (temporal and functional)', 5, ''),
(191, 'Myomorpha (mice, rats,etc.)', 7, ''),
(192, 'Systems science', 12, ''),
(193, 'Guinea rep.', 8, ''),
(194, 'UMR CBGP (Biol. Manag. Pop.)', 6, ''),
(196, 'risk assessment', 5, ''),
(197, 'arid or semi-arid zone', 4, ''),
(198, 'observatory', 16, ''),
(199, 'SDG 10 (Sust. Devel. Goal - World equity)', 14, ''),
(201, 'desertification', 3, ''),
(203, 'UMR Espace-dev (space for devel.)', 6, ''),
(204, 'agro-ecology', 12, ''),
(205, 'agro-forestry', 12, ''),
(206, 'circum-sahara', 8, ''),
(207, 'erosion', 3, ''),
(208, 'farming practice', 9, ''),
(209, 'gender', 4, ''),
(210, 'landcover', 4, ''),
(211, 'land degradation', 3, ''),
(212, 'land use', 3, ''),
(213, 'rural zone', 9, ''),
(214, 'southern mediterranean', 8, ''),
(215, 'territory', 9, ''),
(216, 'tourism development', 3, ''),
(217, 'monitoring (socio-environmental)', 5, ''),
(218, 'Geography (Social)', 12, ''),
(219, 'modelling (conceptual)', 5, ''),
(222, 'modelling (interdisciplinary)', 5, ''),
(223, 'irrigation', 3, ''),
(224, 'Governance', 12, ''),
(225, 'groundwater', 4, ''),
(226, 'water policy', 5, ''),
(228, 'popularization (fr: vulgarisation)', 5, ''),
(229, 'Nordeste (Brazil)', 8, ''),
(230, 'Thailand', 8, ''),
(231, 'delta', 4, ''),
(233, 'comparative approach', 5, ''),
(235, 'Middle East', 8, 'FR: Moyen Orient'),
(237, 'Nile river', 8, ''),
(238, 'Mekong river', 8, ''),
(239, 'Niger river', 4, ''),
(240, 'Tunisia', 8, ''),
(241, 'hydrological monitoring system', 16, ''),
(242, 'resource use', 3, ''),
(243, 'wetland', 4, ''),
(244, 'dam (agricultural reservoir)', 4, 'retenue collinaire'),
(245, 'Senegal river', 4, ''),
(246, 'GIS (Geogr. Inform. Sys.)', 16, ''),
(247, 'data processing', 5, ''),
(248, 'UMR MIVEGEC (infectious diseases and vectors)', 6, ''),
(249, 'model (mathematical)', 18, ''),
(250, 'dynamical system', 4, ''),
(251, 'modelling (mathematical)', 5, ''),
(252, 'differential equation', 16, ''),
(253, 'HIV infection', 19, ''),
(254, 'infectious disease', 3, ''),
(255, 'Epidemiology (evolutive)', 12, ''),
(256, 'resistance transmission (epidemiology)', 3, ''),
(257, 'antibiotic resistance', 3, ''),
(258, 'control and prevention strategy', 5, ''),
(259, 'modelling (validation)', 5, ''),
(260, 'model (nested)', 18, ''),
(261, 'hepatitis B', 19, ''),
(262, 'Microbiology', 12, ''),
(263, 'microbiome', 4, ''),
(264, 'plant-pathogen coevolution', 3, ''),
(265, 'Rice yellow mottle virus (RYMV)', 4, ''),
(266, 'UMR IPME   (Plant-Microorg.-Env. Interact.)', 6, ''),
(268, 'Virology', 12, ''),
(269, 'database engineering', 12, ''),
(270, 'bioinformatics', 12, ''),
(271, 'population genetics', 12, ''),
(272, 'resistance gene', 4, ''),
(273, 'DNA sequencing', 5, ''),
(274, 'metagenomics', 12, ''),
(275, 'Ecology (niche)', 12, ''),
(276, 'multi-spectral image', 16, ''),
(277, 'UMR MIO (Mediter. Inst. Oceanogr.)', 6, ''),
(278, 'algorithmics', 12, ''),
(279, 'research cruise', 5, ''),
(280, 'spectro-fluorescence', 11, ''),
(281, 'cyanobacteria', 7, ''),
(282, 'plankton (phyto)', 4, ''),
(283, 'Colored dissolved organic matter (CDOM)', 4, ''),
(284, 'data (optical)', 16, ''),
(285, 'spectrofluorimetry', 5, ''),
(286, 'ocean water colour', 16, ''),
(287, 'island country', 8, ''),
(288, 'planktonic bloom (FR: efflorescence)', 3, ''),
(289, 'chlorophyll', 4, ''),
(290, 'New Caledonia', 8, ''),
(291, 'Fiji islands', 8, ''),
(292, 'South Western Tropical Pacific Ocean', 8, ''),
(293, 'Trichodesmium (cyanobacteria)', 7, ''),
(294, 'carbon cycle', 3, ''),
(295, 'Oceanography (biological)', 12, ''),
(296, 'coral reef', 4, ''),
(297, 'lagoon', 4, ''),
(298, 'diazotrophy (nitrogen fixation)', 3, ''),
(299, 'organic matter', 4, ''),
(300, 'turbidity', 3, ''),
(301, 'atmosphere', 4, ''),
(302, 'socio-hydrology', 12, ''),
(303, 'anthropogenic impact', 3, ''),
(305, 'altiplano (Bolivia)', 8, ''),
(307, 'satellite product', 16, ''),
(308, 'model DEM (Digital Elevation Model)', 18, ''),
(309, 'modelling (hydrological)', 5, ''),
(310, 'multi-sensor approach', 5, ''),
(311, 'anthropocene (epoch)', 9, ''),
(313, 'andean plateau', 8, ''),
(314, 'Pakistan', 8, ''),
(315, 'SDG 01 (Sust. Devel. Goal - Poverty)', 14, ''),
(319, 'SDG 16 (Sust. Devel. Goal - Society)', 14, ''),
(320, 'UMI Résiliences', 6, 'Socio-environmental dynamics of fragility, adaptation and recovery faced to global change'),
(321, 'global change impact', 3, ''),
(322, 'renewable resource', 4, ''),
(323, 'marine protected area (MPA)', 16, ''),
(324, 'vulnerability', 3, ''),
(327, 'fishing households', 4, ''),
(328, 'South-East Asia', 8, ''),
(329, 'Inner Niger Delta', 8, ''),
(330, 'survey (design)', 5, ''),
(331, 'data collection', 5, ''),
(332, 'fishermen community', 4, ''),
(333, 'monitoring (statistical)', 5, ''),
(334, 'biometrics', 12, ''),
(335, 'statistics', 12, ''),
(337, 'multivariate data analysis (MVA)', 11, ''),
(339, 'Biology (marine)', 12, ''),
(340, 'ecosystem (aquatic)', 4, ''),
(341, 'training (fr: formation)', 5, ''),
(342, 'R (programming language)', 15, ''),
(344, 'probability distribution', 16, ''),
(346, 'IT system management', 5, 'gestion de système informatif'),
(347, 'estuary', 4, ''),
(348, 'Ecology (trophic)', 12, ''),
(349, 'model (two-phase flow)', 18, ''),
(350, 'UMR LMV (Lab. Magmas & Volcanoes)', 6, ''),
(351, 'pyroclastic flow', 3, ''),
(352, 'granular flow (volcanism)', 3, ''),
(353, 'model (physical scale)', 18, ''),
(354, 'experimental device', 10, ''),
(355, 'kinematics', 12, ''),
(356, 'density current (pyroclastic)', 3, ''),
(357, 'history (eruptive)', 9, ''),
(358, 'volcanic hazard', 9, ''),
(359, 'modelling (identification)', 5, ''),
(360, 'modelling (predictive)', 5, ''),
(361, 'empirical law inference', 5, ''),
(362, 'Volcanology', 12, ''),
(364, 'Chile', 8, ''),
(365, 'Andes', 8, ''),
(366, 'Ecuador', 8, ''),
(367, 'explosive eruption', 3, ''),
(368, 'Physics', 12, ''),
(369, 'avalanche (volcanism)', 3, ''),
(370, 'dimensional analysis', 5, ''),
(371, 'volcanism (eruptive)', 3, ''),
(372, 'caldera formation', 3, ''),
(373, 'SDG 08 (Sust. Devel. Goal - Economic growth)', 14, ''),
(374, 'SDG 11 (Sust. Devel. Goal - Cities)', 14, ''),
(375, 'Peru', 8, ''),
(376, 'pore fluid pressure', 3, ''),
(377, 'fluidization', 3, ''),
(378, 'tsunami', 3, ''),
(379, 'Benguela ecosystem', 8, ''),
(380, 'model (individual-based)', 18, ''),
(381, 'model DEB (Dynamic Energy Budget)', 18, ''),
(382, 'deterministic approach', 5, ''),
(383, 'connectivity', 3, ''),
(384, 'dispersal (larval)', 3, ''),
(385, 'open source', 5, ''),
(386, 'software engineering', 5, ''),
(387, 'Ichthyop (software)', 15, ''),
(388, 'plankton (ichtyo)', 4, ''),
(389, 'model (bio-physical)', 18, ''),
(390, 'ZonAgri (software)', 15, ''),
(392, 'UMI UMMISCO (Math. Comput. Model. Complex Syst.)', 6, ''),
(393, 'epidemic spread', 3, ''),
(394, 'forest dynamics', 3, ''),
(395, 'cellular automaton', 18, ''),
(396, 'Humboldt ecosystem', 8, ''),
(397, 'Amazon forest', 8, ''),
(398, 'UMR AMAP (Botany Model. Plant Architect. Veget.)', 6, ''),
(399, 'coastal processes', 3, ''),
(400, 'conservation biology', 12, ''),
(401, 'Ecology (forest)', 12, ''),
(402, 'French Guiana', 8, ''),
(403, 'India', 8, ''),
(404, 'Indonesia', 8, ''),
(405, 'Lidar (Laser aerial Imaging)', 5, ''),
(406, 'mangrove', 4, ''),
(407, 'modelling (multi-scale)', 5, ''),
(408, 'radar', 10, ''),
(409, 'Oceanography', 12, '(i.e., spatial ?)'),
(410, 'remote sensing VHSR (Very High Spatial Resolution)', 5, ''),
(411, 'modelling (physics)', 5, ''),
(412, 'Molecular Biology', 12, ''),
(413, 'genetics', 12, ''),
(414, 'evolution', 3, ''),
(415, 'Biology (computational)', 12, ''),
(416, 'genome sequencing', 5, ''),
(417, 'retrotransposon', 4, ''),
(418, 'pan-genomics', 12, ''),
(419, 'speciation', 3, ''),
(420, 'domestication', 3, ''),
(421, 'rice', 4, ''),
(422, 'plant variety improvement', 5, ''),
(424, 'African rice', 4, ''),
(425, 'Vietnam', 8, ''),
(426, 'database management system (DBMS)', 16, ''),
(427, 'Information Technology (IT)', 12, ''),
(431, 'data sharing', 5, ''),
(432, 'data dissemination', 5, ''),
(434, 'metadata', 11, ''),
(435, 'data quality assessment', 5, ''),
(436, 'interoperability', 11, ''),
(437, 'Web portal devel.', 5, ''),
(438, 'monsoon (west african)', 3, ''),
(444, 'AMMA-CATCH hydrol. meteorol. observatory', 6, ''),
(445, 'SDG 12 (Sust. Devel. Goal - Consumption and production)', 14, ''),
(446, 'Lima-Callao (Peru)', 8, ''),
(447, 'Addis-Abeba (Ethiopia)', 8, ''),
(448, 'cartography and mapping', 12, ''),
(449, 'atlas edition', 5, ''),
(450, 'Sci. administration and management', 12, ''),
(451, 'UMR PRODIG (Res. Cent. for Geog. Inf. Organ. Dissemin.)', 6, ''),
(452, 'data management', 5, ''),
(453, 'SDG 04 (Sust. Devel. Goal - Education)', 14, ''),
(454, 'stakeholder', 4, ''),
(455, 'artificial neural network', 18, ''),
(456, 'behaviour (fishermen)', 3, ''),
(457, 'biodiversity (conservation)', 5, ''),
(458, 'Brownie tag return model', 18, ''),
(459, 'capacity building', 5, ''),
(460, 'tag-recapture experiment', 11, ''),
(461, 'fishing strategy analysis', 5, ''),
(462, 'model GLM (General Linearized Model)', 18, ''),
(463, 'growth equation', 16, ''),
(464, 'model (spatially explicit)', 18, ''),
(465, 'natural resource management', 5, ''),
(466, 'expertise (scientific)', 12, ''),
(467, 'selectivity (fishing gear)', 9, ''),
(468, 'sport fishery', 4, ''),
(469, 'sustainability (fisheries)', 9, ''),
(470, 'Venezuela', 8, ''),
(471, 'purse seine fishery', 4, ''),
(472, 'data citation', 11, ''),
(473, 'data discovery', 5, ''),
(474, 'data infrastructure', 16, ''),
(475, 'data interoperability', 11, ''),
(476, 'land surfaces', 4, ''),
(478, 'OZCAR critical zone Res. Infrast.', 6, ''),
(479, 'Theia (data services infrastr. land surfaces)', 6, ''),
(480, 'FAIR (Find, Access, Interoperate, Reuse) data', 5, 'Findability, Accessibility, Interoperability, and Reusability'),
(481, 'development (software architecture)', 5, ''),
(482, 'computer science', 12, ''),
(483, 'data conservation', 5, ''),
(484, 'digital transition', 9, ''),
(485, 'IT systems (decentralized)', 11, ''),
(486, 'IT systems architecture', 16, ''),
(487, 'Mexico', 8, ''),
(488, 'modelling (metadata)', 5, ''),
(489, 'on-demand service', 11, ''),
(490, 'open science', 9, ''),
(491, 'semantic web', 9, ''),
(492, 'technology transfer', 5, ''),
(494, 'geohistory', 12, ''),
(495, 'Climatology (hydro)', 12, ''),
(496, 'geomorphometry (hydro)', 12, ''),
(497, 'Meteorology (hydro)', 12, ''),
(499, 'environment (island)', 4, ''),
(500, 'UMR LTHE (hydrol. environ. transfers)', 6, ''),
(501, 'Madagascar', 8, ''),
(502, 'indicator (environmental)', 16, ''),
(503, 'Geoscience', 12, ''),
(504, 'data (Hydrology)', 16, ''),
(506, 'simulation (water flow)', 5, ''),
(508, 'biodiversity (island)', 9, ''),
(509, 'impact assessment (water)', 5, ''),
(510, 'archipelago', 4, ''),
(511, 'World', 8, ''),
(512, 'fragmentation', 3, ''),
(513, 'Geography (island)', 12, ''),
(514, 'KwaZulu-Natal (South Africa)', 8, ''),
(515, 'Nissology (island science)', 12, ''),
(516, 'Mauritania Islamic Rep.', 8, ''),
(517, 'Ecology (lagoon)', 12, ''),
(518, 'plankton (zoo)', 4, ''),
(520, 'Octopus_vulgaris', 7, ''),
(521, 'ecosystem (lagoon or reef)', 4, ''),
(522, 'Etang de Thau lagoon (France)', 8, ''),
(523, 'Virtual Population Analysis (VPA)', 5, ''),
(524, 'shrimp', 7, ''),
(525, 'machine - deep learning', 5, ''),
(526, 'ontology', 16, ''),
(527, 'text mining', 11, ''),
(528, 'GBIF (Global Biodiv. Inform. Facility)', 6, ''),
(529, 'sonar', 10, ''),
(530, 'knowledge representation', 5, ''),
(531, 'information processing', 5, ''),
(532, 'data (acoustics)', 16, ''),
(533, 'environment (marine)', 9, ''),
(535, 'nekton (marine org.)', 4, ''),
(536, 'micronekton (marine org.)', 4, ''),
(537, 'upwelling', 3, ''),
(538, 'Mozambique channel', 8, ''),
(539, 'acoustics (active)', 12, ''),
(541, 'biocoenosis', 9, ''),
(542, 'diel migration (mar. biol.)', 3, ''),
(543, 'lake', 4, ''),
(544, 'scattering', 3, ''),
(545, 'Potamology (river streams science)', 12, ''),
(546, 'Congo watershed', 8, ''),
(547, 'Orinoco watershed', 8, ''),
(548, 'Amazon river', 8, ''),
(549, 'UMR GET (Geosci. Environ. Toulouse)', 6, ''),
(550, 'matter transportation (Hydrology)', 3, ''),
(551, 'behaviour (hydrochemical)', 3, ''),
(552, 'dam (Hydrology)', 4, ''),
(554, 'sedimentation (Hydrology)', 3, ''),
(555, 'water quality', 9, ''),
(556, 'Chemistry (Geo)', 12, ''),
(557, 'South America', 8, ''),
(558, 'Central Africa', 8, ''),
(559, 'Sargassum (seaweed)', 7, ''),
(561, 'Caribe island', 8, ''),
(562, 'Colombia', 8, ''),
(563, 'Casiquiare watershed (Venezuela)', 8, ''),
(564, 'Magdalena watershed (Colombia)', 8, ''),
(565, 'geodynamics', 12, ''),
(566, 'Chemistry (Hydro-Bio-Geo)', 12, ''),
(567, 'monitoring (long-term)', 5, ''),
(568, 'inter-tropical (region)', 8, ''),
(569, 'Atlantic ocean (intertropical)', 8, ''),
(571, 'operational research', 5, ''),
(573, 'Mathematics', 12, ''),
(574, 'precipitation - rainfall', 3, ''),
(575, 'downscaling - disaggregation (statistics)', 5, ''),
(576, 'extreme value theory', 5, ''),
(577, 'nonparametric statistics', 5, ''),
(578, 'climatic forcing', 3, ''),
(579, 'pattern learning (statistics)', 5, ''),
(580, 'modelling (calibration)', 5, ''),
(581, 'stochastic weather generator', 16, ''),
(582, 'extreme event', 3, ''),
(583, 'natural hazard', 9, ''),
(585, 'SFDS (French Soc. Statistics)', 6, ''),
(586, 'classification - typology', 5, ''),
(587, 'seamount', 4, ''),
(588, 'social representation', 9, ''),
(589, 'community (recifal)', 4, ''),
(590, 'South Pacific Islands', 8, ''),
(591, 'heritage (fr: patrimoine)', 9, ''),
(592, 'data (qualitative)', 16, ''),
(593, 'data coding', 5, ''),
(594, 'serious game', 11, ''),
(595, 'recreational use', 3, ''),
(596, 'teaching toolbox', 16, ''),
(597, 'atoll', 4, ''),
(599, 'data (Environmental, Socio-Ecological)', 16, ''),
(600, 'data analysis', 5, ''),
(601, 'educational game', 5, ''),
(602, 'fisheries resource', 9, ''),
(603, 'education - pedagogy', 5, ''),
(604, 'French Polynesia', 8, ''),
(605, 'sustainable management', 9, ''),
(606, 'UMR Entropie (Tropic. Mar. Ecol. Pacific Indian Oceans)', 6, ''),
(607, 'artificial intelligence', 5, ''),
(608, 'medical informatics', 12, ''),
(609, 'obesity', 19, ''),
(610, 'DNA microarray', 16, ''),
(611, 'simulation (cities)', 5, ''),
(612, 'population evacuation', 3, ''),
(613, 'precision medicine', 5, ''),
(614, 'decision support tool', 16, ''),
(615, 'dengue fever', 19, ''),
(616, 'influenza', 19, ''),
(617, 'flood (fr: inondation)', 3, ''),
(618, 'symbolic learning', 12, ''),
(619, 'automatic learning', 5, ''),
(620, 'risk (environmental)', 9, ''),
(621, 'vaccination', 5, ''),
(622, 'modelling (complex system)', 5, ''),
(623, 'environmental security', 9, ''),
(624, 'modelling (epidemics)', 5, ''),
(625, 'machine learning (structural)', 11, ''),
(626, 'abstraction', 9, 'in modelling'),
(627, 'nutrigenomics', 12, ''),
(628, 'data communication network', 16, ''),
(629, 'seismological station', 10, ''),
(630, 'earthquake alert', 5, ''),
(631, 'risk (seismic - telluric)', 9, ''),
(632, 'seismic hazard', 9, ''),
(633, 'Geology', 12, ''),
(634, 'geodesy', 12, ''),
(635, 'experimental validation', 5, ''),
(636, 'Seismology', 12, ''),
(638, 'seismological network', 16, ''),
(639, 'UMR Geoazur (Multidisc. Environ. Geosc.)', 6, ''),
(640, 'Vanuatu', 8, ''),
(641, 'nutrition', 3, ''),
(642, 'explainable AI', 5, ''),
(643, 'GAMA platform', 16, ''),
(644, 'IRD-CSS1 (Sci. Comm. Phys. Chem. Sci. Global Environ.)', 6, ''),
(645, 'patent filing (fr: dépot de brevet)', 5, ''),
(646, 'mitigation measure', 5, ''),
(647, 'impact assesment (fisheries)', 5, ''),
(648, 'bycatch and discard (fisheries)', 3, ''),
(650, 'ecosystem (coastal)', 4, ''),
(651, 'pelagic long line fishery', 4, ''),
(653, 'ultrasonic telemetry', 11, ''),
(654, 'bait (fishing)', 4, ''),
(655, 'fishing gear technology', 11, ''),
(656, 'data (fisheries)', 16, ''),
(657, 'Papua New Guinea', 8, ''),
(658, 'Samoa', 8, ''),
(659, 'Solomon islands', 8, ''),
(660, 'Tonga', 8, ''),
(661, 'acoustics (passive)', 11, ''),
(662, 'habitat (marine)', 4, ''),
(663, 'Elasmobranchii (sharks and rays)', 7, ''),
(664, 'Central East Atlantic Ocean', 8, ''),
(665, 'Central South Pacific Ocean', 8, ''),
(666, 'marine megafauna', 4, ''),
(667, 'modelling (inferential)', 5, ''),
(668, 'life history trait', 9, ''),
(669, 'Endangered, Threatened, Protected Species (ETP) ', 9, ''),
(670, 'Mayotte', 8, ''),
(671, 'Odontoceti (toothed whales)', 7, ''),
(672, 'catchability', 9, ''),
(673, 'sclerochronology (fish ageing)', 12, ''),
(674, 'observers program (fisheries)', 5, ''),
(675, 'depredation (fish catch)', 3, ''),
(676, 'Ecological Risk Assessment (ERA)', 5, ''),
(677, 'model GAM (General Additive Model)', 18, ''),
(678, 'data poor context', 5, ''),
(679, 'mathematical morphology', 12, ''),
(680, 'computer graphics', 12, 'FR: infographie'),
(681, 'quality assurance (ISO 9001 standard)', 5, ''),
(682, 'expertise (engineering)', 5, ''),
(683, 'data security', 5, ''),
(684, 'random decision forests', 11, ''),
(685, 'screening (medicine)', 5, ''),
(686, 'e-learning', 5, ''),
(688, 'data warehouse', 16, ''),
(691, 'data (healthcare)', 16, ''),
(693, 'Arecaceae (palms)', 7, ''),
(694, 'non-model species', 9, ''),
(695, 'biodiversity (anthropogenic influence)', 9, ''),
(696, 'climate adaptation', 3, ''),
(697, 'historical genomics', 12, ''),
(698, 'exome capture', 11, ''),
(699, 'scientific diving', 11, ''),
(700, 'web services', 16, ''),
(701, 'Lengguru (Indonesia)', 8, ''),
(702, 'biodiversity (hotspot)', 4, ''),
(703, 'mesophotic - twilight zone (Oceanogr.)', 4, ''),
(704, 'open data', 5, ''),
(705, 'Coral Triangle (marine area)', 8, ''),
(706, 'environmental DNA', 11, ''),
(707, 'participatory mapping', 5, ''),
(709, 'Marquesas islands', 8, ''),
(710, 'Morocco', 8, ''),
(711, 'virtual museum', 5, ''),
(713, 'geopark', 4, ''),
(714, 'Ethnoecology', 12, ''),
(716, 'Semiotics', 12, ''),
(717, 'data (georeferenced)', 16, ''),
(718, 'UMR PALOC (heritage, environment, globalization)', 6, ''),
(719, 'East Timor', 8, ''),
(720, 'sensor observation service', 5, ''),
(721, 'New Guinea (Indonesia)', 8, ''),
(722, 'fishes', 7, ''),
(723, 'data (genetics)', 16, ''),
(724, 'research infrastructure', 10, ''),
(725, 'good clinical practice (GCP)', 5, ''),
(726, 'clinical trial regulation', 5, ''),
(727, 'human subjects protection', 5, ''),
(728, 'public-key cryptography', 11, ''),
(729, 'electronic data capture', 11, ''),
(730, 'data management plan', 16, ''),
(731, 'traceability', 5, ''),
(732, 'model (reaction-diffusion)', 18, ''),
(733, 'randomization (clinical research)', 11, ''),
(734, 'risk (industrial)', 9, ''),
(735, 'road safety', 5, ''),
(736, 'Ouagadougou (Burkina-Faso)', 8, ''),
(737, 'geolocation', 11, ''),
(738, 'impact assessment (health)', 5, ''),
(739, 'crowdsourcing', 5, ''),
(740, 'mobile health', 5, ''),
(741, 'health policy', 5, ''),
(742, 'Geography (health)', 12, ''),
(744, 'road traffic', 3, ''),
(745, 'spatial analysis', 5, ''),
(746, 'Bamako (Mali)', 8, ''),
(747, 'Cotonou (Benin)', 8, ''),
(748, 'radar altimetry', 11, ''),
(749, 'data (coastal altimetry)', 16, ''),
(751, 'seismic fault', 4, ''),
(752, 'high performance computing', 11, ''),
(753, 'UMR LEGOS (Space Geophys. Oceanogr. Studies Lab.)', 6, ''),
(754, 'High Throughput Computing (HTC)', 5, ''),
(755, 'sea level', 4, ''),
(756, 'concurrent computing', 11, ''),
(757, 'DATA SCIENCE', 12, ''),
(758, 'data fusion', 5, ''),
(759, 'data (satellite)', 16, ''),
(761, 'data (multimodal)', 20, ''),
(762, 'cybersecurity', 5, ''),
(763, 'urban computing', 5, ''),
(765, 'technology intelligence (fr: veille technol.)', 5, ''),
(766, 'data glitch detection (fr: détection d''anomalies)', 5, ''),
(768, 'modelling (human-in-the-loop)', 5, ''),
(769, 'truth discovery', 5, ''),
(770, 'knowledge discovery', 5, ''),
(771, 'web of data', 9, ''),
(772, 'data cleaning', 5, ''),
(773, 'pattern recognition', 11, ''),
(774, 'poverty', 9, ''),
(776, 'data integration', 5, ''),
(777, 'fact checking', 5, ''),
(778, 'data (multisource)', 16, ''),
(779, 'data curation', 5, ''),
(780, 'data preprocessing', 5, ''),
(781, 'multi-scale (spatial and temporal)', 5, ''),
(782, 'data clustering', 11, ''),
(783, 'Q-learning', 11, ''),
(784, 'reinforcement learning', 5, ''),
(786, 'web scraping', 11, ''),
(788, 'teaching in computer science', 5, ''),
(789, 'decision making theory', 5, ''),
(790, 'socio-ecosystem', 9, ''),
(792, 'Lebanon', 8, ''),
(793, 'business intelligence (fr: inform. décisionnelle)', 5, ''),
(794, 'snow cover', 4, ''),
(795, 'refugee', 4, ''),
(796, 'photogrammetry', 11, ''),
(797, 'systemic approach', 5, ''),
(798, 'Spatial Data Infrastructure (SDI)', 16, ''),
(799, 'computational intelligence', 5, ''),
(800, 'time series', 16, ''),
(801, 'signal processing', 5, ''),
(802, 'Mediterranean region', 8, ''),
(803, 'ocean circulation', 3, ''),
(804, 'North Atlantic Ocean', 8, ''),
(805, 'Oceanography (physical)', 12, ''),
(806, 'Osmose (model)', 18, ''),
(807, 'program optimization', 11, ''),
(808, 'modelling (ecological)', 5, ''),
(809, 'Lagrangian mechanics', 18, ''),
(810, 'model (bioenergetics)', 18, ''),
(811, 'Python (programming language)', 15, ''),
(812, 'Currentology', 12, ''),
(813, 'biomass (ocean)', 22, ''),
(814, 'discretization', 11, ''),
(815, 'hydrography', 12, ''),
(816, 'interpolation', 11, ''),
(817, 'MATLAB (software)', 16, ''),
(818, 'model (biogeochemical)', 18, ''),
(819, 'model (climate)', 18, ''),
(820, 'model (land vegetation)', 18, ''),
(821, 'model (predator-prey)', 18, ''),
(822, 'Kenya', 8, ''),
(823, 'UAV (Unmanned Aerial Vehicle, drone)', 16, ''),
(824, 'UMR LPED (Lab. Pop. Environ. Devel.)', 6, ''),
(825, 'thermohaline circulation (oceanogr.)', 3, ''),
(826, 'modelling (hydrodynamics)', 5, ''),
(827, 'monitoring (health)', 5, ''),
(828, 'data (demography)', 16, ''),
(829, 'social insects', 7, ''),
(830, 'multi-scale (functional)', 5, ''),
(831, 'modelling (co-)', 5, ''),
(834, 'Complexity Science', 12, ''),
(835, 'simulation (social)', 5, ''),
(836, 'modelling (behaviour)', 5, ''),
(837, 'multi-agent system', 11, ''),
(838, 'Computational Sociology', 12, ''),
(839, 'HDSS (Health and Demographic Surveillance System)', 16, ''),
(840, 'Climatology', 12, ''),
(841, 'climate-society interaction', 3, ''),
(842, 'data (personal)', 16, ''),
(843, 'plant biology', 12, ''),
(844, 'genome diversification', 5, ''),
(845, 'coffee tree (Coffea)', 7, ''),
(847, 'Evolutionary history (plants)', 3, ''),
(848, 'genomics (functional)', 12, ''),
(849, 'genomics (structural)', 12, ''),
(850, 'genomics (evolutive)', 12, ''),
(852, 'Ghana', 8, ''),
(853, 'Rubiaceae (Coffea)', 7, ''),
(854, 'Phytophtora (plant fungus)', 7, ''),
(855, 'model  (flow propagation)', 18, ''),
(856, 'SDG 07 (Sust. Devel. Goal - Energy)', 14, ''),
(857, 'hydrometry', 12, ''),
(858, 'Togo', 8, ''),
(859, 'model (autoregressive)', 16, ''),
(860, 'stream gauge (fr: limnigraphe)', 16, ''),
(861, 'surface runoff (fr: ruissellement)', 3, ''),
(862, 'Lake Chad', 8, ''),
(863, 'data (missing data)', 20, ''),
(864, 'monitoring network', 11, ''),
(865, 'monitoring (hydrology)', 5, ''),
(866, 'strategic planning', 5, ''),
(867, 'SDG 09 (Sust. Devel. Goal - Industry)', 14, ''),
(868, 'IRD-DDUNI (Dept. Innov. Digital Uses)', 6, 'Department for Innovative Digital Uses'),
(869, 'WAN (Wide Area Network)', 16, ''),
(870, 'digital infrastructure', 16, ''),
(871, 'digital divide (fr: fracture numérique)', 3, ''),
(872, 'operational engineering', 12, ''),
(874, 'IT Infrastructure Library (ITIL)', 16, ''),
(875, 'GDPR (fr: RGPD) Gen. Data Protec. Regul.', 16, ''),
(876, 'IT project management', 5, ''),
(878, 'volunteered geographic information', 9, ''),
(879, 'Newfoundland and Labrador (Canada)', 8, ''),
(881, 'geovisualisation', 5, ''),
(882, 'sustainability science', 12, ''),
(884, 'cold-water coral', 4, ''),
(885, 'Ecology (landscape)', 12, ''),
(886, 'spatial data quality', 9, ''),
(887, 'conservation planning', 5, ''),
(888, 'geographic information science', 12, ''),
(889, 'UMR ISTerre (Inst. Earth. Sci.)', 6, ''),
(890, 'model (electro-physiological)', 18, ''),
(891, 'landslide', 3, ''),
(892, 'inverse problem', 9, ''),
(893, 'hurricane', 3, ''),
(894, 'data driven approach', 5, ''),
(895, 'data reanalysis', 5, ''),
(896, 'French Alps', 8, ''),
(897, 'avalanche', 3, ''),
(898, 'computational sustainability', 9, ''),
(899, 'medical image analysis', 5, ''),
(900, 'modelling (stochastic processes)', 12, ''),
(901, 'environmental health', 5, ''),
(902, 'optimization', 5, ''),
(904, 'genetic algorithm', 5, ''),
(905, 'probability theory', 5, ''),
(906, 'leptospirosis', 19, ''),
(907, 'cyclone', 3, ''),
(908, 'model (hybrid)', 18, ''),
(909, 'optimal control (mathematics)', 5, ''),
(910, 'risk (health)', 9, ''),
(911, 'mathematics (applied)', 5, ''),
(913, 'computational topology', 5, ''),
(914, 'Immunology', 12, ''),
(915, 'Immunopathology', 12, ''),
(916, 'multi strain epidemic', 3, ''),
(917, 'non-markovian process', 9, ''),
(918, 'model SIR (Susceptible Infected Recovered)', 18, ''),
(919, 'Influenza-Like Illness (ILI)', 19, ''),
(921, 'viral infection', 3, ''),
(922, 'Systems Biology', 12, ''),
(923, 'Poliomyelitis', 19, ''),
(924, 'graph theory', 12, ''),
(925, 'modelling (molecular)', 5, ''),
(926, 'entity linking (fr: annotation sémantique)', 5, ''),
(927, 'Genome-Wide Association Study (GWAS)', 5, ''),
(928, 'tropical plant', 4, ''),
(929, 'biochemistry', 12, ''),
(930, 'data heterogeneity', 9, ''),
(931, 'Environment-Society relations', 9, ''),
(932, 'vector-borne disease', 3, ''),
(934, 'data workflow devel.', 5, ''),
(935, 'Indo-Pacific', 8, '');

-- --------------------------------------------------------

--
-- Structure de la table `ref_medium`
--

CREATE TABLE IF NOT EXISTS `ref_medium` (
  `idRef_Medium` int(11) NOT NULL auto_increment,
  `mediumName` varchar(60) NOT NULL,
  `optionalDescription` varchar(1000) default NULL,
  `iconFileName` varchar(100) NOT NULL,
  PRIMARY KEY  (`idRef_Medium`),
  KEY `type` (`mediumName`)
) ENGINE=InnoDB  DEFAULT CHARSET=utf8 AUTO_INCREMENT=122 ;

--
-- Contenu de la table `ref_medium`
--

INSERT INTO `ref_medium` (`idRef_Medium`, `mediumName`, `optionalDescription`, `iconFileName`) VALUES
(1, 'Personal home page', '', 'personne.gif'),
(2, 'Research gate access', '', 'researchgate3.png'),
(3, 'Known production set', '', 'horizons.gif'),
(4, 'Indexed publications', '', 'wos.gif'),
(5, 'ORCID access', '', 'orcid.gif'),
(6, 'email contact', '', 'bmail.gif'),
(7, 'Institution', '', 'labo.gif'),
(9, 'article', '', 'doi.png'),
(10, 'HDR report (fr)', '', 'hdr.gif'),
(11, 'book(s)', '', 'books.gif'),
(12, 'web-link AFH', 'French Association for fisheries Sciences', 'logo_afh.jpg'),
(13, 'web-link SFDS', 'French Society  for Statistics', 'sfds_logo.png'),
(14, 'Google scholar citations', '', 'gscholar.png'),
(15, 'web-link CSFD', ' Fr.Sci.Comm.Desertification', 'csfd-logo.gif'),
(16, 'web-link CNES-Copernicus', '', 'cnes-copernicus.gif'),
(17, 'web-link SDG03', '', 'SDG-03.gif'),
(18, 'web-link cliotop', '', 'cliotop.gif'),
(19, 'web-link GICC', '', 'gicc.gif'),
(20, 'web-link Water alternatives', 'journal', 'waterAlternatives_journal.gif'),
(21, 'web-link IWMI', 'International Water Management Institute', 'iwmi.gif'),
(22, 'Academia access', 'academia.edu', 'academia.gif'),
(23, 'web-link water activity hub', '', 'kingsCollege.gif'),
(24, 'linkedIn access', '', 'linkedin.gif'),
(25, 'Scopus access', '', 'scopus.gif'),
(26, 'video', '', 'video.gif'),
(27, 'web-link INGEMMET', '', 'ingemmet.gif'),
(28, 'web-link IFP', 'French Institute of Pondicherry', 'ifp_logo.png'),
(29, 'software_toggle', '', 'softwareToggle.gif'),
(30, 'DBLP access', 'Computer Science Bibliography', 'dblp.gif'),
(31, 'data portal CRYOBS-CLIM DB', '', 'cryobsclimDB.png'),
(32, 'web-link RFMO', 'BMIS web page for Regional Fisheries Management Organizations', 'webLink-RFMO.gif'),
(33, 'web-link AOTTP', 'the Atlantic Ocean Tropical Tuna Tagging Program (AOTTP)', 'webLink-AOTTP.png'),
(34, 'data portal AMMA-CATCH DB', '', 'ammacatch.png'),
(35, 'web-link OZCAR', '', 'ozcar.png'),
(36, 'web-link Theia', '', 'Logo_Theia.png'),
(37, 'web-link GeoSud Equipex', '', 'webLink-GeoSud.png'),
(38, 'web-link GID', '', 'glispa-logo.png'),
(39, 'web-link GBIF', '', 'GBIFrance.gif'),
(40, 'web-link Active Acoustic', '', 'lemar.png'),
(41, 'data portal SO-HYBAM', '', 'so-hybam.gif'),
(42, 'web-link WHYCOS', '', 'whycos.png'),
(44, 'web-link IFRECOR', 'Initiative Française pour les REcifs CORalliens', 'ifrecor.gif'),
(45, 'web-link USTH', '', 'usth.gif'),
(46, 'web-link LIRIMA', '', 'lirima.gif'),
(47, 'web-link Corail', 'The Laboratory of Excellence (LabEx) CORAIL (Coral reefs in the face of global change)', 'labexCorail.gif'),
(48, 'web-link ORSNET', '', 'orsnet.gif'),
(49, 'web-link seisme.nc', '', 'seisme.gif'),
(50, 'web-link Paradep', 'DISPOSITIF ANTI-DÉPRÉDATION POUR LA PÊCHE PALANGRIÈRE PÉLAGIQUE', 'paradep.gif'),
(51, 'data portal OB7', '', 'ob7.gif'),
(52, 'web-link GAMA', '', 'gama.gif'),
(53, 'web-link IOTC', 'Indian Ocean Tuna  Commission', 'iotc.gif'),
(54, 'web-link HEBOOC', '', 'hebooc.gif'),
(55, 'web-link Chiang Mai', '', 'chiangMai.gif'),
(56, 'web-link Napneung', '', 'napneung.gif'),
(57, 'data portal DataSud', '', 'dataverse.gif'),
(58, 'data portal ReefTEMPS', '', 'reeftemps.gif'),
(59, 'web-link Lengguru', '', 'lengguru.gif'),
(61, 'web-link CFC', '', 'cfc.gif'),
(62, 'web-link EuDat', '', 'eudat.gif'),
(63, 'data portal ZatValley', '', 'geopark.gif'),
(64, 'web-link ReeFish', 'News and views from researchers working on reef fishes at the MARBEC lab (http://www.umr-marbec.fr/en/ ) and their close collaborators', 'reefish.gif'),
(65, 'web-link IRD-DATA', '', 'dataIRD.gif'),
(67, 'data portal Police Benin', '', 'policebenin.gif'),
(68, 'web-link CTOH', '', 'ctoh.gif'),
(70, 'data portal Aviso', '', 'aviso.gif'),
(72, 'web-link RDA', 'Research Data Alliance', 'rda.gif'),
(73, 'web-link OGC', '', 'ogc.png'),
(74, 'data portal WASH', '', 'unicef.png'),
(75, 'software PyPAGO', '', 'pypago.svg'),
(76, 'software Osmose', '', 'osmose.gif'),
(77, 'software Ichthyop', '', 'ichthyop.gif'),
(79, 'GitHub', '', 'github.png'),
(80, 'software CI', '', 'ci.gif'),
(81, 'data portal INDEPTH', 'population and health data for LMIC countries', 'indepth.gif'),
(83, 'web-link ICT-Lab', 'Information, Communication and Technology Laboratory  (ICTLab)', 'ictlab.gif'),
(84, 'web-link IFI', 'International Francophone Institute', 'ifi.gif'),
(85, 'web-link Comokit', '', 'gama.gif'),
(86, 'data portal BAOBAB', '', 'baobab.gif'),
(87, 'data portal MISTRALS', '', 'mistrals.gif'),
(88, 'data portal WildCofDB', '', 'wildcofdb.gif'),
(89, 'web-link Bio Inca', '', 'bioinca.gif'),
(90, 'web-link OMVS', '', 'omvs.gif'),
(91, 'software ZonAgri', '', 'software.gif'),
(92, 'software SimulSen', '', 'software.gif'),
(93, 'software PyGrav', '', 'software.gif'),
(94, 'software CondMixt', '', 'github.png'),
(95, 'web-link IRD-Lab', '', 'irdlab.gif'),
(98, 'web-link CINES', '', 'cines.gif'),
(99, 'web-link JRES', 'Journées réseaux\r\nhttps://archives.jres.org/', 'jres.gif'),
(100, 'web-link AMUE', '', 'amue.gif'),
(101, 'web-link RENATER', '', 'renater.gif'),
(103, 'web-link Memorial univ.', '', 'memorial.gif'),
(104, 'web-link CRDIG', '', 'crdig.gif'),
(105, 'web-link Oeil', 'Observatoire de l''Environnement de Nouvelles-Calédonie', 'oeil.gif'),
(106, 'data portal Incendies Nouv. Caléd.', '', 'incendiesNouvCaled.gif'),
(107, 'web-link Ecomore', '', 'ecomore.png'),
(108, 'web-link HIV vaccine', '', 'HIVVaccine.png'),
(109, 'PubMed access', '', 'pubmed.png'),
(110, 'web-link D2KAB', '', 'd2kab.gif'),
(114, 'web-link AgroLD', '', 'agrold.png'),
(115, 'software PyRice', 'a Python package  API developed to access numerous rice supported databases and produce consistent outputs.', 'python.png'),
(116, 'software GIGWA', '•	Gigwa ( Genotype Investigator for Genome Wide Analyses): a web application developed to manage genomic and genotyping data from NGS analysis', 'gigwa.png'),
(117, 'web-link GeoDEV', '', 'geodev.png'),
(118, 'web-link INCT Odisseia', '', 'odisseia.png'),
(119, 'HAL access', '', 'hal.gif'),
(120, 'data portal LagPlon', '', 'lagplon.png'),
(121, 'web-link IR-ILICO', '', 'ir-ilico.png');

-- --------------------------------------------------------

--
-- Structure de la table `ref_metakeyword`
--

CREATE TABLE IF NOT EXISTS `ref_metakeyword` (
  `idRef_MetaKeyword` int(11) NOT NULL auto_increment,
  `metaKeywordName` varchar(50) NOT NULL,
  `optionaldescription` varchar(150) default NULL,
  PRIMARY KEY  (`idRef_MetaKeyword`),
  UNIQUE KEY `composant` (`metaKeywordName`),
  KEY `id` (`idRef_MetaKeyword`)
) ENGINE=InnoDB  DEFAULT CHARSET=utf8 AUTO_INCREMENT=23 ;

--
-- Contenu de la table `ref_metakeyword`
--

INSERT INTO `ref_metakeyword` (`idRef_MetaKeyword`, `metaKeywordName`, `optionaldescription`) VALUES
(3, 'Natural Process', ''),
(4, 'Natural Item', ''),
(5, 'Method or approach', ''),
(6, 'Institution', ''),
(7, 'Taxon', ''),
(8, 'Field Location', ''),
(9, 'Concept', ''),
(10, 'Device', ''),
(11, 'Technique', ''),
(12, 'Science or discipline', ''),
(14, 'SDG (Sust. Dev. Goal) Theme', ''),
(15, 'Software', ''),
(16, 'Tool', ''),
(18, 'Model', ''),
(19, 'illness- disease', ''),
(20, '?', 'unknown'),
(21, 'hypothesis', ''),
(22, 'indicator', '');

-- --------------------------------------------------------

--
-- Structure de la table `ref_misc1`
--

CREATE TABLE IF NOT EXISTS `ref_misc1` (
  `idRef_Misc1` int(11) NOT NULL auto_increment,
  `misc1Name` varchar(255) NOT NULL,
  PRIMARY KEY  (`idRef_Misc1`)
) ENGINE=InnoDB DEFAULT CHARSET=utf8 AUTO_INCREMENT=1 ;

-- --------------------------------------------------------

--
-- Structure de la table `ref_misc2`
--

CREATE TABLE IF NOT EXISTS `ref_misc2` (
  `idRef_Misc2` int(11) NOT NULL auto_increment,
  `misc2Name` varchar(255) NOT NULL,
  `optionalDescription` varchar(255) default NULL,
  PRIMARY KEY  (`idRef_Misc2`)
) ENGINE=InnoDB DEFAULT CHARSET=utf8 AUTO_INCREMENT=1 ;

-- --------------------------------------------------------

--
-- Structure de la table `ref_source`
--

CREATE TABLE IF NOT EXISTS `ref_source` (
  `idRef_Source` int(11) NOT NULL auto_increment,
  `header` varchar(150) NOT NULL,
  `detail` text,
  PRIMARY KEY  (`idRef_Source`)
) ENGINE=InnoDB  DEFAULT CHARSET=utf8 AUTO_INCREMENT=33 ;

--
-- Contenu de la table `ref_source`
--

INSERT INTO `ref_source` (`idRef_Source`, `header`, `detail`) VALUES
(1, 'UMR DIADE', 'plant DIversity Adaptation and DEvelopment'),
(2, 'UMR MARBEC', 'MARine Biodiversity, Exploitation and Conservation'),
(3, 'UMR IGE', 'Institute for Geosciences and Environmental research'),
(4, 'UMR SESSTIM', 'Sciences Economiques et Sociales de la Santé et Traitement des Informations Médicales'),
(5, 'UMR IMBE', 'Institut  Méditerranéen de la  Biodiversité et d’Ecologie  marine et continentale'),
(6, 'UMR CESBIO', 'Center for the Study of the Biosphere from Space'),
(7, 'UMR MERIT', 'Mère et enfant face aux infections tropicales / Mother and child face tropical infections'),
(8, 'UMR HSM', ' HydroSciences Montpellier'),
(9, 'UMR LEMAR', 'Laboratoire des sciences de l''environnement marin (Mar. Environ. Sci. Lab.)'),
(10, 'UMR G-EAU', 'Water Management, Actors, Territories'),
(11, 'UMR CBGP', 'Center for Biology and Management of Populations'),
(12, 'UMR Espace-Dev', 'Space for Developement'),
(13, 'UMR MIVEGEC', 'Infectious Diseases and Vectors: Ecology, Genetics, Evolution and Control'),
(14, 'UMR IPME', 'Plant-Microorganism-Environment Interactions'),
(15, 'UMR MIO', 'Mediterranean Institute of Oceanography'),
(16, 'UMI Résiliences', 'socio-environmental dynamics of fragility, adaptation and recovery faced to global change'),
(17, 'UMR LMV ', 'Laboratoire Magmas et Volcans'),
(19, 'UMIFRE FIP', 'French Institute of Pondicherry (India)'),
(20, 'UMR PRODIG', 'Pôle de Recherche pour l''Organisation et la Diffusion de l''Information Géographique (Res. Cent. for Geog. Inf. Organ. Dissemin.)'),
(21, 'UMI UMMISCO', 'International Laboratory for Computer and Mathematical Modelling of Complex Systems'),
(22, 'UMR GET', 'Geosciences Environment Toulouse'),
(23, 'UMR Entropie', 'Tropical Marine Ecology of the Pacific and Indian Oceans'),
(25, 'UMR Geoazur', 'Multidisciplinary Environmental Geosciences'),
(26, 'IRD-MCST', 'IRD - Scientific and technological culture mission'),
(27, 'UMR AMAP', ' botAny and Modelling of Plant Architecture and vegetation'),
(28, 'UMR PALOC', 'Local heritage, environment and globalization'),
(29, 'UMR LEGOS', 'Laboratory for Space Geophysics and Oceanography Studies'),
(30, 'UMR LPED', 'Laboratory Population Environment Development'),
(31, 'IRD-DDUNI', 'IRD - R&D Department for Innovative Digital Uses / Direction du Développement des Usages Numériques Innovants'),
(32, 'UMR ISTerre', 'Institute of Earth Sciences');

-- --------------------------------------------------------

--
-- Structure de la table `tempo`
--

CREATE TABLE IF NOT EXISTS `tempo` (
  `id` int(11) NOT NULL auto_increment,
  `idInformation` int(11) NOT NULL,
  `ipNumber` varchar(50) default NULL,
  `dateStamp` varchar(20) default NULL,
  PRIMARY KEY  (`id`),
  KEY `idInformation` (`idInformation`)
) ENGINE=InnoDB  DEFAULT CHARSET=utf8 AUTO_INCREMENT=2646 ;

--
-- Contenu de la table `tempo`
--

INSERT INTO `tempo` (`id`, `idInformation`, `ipNumber`, `dateStamp`) VALUES
(1, 31, '127.0.0.1', '5 oct. 2017'),
(2, 12, '147.99.65.12', '6 févr. 2018'),
(3, 8, '147.99.65.5', '9 févr. 2018'),
(4, 5, '2.4.165.155', '10 févr. 2018'),
(5, 7, '194.254.211.129', '12 févr. 2018'),
(6, 3, '82.229.198.103', '2 mars 2018'),
(7, 7, '110.77.148.10', '13 mars 2018'),
(8, 4, '2.4.153.70', '13 mai 2018'),
(9, 8, '92.167.102.148', '14 mai 2018'),
(10, 9, '90.51.40.147', '21 mai 2018'),
(11, 8, '220.156.174.33', '22 mai 2018'),
(12, 25, '117.211.161.54', '22 mai 2018'),
(13, 8, '162.38.237.197', '22 mai 2018'),
(14, 10, '162.38.236.59', '22 mai 2018'),
(15, 35, '193.49.41.254', '22 mai 2018'),
(16, 7, '134.246.159.169', '22 mai 2018'),
(17, 8, '157.99.174.214', '23 mai 2018'),
(18, 47, '147.99.64.14', '25 mai 2018'),
(19, 9, '192.134.152.178', '31 mai 2018'),
(20, 7, '10.97.56.254', '4 juin 2018'),
(21, 1, '93.158.26.144', '4 juin 2018'),
(22, 4, '10.97.58.19', '5 juin 2018'),
(23, 7, '10.97.58.20', '5 juin 2018'),
(24, 4, '10.97.58.12', '5 juin 2018'),
(25, 4, '10.97.56.250', '5 juin 2018'),
(26, 4, '10.97.58.15', '5 juin 2018'),
(27, 1, '10.97.58.23', '5 juin 2018'),
(28, 1, '10.97.58.14', '5 juin 2018'),
(29, 1, '10.97.58.21', '5 juin 2018'),
(30, 8, '10.97.58.11', '5 juin 2018'),
(31, 2, '10.97.56.255', '5 juin 2018'),
(32, 8, '93.158.25.147', '5 juin 2018'),
(33, 6, '93.158.28.58', '6 juin 2018'),
(34, 9, '93.158.28.36', '7 juin 2018'),
(35, 9, '93.158.30.0', '7 juin 2018'),
(36, 9, '93.158.24.193', '8 juin 2018'),
(37, 9, '157.99.110.83', '8 juin 2018'),
(38, 5, '10.97.56.9', '8 juin 2018'),
(39, 31, '0:0:0:0:0:0:0:1', '13 juin 2018'),
(40, 4, '66.249.64.14', '6 juil. 2018'),
(41, 12, '196.207.233.178', '6 juil. 2018'),
(42, 1, '66.249.64.13', '6 juil. 2018'),
(43, 3, '66.249.64.15', '7 juil. 2018'),
(44, 12, '86.227.171.42', '7 juil. 2018'),
(45, 8, '89.252.34.73', '7 juil. 2018'),
(46, 55, '91.203.34.14', '10 juil. 2018'),
(47, 36, '134.246.159.52', '13 juil. 2018'),
(48, 13, '92.129.99.172', '18 juil. 2018'),
(49, 13, '77.141.124.72', '19 juil. 2018'),
(50, 54, '193.48.189.213', '19 juil. 2018'),
(51, 25, '37.9.113.113', '21 juil. 2018'),
(52, 12, '2.4.174.84', '22 juil. 2018'),
(53, 12, '86.193.194.223', '24 juil. 2018'),
(54, 6, '176.79.78.51', '28 juil. 2018'),
(55, 15, '87.250.224.127', '2 août 2018'),
(56, 11, '37.9.113.129', '5 août 2018'),
(57, 14, '87.250.224.214', '6 août 2018'),
(58, 1, '86.193.253.215', '7 août 2018'),
(59, 6, '66.17.55.2', '10 août 2018'),
(60, 13, '92.167.106.26', '15 août 2018'),
(61, 8, '66.249.64.40', '18 août 2018'),
(62, 8, '66.249.64.37', '18 août 2018'),
(63, 13, '66.249.64.38', '18 août 2018'),
(64, 12, '86.253.215.234', '24 août 2018'),
(65, 15, '86.227.172.209', '24 août 2018'),
(66, 4, '134.245.223.220', '30 août 2018'),
(67, 17, '77.204.143.26', '30 août 2018'),
(68, 7, '217.169.210.162', '5 sept. 2018'),
(69, 14, '2.4.167.221', '9 sept. 2018'),
(70, 3, '66.249.83.151', '10 sept. 2018'),
(71, 4, '10.97.27.75', '13 sept. 2018'),
(72, 1, '66.249.79.229', '19 sept. 2018'),
(73, 10, '114.142.153.167', '20 sept. 2018'),
(74, 17, '162.38.237.191', '20 sept. 2018'),
(75, 15, '160.13.207.157', '21 sept. 2018'),
(76, 32, '66.249.64.133', '30 sept. 2018'),
(77, 32, '66.249.64.134', '30 sept. 2018'),
(78, 23, '66.249.64.136', '30 sept. 2018'),
(79, 16, '66.249.79.227', '30 sept. 2018'),
(80, 7, '104.143.209.144', '1 oct. 2018'),
(81, 19, '90.120.116.36', '2 oct. 2018'),
(82, 54, '152.77.120.48', '5 oct. 2018'),
(83, 14, '86.237.112.131', '5 oct. 2018'),
(84, 19, '88.189.61.209', '5 oct. 2018'),
(85, 17, '62.34.202.101', '5 oct. 2018'),
(86, 8, '66.249.73.5', '6 oct. 2018'),
(87, 5, '66.249.73.7', '6 oct. 2018'),
(88, 8, '66.249.73.3', '6 oct. 2018'),
(89, 14, '88.167.2.95', '6 oct. 2018'),
(91, 38, '66.249.69.165', '8 oct. 2018'),
(92, 41, '66.249.69.166', '8 oct. 2018'),
(93, 11, '66.249.69.168', '8 oct. 2018'),
(94, 14, '2.4.152.18', '8 oct. 2018'),
(95, 13, '80.12.63.50', '9 oct. 2018'),
(96, 4, '66.249.75.40', '10 oct. 2018'),
(97, 16, '41.82.77.160', '10 oct. 2018'),
(98, 17, '66.249.75.3', '12 oct. 2018'),
(99, 10, '112.213.119.180', '15 oct. 2018'),
(100, 17, '197.91.129.137', '15 oct. 2018'),
(101, 19, '90.28.206.197', '16 oct. 2018'),
(102, 4, '77.136.199.16', '16 oct. 2018'),
(103, 19, '90.28.24.70', '16 oct. 2018'),
(104, 9, '86.227.170.85', '17 oct. 2018'),
(105, 47, '193.48.189.205', '22 oct. 2018'),
(106, 12, '41.82.1.70', '25 oct. 2018'),
(107, 1, '41.82.1.111', '28 oct. 2018'),
(108, 12, '41.82.2.199', '28 oct. 2018'),
(109, 20, '66.249.79.70', '29 oct. 2018'),
(110, 1, '103.213.195.239', '29 oct. 2018'),
(111, 8, '66.249.66.130', '30 oct. 2018'),
(112, 23, '66.249.69.72', '31 oct. 2018'),
(113, 5, '41.82.0.64', '31 oct. 2018'),
(114, 4, '78.238.147.7', '31 oct. 2018'),
(115, 3, '95.108.213.43', '2 nov. 2018'),
(116, 4, '78.250.95.9', '5 nov. 2018'),
(117, 60, '193.50.7.126', '6 nov. 2018'),
(118, 16, '217.146.176.205', '6 nov. 2018'),
(119, 8, '176.191.17.3', '7 nov. 2018'),
(120, 37, '202.3.238.170', '13 nov. 2018'),
(121, 8, '41.82.3.73', '13 nov. 2018'),
(122, 10, '220.231.33.138', '15 nov. 2018'),
(123, 10, '217.63.61.180', '15 nov. 2018'),
(124, 17, '41.82.2.218', '16 nov. 2018'),
(125, 20, '41.82.3.91', '17 nov. 2018'),
(126, 18, '41.82.2.68', '17 nov. 2018'),
(127, 9, '41.82.2.194', '18 nov. 2018'),
(128, 18, '41.82.2.106', '18 nov. 2018'),
(129, 1, '41.82.2.236', '20 nov. 2018'),
(130, 7, '41.82.2.135', '20 nov. 2018'),
(131, 21, '41.82.2.74', '20 nov. 2018'),
(132, 21, '93.26.228.251', '21 nov. 2018'),
(134, 17, '85.1.198.8', '24 nov. 2018'),
(135, 6, '41.82.149.144', '28 nov. 2018'),
(136, 16, '90.109.239.239', '30 nov. 2018'),
(137, 16, '41.82.1.207', '1 déc. 2018'),
(138, 7, '192.230.46.150', '3 déc. 2018'),
(139, 16, '66.249.65.90', '3 déc. 2018'),
(140, 20, '66.249.65.86', '3 déc. 2018'),
(141, 28, '193.54.52.136', '3 déc. 2018'),
(142, 8, '41.82.3.245', '3 déc. 2018'),
(143, 22, '41.82.3.31', '4 déc. 2018'),
(144, 16, '150.216.14.112', '5 déc. 2018'),
(145, 23, '134.246.102.173', '6 déc. 2018'),
(146, 8, '41.82.2.183', '6 déc. 2018'),
(147, 41, '66.249.79.36', '8 déc. 2018'),
(148, 10, '112.213.119.12', '11 déc. 2018'),
(149, 29, '66.249.66.134', '12 déc. 2018'),
(150, 53, '66.249.66.132', '12 déc. 2018'),
(151, 17, '154.72.162.161', '13 déc. 2018'),
(152, 18, '109.190.253.13', '14 déc. 2018'),
(153, 10, '209.60.207.226', '17 déc. 2018'),
(154, 13, '92.167.103.19', '19 déc. 2018'),
(155, 5, '3.82.200.221', '20 déc. 2018'),
(156, 23, '86.193.195.24', '25 déc. 2018'),
(157, 21, '190.119.236.58', '4 janv. 2019'),
(158, 10, '219.142.134.30', '7 janv. 2019'),
(159, 23, '219.89.125.147', '8 janv. 2019'),
(160, 28, '41.86.56.16', '9 janv. 2019'),
(161, 48, '134.246.84.46', '9 janv. 2019'),
(162, 10, '92.184.112.193', '9 janv. 2019'),
(163, 29, '81.14.113.180', '11 janv. 2019'),
(164, 14, '180.76.15.151', '13 janv. 2019'),
(165, 42, '193.51.249.161', '14 janv. 2019'),
(166, 12, '162.38.198.34', '14 janv. 2019'),
(167, 1, '27.67.191.206', '16 janv. 2019'),
(168, 20, '66.249.75.132', '23 janv. 2019'),
(169, 23, '66.249.75.134', '23 janv. 2019'),
(170, 24, '62.210.99.138', '28 janv. 2019'),
(171, 30, '66.249.79.42', '29 janv. 2019'),
(172, 51, '66.249.79.45', '29 janv. 2019'),
(173, 17, '194.254.93.252', '30 janv. 2019'),
(174, 1, '2.4.169.36', '5 févr. 2019'),
(175, 19, '66.249.75.5', '6 févr. 2019'),
(176, 15, '66.249.75.7', '6 févr. 2019'),
(177, 6, '66.249.69.70', '7 févr. 2019'),
(178, 23, '66.249.69.69', '7 févr. 2019'),
(179, 13, '66.249.75.130', '8 févr. 2019'),
(180, 7, '2.4.158.188', '10 févr. 2019'),
(181, 25, '103.213.195.225', '11 févr. 2019'),
(182, 4, '134.157.9.52', '11 févr. 2019'),
(183, 21, '10.111.30.61', '12 févr. 2019'),
(184, 2, '66.249.66.79', '13 févr. 2019'),
(185, 20, '213.174.99.134', '14 févr. 2019'),
(186, 4, '66.249.64.140', '15 févr. 2019'),
(187, 5, '92.129.100.198', '15 févr. 2019'),
(188, 31, '46.229.168.145', '17 févr. 2019'),
(189, 1, '92.167.100.116', '17 févr. 2019'),
(190, 3, '66.249.69.104', '18 févr. 2019'),
(191, 55, '207.46.13.79', '19 févr. 2019'),
(192, 23, '40.77.167.18', '19 févr. 2019'),
(193, 44, '157.55.39.3', '19 févr. 2019'),
(194, 24, '40.77.167.83', '19 févr. 2019'),
(195, 5, '40.77.167.109', '19 févr. 2019'),
(196, 23, '157.55.39.151', '19 févr. 2019'),
(197, 42, '157.55.39.116', '19 févr. 2019'),
(198, 16, '157.55.39.115', '19 févr. 2019'),
(199, 8, '40.77.167.195', '19 févr. 2019'),
(200, 1, '207.46.13.189', '19 févr. 2019'),
(201, 19, '157.55.39.4', '19 févr. 2019'),
(202, 4, '157.55.39.222', '19 févr. 2019'),
(203, 15, '207.46.13.85', '19 févr. 2019'),
(204, 4, '40.77.167.155', '19 févr. 2019'),
(205, 3, '157.55.39.199', '19 févr. 2019'),
(206, 22, '207.46.13.39', '19 févr. 2019'),
(207, 19, '40.77.167.148', '19 févr. 2019'),
(208, 52, '157.55.39.104', '19 févr. 2019'),
(209, 5, '207.46.13.241', '19 févr. 2019'),
(210, 39, '157.55.39.131', '19 févr. 2019'),
(211, 19, '207.46.13.195', '20 févr. 2019'),
(212, 1, '40.77.167.70', '20 févr. 2019'),
(213, 23, '157.55.39.218', '20 févr. 2019'),
(214, 21, '157.55.39.187', '20 févr. 2019'),
(215, 5, '66.249.66.152', '20 févr. 2019'),
(216, 17, '40.77.167.218', '20 févr. 2019'),
(217, 53, '207.46.13.117', '20 févr. 2019'),
(218, 24, '40.77.167.112', '20 févr. 2019'),
(219, 1, '157.55.39.196', '20 févr. 2019'),
(220, 2, '40.77.167.31', '20 févr. 2019'),
(221, 5, '207.46.13.129', '20 févr. 2019'),
(222, 5, '40.77.167.160', '20 févr. 2019'),
(223, 21, '207.46.13.89', '20 févr. 2019'),
(224, 4, '157.55.39.169', '20 févr. 2019'),
(225, 14, '40.77.167.162', '20 févr. 2019'),
(226, 35, '40.77.167.66', '20 févr. 2019'),
(227, 55, '157.55.39.83', '20 févr. 2019'),
(228, 28, '207.46.13.23', '20 févr. 2019'),
(229, 25, '2.4.162.78', '20 févr. 2019'),
(230, 19, '157.55.39.72', '20 févr. 2019'),
(231, 54, '40.77.167.99', '20 févr. 2019'),
(232, 56, '207.46.13.100', '20 févr. 2019'),
(233, 53, '207.46.13.16', '20 févr. 2019'),
(234, 18, '207.46.13.164', '21 févr. 2019'),
(235, 23, '157.55.39.253', '21 févr. 2019'),
(236, 4, '40.77.167.190', '21 févr. 2019'),
(237, 8, '157.55.39.101', '21 févr. 2019'),
(238, 23, '40.77.167.221', '21 févr. 2019'),
(239, 16, '66.249.66.156', '21 févr. 2019'),
(240, 6, '40.77.167.45', '21 févr. 2019'),
(241, 13, '40.77.167.177', '21 févr. 2019'),
(242, 23, '157.55.39.223', '21 févr. 2019'),
(243, 18, '40.77.167.161', '21 févr. 2019'),
(244, 39, '207.46.13.42', '21 févr. 2019'),
(245, 14, '40.77.167.182', '21 févr. 2019'),
(246, 40, '66.249.66.154', '21 févr. 2019'),
(247, 2, '207.46.13.197', '21 févr. 2019'),
(248, 8, '207.46.13.18', '21 févr. 2019'),
(249, 10, '40.77.167.19', '21 févr. 2019'),
(250, 6, '207.46.13.120', '21 févr. 2019'),
(251, 23, '40.77.167.58', '21 févr. 2019'),
(252, 3, '157.55.39.59', '21 févr. 2019'),
(253, 6, '157.55.39.122', '21 févr. 2019'),
(254, 51, '157.55.39.58', '21 févr. 2019'),
(255, 24, '207.46.13.213', '21 févr. 2019'),
(256, 7, '207.46.13.221', '21 févr. 2019'),
(257, 17, '207.46.13.211', '21 févr. 2019'),
(258, 21, '207.46.13.174', '22 févr. 2019'),
(259, 13, '157.55.39.155', '22 févr. 2019'),
(260, 1, '40.77.167.63', '22 févr. 2019'),
(261, 5, '157.55.39.201', '22 févr. 2019'),
(262, 54, '157.55.39.206', '22 févr. 2019'),
(263, 14, '157.55.39.133', '22 févr. 2019'),
(264, 39, '157.55.39.100', '22 févr. 2019'),
(265, 24, '157.55.39.176', '22 févr. 2019'),
(266, 9, '157.55.39.118', '22 févr. 2019'),
(267, 34, '46.229.168.141', '22 févr. 2019'),
(268, 19, '66.249.73.1', '23 févr. 2019'),
(269, 23, '2.4.169.202', '24 févr. 2019'),
(270, 23, '157.55.39.226', '25 févr. 2019'),
(271, 3, '40.77.167.12', '25 févr. 2019'),
(272, 18, '207.46.13.234', '25 févr. 2019'),
(273, 8, '40.77.167.30', '25 févr. 2019'),
(274, 3, '157.55.39.243', '25 févr. 2019'),
(275, 38, '40.77.167.108', '25 févr. 2019'),
(276, 6, '207.46.13.142', '26 févr. 2019'),
(277, 22, '207.46.13.57', '26 févr. 2019'),
(278, 14, '207.46.13.17', '26 févr. 2019'),
(279, 20, '157.55.39.96', '26 févr. 2019'),
(280, 15, '40.77.167.141', '26 févr. 2019'),
(281, 8, '157.55.39.144', '26 févr. 2019'),
(282, 19, '207.46.13.5', '26 févr. 2019'),
(283, 8, '157.55.39.142', '26 févr. 2019'),
(284, 25, '40.77.167.212', '26 févr. 2019'),
(285, 25, '207.46.13.114', '26 févr. 2019'),
(286, 25, '207.46.13.1', '26 févr. 2019'),
(287, 25, '207.46.13.21', '26 févr. 2019'),
(288, 13, '157.55.39.233', '26 févr. 2019'),
(289, 8, '40.77.167.39', '26 févr. 2019'),
(290, 54, '207.46.13.76', '26 févr. 2019'),
(291, 25, '40.77.167.42', '26 févr. 2019'),
(292, 18, '157.55.39.178', '26 févr. 2019'),
(293, 46, '40.77.167.15', '26 févr. 2019'),
(294, 17, '40.77.167.110', '27 févr. 2019'),
(295, 25, '157.55.39.77', '27 févr. 2019'),
(296, 50, '207.46.13.203', '27 févr. 2019'),
(297, 15, '40.77.167.80', '27 févr. 2019'),
(298, 24, '207.46.13.122', '27 févr. 2019'),
(299, 8, '207.46.13.193', '27 févr. 2019'),
(300, 9, '40.77.167.163', '27 févr. 2019'),
(301, 23, '157.55.39.148', '27 févr. 2019'),
(302, 24, '157.55.39.180', '27 févr. 2019'),
(303, 19, '157.55.39.172', '27 févr. 2019'),
(304, 23, '207.46.13.198', '27 févr. 2019'),
(305, 13, '207.46.13.162', '27 févr. 2019'),
(306, 51, '157.55.39.86', '27 févr. 2019'),
(307, 9, '40.77.167.48', '27 févr. 2019'),
(308, 20, '157.55.39.194', '27 févr. 2019'),
(309, 40, '157.55.39.140', '27 févr. 2019'),
(310, 24, '40.77.167.147', '27 févr. 2019'),
(311, 8, '207.46.13.46', '27 févr. 2019'),
(312, 21, '207.46.13.136', '27 févr. 2019'),
(313, 7, '40.77.167.180', '27 févr. 2019'),
(314, 46, '157.55.39.61', '27 févr. 2019'),
(315, 16, '207.46.13.219', '28 févr. 2019'),
(316, 5, '207.46.13.92', '28 févr. 2019'),
(317, 27, '66.249.64.130', '28 févr. 2019'),
(318, 2, '207.46.13.243', '28 févr. 2019'),
(319, 53, '207.46.13.141', '28 févr. 2019'),
(320, 32, '157.55.39.154', '28 févr. 2019'),
(321, 48, '157.55.39.152', '28 févr. 2019'),
(322, 23, '207.46.13.172', '28 févr. 2019'),
(323, 13, '207.46.13.168', '28 févr. 2019'),
(324, 14, '207.46.13.81', '28 févr. 2019'),
(325, 22, '40.77.167.113', '28 févr. 2019'),
(326, 18, '40.77.167.76', '28 févr. 2019'),
(327, 23, '207.46.13.98', '28 févr. 2019'),
(328, 40, '207.46.13.62', '28 févr. 2019'),
(329, 4, '207.46.13.188', '28 févr. 2019'),
(330, 3, '40.77.167.32', '28 févr. 2019'),
(331, 8, '207.46.13.96', '28 févr. 2019'),
(332, 1, '40.77.167.86', '1 mars 2019'),
(333, 41, '207.46.13.153', '1 mars 2019'),
(334, 30, '207.46.13.200', '1 mars 2019'),
(335, 14, '46.229.168.133', '6 mars 2019'),
(336, 21, '66.249.66.197', '6 mars 2019'),
(337, 6, '207.46.13.124', '6 mars 2019'),
(338, 14, '180.76.15.18', '7 mars 2019'),
(339, 48, '46.229.168.132', '8 mars 2019'),
(340, 48, '207.46.13.156', '8 mars 2019'),
(341, 13, '90.51.43.226', '9 mars 2019'),
(342, 35, '46.229.168.149', '9 mars 2019'),
(343, 40, '66.249.75.144', '10 mars 2019'),
(344, 15, '66.249.75.146', '10 mars 2019'),
(345, 18, '157.55.39.248', '10 mars 2019'),
(346, 53, '207.46.13.38', '10 mars 2019'),
(347, 9, '66.249.64.34', '10 mars 2019'),
(348, 37, '46.229.168.152', '12 mars 2019'),
(349, 9, '90.49.251.229', '13 mars 2019'),
(350, 21, '66.249.79.98', '13 mars 2019'),
(351, 37, '157.55.39.67', '13 mars 2019'),
(352, 1, '207.46.13.6', '13 mars 2019'),
(353, 14, '207.46.13.99', '13 mars 2019'),
(354, 8, '207.46.13.101', '13 mars 2019'),
(355, 9, '66.249.79.101', '14 mars 2019'),
(356, 36, '66.249.79.102', '14 mars 2019'),
(357, 48, '46.229.168.134', '14 mars 2019'),
(358, 20, '162.38.22.67', '14 mars 2019'),
(359, 25, '46.229.168.140', '14 mars 2019'),
(360, 5, '144.76.38.10', '15 mars 2019'),
(361, 3, '144.76.56.124', '15 mars 2019'),
(362, 21, '136.243.37.219', '15 mars 2019'),
(363, 13, '132.70.66.10', '15 mars 2019'),
(364, 46, '46.229.168.151', '15 mars 2019'),
(365, 33, '46.229.168.143', '17 mars 2019'),
(366, 27, '46.229.168.142', '17 mars 2019'),
(367, 13, '86.193.195.180', '17 mars 2019'),
(368, 11, '5.9.151.57', '18 mars 2019'),
(369, 18, '46.229.168.138', '18 mars 2019'),
(370, 58, '176.143.155.89', '18 mars 2019'),
(371, 17, '2.4.168.98', '18 mars 2019'),
(372, 42, '46.229.168.153', '19 mars 2019'),
(373, 25, '46.229.168.144', '20 mars 2019'),
(374, 7, '207.46.13.217', '20 mars 2019'),
(375, 4, '157.55.39.224', '20 mars 2019'),
(376, 52, '207.46.13.0', '20 mars 2019'),
(377, 17, '46.229.168.135', '20 mars 2019'),
(378, 21, '148.251.69.139', '21 mars 2019'),
(379, 20, '37.169.4.194', '21 mars 2019'),
(380, 35, '162.38.237.198', '22 mars 2019'),
(381, 14, '90.20.61.158', '22 mars 2019'),
(382, 26, '77.136.201.118', '22 mars 2019'),
(383, 10, '78.193.222.69', '22 mars 2019'),
(384, 25, '102.162.19.128', '23 mars 2019'),
(385, 46, '46.229.168.146', '24 mars 2019'),
(386, 21, '5.9.97.200', '24 mars 2019'),
(387, 49, '81.57.39.18', '24 mars 2019'),
(388, 17, '196.248.54.203', '24 mars 2019'),
(389, 50, '78.194.48.7', '24 mars 2019'),
(390, 53, '193.51.249.163', '24 mars 2019'),
(391, 19, '193.51.249.164', '25 mars 2019'),
(392, 33, '195.220.58.237', '25 mars 2019'),
(393, 17, '129.217.207.116', '25 mars 2019'),
(394, 47, '46.229.168.129', '25 mars 2019'),
(395, 42, '195.220.93.240', '25 mars 2019'),
(396, 38, '46.229.168.148', '26 mars 2019'),
(397, 38, '46.229.168.136', '26 mars 2019'),
(398, 19, '46.229.168.154', '26 mars 2019'),
(399, 18, '195.154.185.43', '27 mars 2019'),
(400, 21, '144.76.2.149', '27 mars 2019'),
(401, 24, '46.229.168.150', '28 mars 2019'),
(402, 9, '46.229.168.139', '28 mars 2019'),
(403, 41, '46.229.168.137', '28 mars 2019'),
(404, 9, '218.149.228.143', '28 mars 2019'),
(405, 30, '162.38.184.22', '29 mars 2019'),
(406, 4, '46.229.168.130', '30 mars 2019'),
(407, 26, '144.76.29.84', '30 mars 2019'),
(408, 18, '46.229.168.131', '31 mars 2019'),
(409, 53, '148.251.244.137', '2 avr. 2019'),
(410, 39, '66.249.75.148', '3 avr. 2019'),
(411, 28, '46.229.168.162', '4 avr. 2019'),
(412, 4, '66.249.79.32', '5 avr. 2019'),
(413, 55, '5.9.158.195', '5 avr. 2019'),
(414, 23, '157.55.39.193', '6 avr. 2019'),
(415, 29, '46.229.168.147', '7 avr. 2019'),
(416, 21, '69.30.221.250', '9 avr. 2019'),
(417, 25, '86.193.110.1', '9 avr. 2019'),
(418, 13, '134.246.102.170', '10 avr. 2019'),
(419, 21, '213.136.92.122', '12 avr. 2019'),
(420, 9, '5.9.108.254', '13 avr. 2019'),
(421, 20, '40.77.167.91', '14 avr. 2019'),
(422, 17, '207.46.13.132', '14 avr. 2019'),
(423, 23, '40.77.167.159', '14 avr. 2019'),
(424, 26, '92.129.211.110', '15 avr. 2019'),
(425, 25, '92.129.229.97', '15 avr. 2019'),
(426, 26, '92.184.104.136', '15 avr. 2019'),
(427, 40, '134.246.102.111', '15 avr. 2019'),
(428, 36, '10.97.25.229', '15 avr. 2019'),
(429, 35, '130.120.205.197', '15 avr. 2019'),
(430, 5, '139.124.157.168', '15 avr. 2019'),
(431, 16, '162.38.236.132', '15 avr. 2019'),
(432, 29, '134.246.84.191', '15 avr. 2019'),
(433, 26, '134.157.15.20', '15 avr. 2019'),
(434, 26, '10.111.29.12', '15 avr. 2019'),
(435, 7, '130.120.118.117', '15 avr. 2019'),
(436, 26, '41.82.2.241', '15 avr. 2019'),
(437, 26, '147.100.67.112', '15 avr. 2019'),
(438, 26, '196.200.54.50', '15 avr. 2019'),
(439, 26, '90.55.213.98', '15 avr. 2019'),
(440, 26, '14.231.228.230', '15 avr. 2019'),
(441, 11, '193.54.246.128', '15 avr. 2019'),
(442, 37, '193.54.123.218', '15 avr. 2019'),
(443, 7, '185.185.177.16', '15 avr. 2019'),
(444, 28, '66.102.8.135', '15 avr. 2019'),
(445, 26, '77.111.247.216', '15 avr. 2019'),
(446, 26, '176.138.118.179', '15 avr. 2019'),
(447, 26, '95.174.65.19', '16 avr. 2019'),
(448, 13, '157.55.39.69', '17 avr. 2019'),
(449, 24, '207.46.13.105', '17 avr. 2019'),
(450, 24, '157.55.39.146', '17 avr. 2019'),
(451, 52, '41.223.48.130', '17 avr. 2019'),
(452, 15, '2.14.64.20', '17 avr. 2019'),
(453, 14, '180.76.15.33', '18 avr. 2019'),
(454, 6, '95.216.1.46', '18 avr. 2019'),
(455, 26, '196.233.251.27', '19 avr. 2019'),
(456, 1, '207.46.13.222', '21 avr. 2019'),
(457, 5, '207.46.13.22', '21 avr. 2019'),
(458, 27, '157.55.39.121', '21 avr. 2019'),
(459, 20, '144.76.120.197', '21 avr. 2019'),
(460, 26, '41.188.46.128', '22 avr. 2019'),
(461, 57, '40.77.167.38', '23 avr. 2019'),
(462, 24, '207.46.13.128', '23 avr. 2019'),
(463, 1, '207.46.13.177', '23 avr. 2019'),
(464, 13, '157.55.39.75', '23 avr. 2019'),
(465, 26, '81.185.172.63', '23 avr. 2019'),
(466, 26, '10.97.58.86', '23 avr. 2019'),
(467, 28, '184.82.28.145', '26 avr. 2019'),
(468, 28, '82.124.161.112', '26 avr. 2019'),
(469, 28, '152.77.120.252', '26 avr. 2019'),
(470, 28, '10.111.31.24', '26 avr. 2019'),
(471, 30, '192.134.152.158', '26 avr. 2019'),
(472, 28, '77.111.247.183', '26 avr. 2019'),
(473, 26, '183.88.217.65', '26 avr. 2019'),
(474, 28, '66.249.92.90', '26 avr. 2019'),
(475, 28, '134.246.176.151', '26 avr. 2019'),
(476, 4, '46.229.168.163', '26 avr. 2019'),
(477, 22, '193.55.103.164', '26 avr. 2019'),
(478, 29, '86.227.171.1', '27 avr. 2019'),
(479, 51, '82.226.154.26', '27 avr. 2019'),
(480, 32, '144.76.236.112', '28 avr. 2019'),
(481, 22, '87.148.89.15', '28 avr. 2019'),
(482, 29, '70.95.156.33', '28 avr. 2019'),
(483, 40, '134.246.84.87', '29 avr. 2019'),
(484, 53, '92.95.140.4', '29 avr. 2019'),
(485, 29, '86.227.172.153', '29 avr. 2019'),
(486, 6, '157.55.39.123', '30 avr. 2019'),
(487, 28, '196.226.73.167', '30 avr. 2019'),
(488, 3, '77.153.238.199', '30 avr. 2019'),
(489, 40, '46.229.168.161', '1 mai 2019'),
(490, 20, '148.251.8.250', '1 mai 2019'),
(491, 20, '207.244.157.10', '4 mai 2019'),
(492, 16, '69.30.213.82', '7 mai 2019'),
(493, 9, '95.108.181.113', '9 mai 2019'),
(494, 21, '102.160.13.194', '9 mai 2019'),
(495, 53, '144.76.176.171', '10 mai 2019'),
(496, 20, '178.154.244.21', '12 mai 2019'),
(497, 21, '176.9.28.16', '12 mai 2019'),
(498, 27, '144.76.99.215', '12 mai 2019'),
(499, 20, '78.46.61.245', '13 mai 2019'),
(500, 21, '95.216.16.51', '13 mai 2019'),
(501, 23, '178.154.200.1', '16 mai 2019'),
(502, 19, '203.147.78.1', '16 mai 2019'),
(503, 21, '88.198.33.145', '16 mai 2019'),
(504, 29, '168.202.0.237', '17 mai 2019'),
(505, 29, '10.9.6.121', '17 mai 2019'),
(506, 29, '176.154.115.177', '17 mai 2019'),
(507, 4, '134.246.84.111', '17 mai 2019'),
(508, 29, '88.190.170.176', '17 mai 2019'),
(509, 29, '10.111.30.137', '17 mai 2019'),
(510, 29, '10.97.27.62', '17 mai 2019'),
(511, 29, '134.246.84.223', '17 mai 2019'),
(512, 29, '1.47.33.217', '17 mai 2019'),
(513, 22, '197.157.101.132', '17 mai 2019'),
(514, 60, '115.126.186.105', '17 mai 2019'),
(515, 29, '92.184.96.11', '18 mai 2019'),
(516, 16, '209.52.24.82', '18 mai 2019'),
(517, 29, '92.184.96.13', '18 mai 2019'),
(518, 29, '84.100.131.140', '19 mai 2019'),
(519, 29, '88.127.18.13', '20 mai 2019'),
(520, 41, '66.249.69.162', '22 mai 2019'),
(521, 15, '54.91.41.87', '22 mai 2019'),
(522, 21, '78.46.90.53', '23 mai 2019'),
(523, 56, '196.1.98.224', '23 mai 2019'),
(524, 20, '144.76.40.222', '26 mai 2019'),
(525, 23, '34.229.76.193', '26 mai 2019'),
(526, 20, '95.216.19.59', '29 mai 2019'),
(527, 16, '66.249.83.220', '30 mai 2019'),
(528, 27, '92.167.102.91', '30 mai 2019'),
(529, 13, '92.129.229.72', '31 mai 2019'),
(530, 17, '81.64.171.180', '31 mai 2019'),
(531, 21, '91.121.109.55', '1 juin 2019'),
(532, 36, '66.249.75.37', '3 juin 2019'),
(533, 42, '66.249.75.38', '3 juin 2019'),
(534, 21, '148.251.49.107', '4 juin 2019'),
(535, 5, '139.124.158.202', '4 juin 2019'),
(536, 28, '66.249.83.217', '4 juin 2019'),
(537, 42, '66.249.75.34', '4 juin 2019'),
(538, 20, '35.232.98.233', '5 juin 2019'),
(539, 24, '176.107.249.116', '5 juin 2019'),
(540, 1, '91.214.222.233', '5 juin 2019'),
(541, 19, '87.244.44.110', '5 juin 2019'),
(542, 21, '139.124.157.172', '5 juin 2019'),
(543, 7, '176.158.222.250', '5 juin 2019'),
(544, 10, '10.97.27.159', '6 juin 2019'),
(545, 21, '213.239.206.90', '7 juin 2019'),
(546, 7, '188.165.242.30', '12 juin 2019'),
(547, 1, '88.173.188.225', '12 juin 2019'),
(548, 28, '92.167.107.214', '13 juin 2019'),
(549, 27, '37.164.127.171', '14 juin 2019'),
(550, 27, '41.212.226.124', '14 juin 2019'),
(551, 28, '162.38.236.140', '14 juin 2019'),
(552, 27, '197.159.2.10', '14 juin 2019'),
(553, 31, '147.94.134.140', '14 juin 2019'),
(554, 27, '193.48.212.139', '14 juin 2019'),
(555, 27, '92.49.108.118', '14 juin 2019'),
(556, 28, '90.116.119.38', '14 juin 2019'),
(557, 23, '176.9.25.107', '14 juin 2019'),
(558, 20, '148.251.70.179', '14 juin 2019'),
(559, 27, '37.170.79.105', '14 juin 2019'),
(560, 53, '144.76.81.229', '16 juin 2019'),
(561, 27, '152.77.132.155', '17 juin 2019'),
(562, 20, '5.9.156.121', '17 juin 2019'),
(563, 33, '162.38.237.117', '17 juin 2019'),
(564, 2, '134.246.84.209', '17 juin 2019'),
(565, 30, '80.214.72.145', '20 juin 2019'),
(566, 30, '14.162.213.131', '20 juin 2019'),
(567, 30, '88.188.44.111', '20 juin 2019'),
(568, 30, '92.184.98.8', '20 juin 2019'),
(569, 12, '154.125.14.239', '20 juin 2019'),
(570, 56, '10.97.25.95', '20 juin 2019'),
(571, 7, '183.83.85.189', '20 juin 2019'),
(572, 27, '90.36.87.25', '20 juin 2019'),
(573, 30, '10.111.30.225', '20 juin 2019'),
(574, 30, '81.14.47.105', '24 juin 2019'),
(575, 27, '66.249.66.90', '24 juin 2019'),
(576, 55, '66.249.66.92', '25 juin 2019'),
(577, 7, '66.249.66.91', '25 juin 2019'),
(578, 30, '54.226.30.186', '26 juin 2019'),
(579, 21, '178.63.13.154', '26 juin 2019'),
(580, 12, '5.189.155.48', '27 juin 2019'),
(581, 31, '92.129.228.200', '28 juin 2019'),
(582, 31, '62.34.202.96', '28 juin 2019'),
(583, 39, '91.167.253.142', '28 juin 2019'),
(584, 31, '130.120.117.157', '28 juin 2019'),
(585, 31, '188.115.114.108', '28 juin 2019'),
(586, 32, '194.167.138.242', '28 juin 2019'),
(587, 31, '23.226.211.42', '28 juin 2019'),
(588, 7, '81.210.116.234', '28 juin 2019'),
(589, 31, '157.86.213.46', '28 juin 2019'),
(590, 31, '193.252.38.215', '28 juin 2019'),
(591, 6, '81.185.163.235', '28 juin 2019'),
(592, 31, '175.158.151.135', '29 juin 2019'),
(593, 21, '95.216.20.84', '29 juin 2019'),
(594, 31, '176.161.49.32', '1 juil. 2019'),
(595, 31, '141.20.60.187', '2 juil. 2019'),
(596, 48, '91.168.145.158', '2 juil. 2019'),
(597, 32, '2.4.155.69', '2 juil. 2019'),
(598, 30, '146.185.38.128', '2 juil. 2019'),
(599, 20, '144.76.4.41', '3 juil. 2019'),
(600, 16, '49.67.187.69', '5 juil. 2019'),
(601, 12, '114.233.165.104', '5 juil. 2019'),
(602, 20, '220.164.232.36', '5 juil. 2019'),
(603, 19, '183.150.61.210', '5 juil. 2019'),
(604, 29, '117.65.48.169', '5 juil. 2019'),
(605, 15, '60.179.251.42', '5 juil. 2019'),
(606, 25, '220.165.154.65', '5 juil. 2019'),
(607, 29, '114.233.240.154', '5 juil. 2019'),
(608, 25, '122.230.153.88', '5 juil. 2019'),
(609, 6, '180.122.21.78', '5 juil. 2019'),
(610, 9, '220.165.154.60', '5 juil. 2019'),
(611, 23, '114.226.63.22', '5 juil. 2019'),
(612, 23, '180.125.145.74', '5 juil. 2019'),
(613, 14, '49.77.208.12', '5 juil. 2019'),
(614, 26, '36.57.87.139', '5 juil. 2019'),
(615, 17, '121.224.117.207', '5 juil. 2019'),
(616, 21, '183.166.138.75', '5 juil. 2019'),
(617, 32, '162.38.198.70', '5 juil. 2019'),
(618, 15, '60.168.241.158', '5 juil. 2019'),
(619, 24, '115.213.100.149', '5 juil. 2019'),
(620, 23, '116.17.209.235', '5 juil. 2019'),
(621, 21, '183.166.133.203', '5 juil. 2019'),
(622, 11, '106.56.38.72', '5 juil. 2019'),
(623, 22, '121.232.18.51', '5 juil. 2019'),
(624, 20, '59.32.46.35', '5 juil. 2019'),
(625, 14, '114.96.169.69', '5 juil. 2019'),
(626, 20, '49.77.210.29', '5 juil. 2019'),
(627, 25, '115.208.87.179', '5 juil. 2019'),
(628, 26, '183.143.47.162', '5 juil. 2019'),
(629, 19, '223.242.233.96', '5 juil. 2019'),
(630, 9, '59.55.51.147', '5 juil. 2019'),
(631, 26, '183.164.227.21', '5 juil. 2019'),
(632, 25, '112.113.161.82', '5 juil. 2019'),
(633, 23, '114.96.169.115', '5 juil. 2019'),
(634, 19, '115.152.142.195', '5 juil. 2019'),
(635, 8, '60.185.78.186', '5 juil. 2019'),
(636, 14, '117.60.131.180', '5 juil. 2019'),
(637, 20, '60.179.239.186', '5 juil. 2019'),
(638, 20, '183.143.48.7', '5 juil. 2019'),
(639, 19, '114.228.144.27', '5 juil. 2019'),
(640, 28, '60.168.11.52', '5 juil. 2019'),
(641, 15, '117.63.6.52', '5 juil. 2019'),
(642, 23, '117.85.86.212', '5 juil. 2019'),
(643, 18, '182.243.148.116', '5 juil. 2019'),
(644, 6, '49.77.211.216', '5 juil. 2019'),
(645, 15, '122.247.80.62', '5 juil. 2019'),
(646, 25, '117.60.129.47', '5 juil. 2019'),
(647, 15, '117.90.0.204', '5 juil. 2019'),
(648, 23, '121.232.199.216', '5 juil. 2019'),
(649, 8, '59.32.23.225', '5 juil. 2019'),
(650, 22, '60.185.72.11', '5 juil. 2019'),
(651, 6, '183.130.30.155', '5 juil. 2019'),
(652, 29, '60.168.240.213', '5 juil. 2019'),
(653, 23, '119.179.107.168', '5 juil. 2019'),
(654, 26, '121.230.226.82', '5 juil. 2019'),
(655, 1, '112.113.157.32', '5 juil. 2019'),
(656, 29, '180.121.74.81', '5 juil. 2019'),
(657, 13, '207.46.13.51', '6 juil. 2019'),
(658, 13, '157.55.39.11', '6 juil. 2019'),
(659, 22, '222.220.153.193', '8 juil. 2019'),
(660, 2, '220.165.154.77', '8 juil. 2019'),
(661, 26, '114.236.235.150', '8 juil. 2019'),
(662, 18, '183.143.44.204', '8 juil. 2019'),
(663, 2, '49.87.129.151', '8 juil. 2019'),
(664, 22, '60.185.67.138', '8 juil. 2019'),
(665, 12, '112.114.89.249', '8 juil. 2019'),
(666, 14, '182.243.148.66', '8 juil. 2019'),
(667, 18, '60.187.169.80', '8 juil. 2019'),
(668, 14, '112.114.89.168', '8 juil. 2019'),
(669, 26, '123.134.224.24', '8 juil. 2019'),
(670, 20, '60.168.245.199', '8 juil. 2019'),
(671, 1, '106.57.150.126', '8 juil. 2019'),
(672, 20, '49.76.22.94', '8 juil. 2019'),
(673, 25, '114.104.139.36', '8 juil. 2019'),
(674, 25, '112.114.88.77', '8 juil. 2019'),
(675, 29, '106.110.103.13', '8 juil. 2019'),
(676, 15, '49.83.63.143', '8 juil. 2019'),
(677, 25, '117.65.33.107', '8 juil. 2019'),
(678, 28, '114.105.187.1', '8 juil. 2019'),
(679, 25, '14.106.106.156', '8 juil. 2019'),
(680, 15, '182.85.161.173', '8 juil. 2019'),
(681, 4, '182.247.181.148', '8 juil. 2019'),
(682, 29, '1.194.81.111', '8 juil. 2019'),
(683, 28, '183.130.49.153', '8 juil. 2019'),
(684, 24, '117.43.174.29', '8 juil. 2019'),
(685, 25, '101.205.43.244', '8 juil. 2019'),
(686, 21, '1.194.82.181', '8 juil. 2019'),
(687, 19, '183.143.60.175', '8 juil. 2019'),
(688, 6, '123.134.229.150', '8 juil. 2019'),
(689, 8, '49.67.187.213', '8 juil. 2019'),
(690, 8, '115.219.132.57', '8 juil. 2019'),
(691, 29, '59.52.251.173', '8 juil. 2019'),
(692, 8, '112.113.157.74', '8 juil. 2019'),
(693, 23, '125.116.252.150', '8 juil. 2019'),
(694, 10, '49.77.208.243', '8 juil. 2019'),
(695, 19, '106.57.151.163', '8 juil. 2019'),
(696, 26, '114.103.136.229', '8 juil. 2019'),
(697, 12, '59.62.103.48', '8 juil. 2019'),
(698, 15, '36.6.149.254', '8 juil. 2019'),
(699, 22, '182.244.165.166', '8 juil. 2019'),
(700, 14, '106.92.102.17', '8 juil. 2019'),
(701, 14, '113.100.9.46', '8 juil. 2019'),
(702, 24, '27.40.127.47', '8 juil. 2019'),
(703, 12, '113.228.115.128', '8 juil. 2019'),
(704, 28, '183.164.226.76', '8 juil. 2019'),
(705, 15, '222.219.25.172', '8 juil. 2019'),
(706, 20, '114.107.227.172', '8 juil. 2019'),
(707, 21, '114.234.71.97', '8 juil. 2019'),
(708, 24, '221.231.30.195', '8 juil. 2019'),
(709, 15, '116.55.78.123', '8 juil. 2019'),
(710, 25, '117.87.208.252', '8 juil. 2019'),
(711, 23, '221.231.47.24', '8 juil. 2019'),
(712, 15, '106.57.6.199', '8 juil. 2019'),
(713, 25, '125.116.249.169', '8 juil. 2019'),
(714, 29, '59.62.103.56', '8 juil. 2019'),
(715, 17, '14.106.106.222', '8 juil. 2019'),
(716, 15, '221.231.47.211', '8 juil. 2019'),
(717, 23, '114.220.148.170', '8 juil. 2019'),
(718, 14, '101.205.47.251', '8 juil. 2019'),
(719, 11, '125.116.249.61', '8 juil. 2019'),
(720, 9, '183.52.141.71', '8 juil. 2019'),
(721, 14, '106.57.150.123', '8 juil. 2019'),
(722, 23, '121.23.212.152', '8 juil. 2019'),
(723, 17, '123.134.178.130', '8 juil. 2019'),
(724, 25, '106.57.22.82', '8 juil. 2019'),
(725, 22, '14.106.107.107', '8 juil. 2019'),
(726, 21, '49.83.60.59', '8 juil. 2019'),
(727, 26, '111.73.242.233', '8 juil. 2019'),
(728, 12, '59.52.250.14', '8 juil. 2019'),
(729, 23, '117.90.5.152', '8 juil. 2019'),
(730, 15, '42.242.162.24', '8 juil. 2019'),
(731, 2, '106.57.22.241', '8 juil. 2019'),
(732, 25, '123.134.250.160', '8 juil. 2019'),
(733, 25, '111.73.240.131', '8 juil. 2019'),
(734, 11, '183.130.35.99', '8 juil. 2019'),
(735, 26, '180.122.41.247', '8 juil. 2019'),
(736, 20, '113.117.120.196', '8 juil. 2019'),
(737, 16, '113.117.121.44', '8 juil. 2019'),
(738, 1, '163.179.219.151', '8 juil. 2019'),
(739, 23, '49.82.251.66', '8 juil. 2019'),
(740, 7, '60.19.236.42', '8 juil. 2019'),
(741, 23, '115.152.146.102', '8 juil. 2019'),
(742, 3, '222.219.11.105', '8 juil. 2019'),
(743, 9, '106.59.58.184', '8 juil. 2019'),
(744, 4, '112.113.68.244', '8 juil. 2019'),
(745, 28, '39.66.15.89', '8 juil. 2019'),
(746, 9, '42.177.137.80', '8 juil. 2019'),
(747, 1, '58.209.224.197', '8 juil. 2019'),
(748, 19, '106.57.6.5', '8 juil. 2019'),
(749, 23, '220.178.142.160', '8 juil. 2019'),
(750, 15, '60.168.172.207', '8 juil. 2019'),
(751, 21, '115.150.70.56', '8 juil. 2019'),
(752, 3, '42.55.182.63', '8 juil. 2019'),
(753, 19, '112.113.118.164', '8 juil. 2019'),
(754, 18, '106.57.150.228', '8 juil. 2019'),
(755, 9, '60.160.143.10', '8 juil. 2019'),
(756, 11, '125.116.240.86', '8 juil. 2019'),
(757, 20, '123.130.100.101', '8 juil. 2019'),
(758, 6, '106.57.151.226', '8 juil. 2019'),
(759, 29, '49.87.175.100', '8 juil. 2019'),
(760, 11, '114.220.154.2', '8 juil. 2019'),
(761, 23, '112.237.238.23', '8 juil. 2019'),
(762, 23, '182.246.10.196', '8 juil. 2019'),
(763, 20, '163.179.204.4', '8 juil. 2019'),
(764, 24, '222.188.130.76', '8 juil. 2019'),
(765, 28, '124.112.95.50', '8 juil. 2019'),
(766, 15, '220.180.6.174', '8 juil. 2019'),
(767, 2, '59.63.67.102', '8 juil. 2019'),
(768, 17, '115.152.148.209', '8 juil. 2019'),
(769, 22, '183.130.5.175', '8 juil. 2019'),
(770, 23, '123.162.174.37', '8 juil. 2019'),
(771, 2, '106.57.151.162', '8 juil. 2019'),
(772, 8, '112.113.161.182', '8 juil. 2019'),
(773, 15, '114.239.110.180', '8 juil. 2019'),
(774, 24, '86.250.238.15', '8 juil. 2019'),
(775, 32, '117.6.129.109', '8 juil. 2019'),
(776, 17, '117.6.133.147', '8 juil. 2019'),
(777, 32, '193.56.243.62', '8 juil. 2019'),
(778, 32, '162.38.236.23', '8 juil. 2019'),
(779, 32, '197.157.126.166', '8 juil. 2019'),
(780, 28, '188.115.114.13', '8 juil. 2019'),
(781, 32, '92.184.100.154', '8 juil. 2019'),
(782, 32, '102.160.74.112', '8 juil. 2019'),
(783, 13, '86.227.169.80', '8 juil. 2019'),
(784, 3, '134.246.166.26', '8 juil. 2019'),
(785, 33, '78.194.134.211', '8 juil. 2019'),
(786, 13, '197.157.126.104', '9 juil. 2019'),
(787, 21, '92.220.0.232', '9 juil. 2019'),
(788, 28, '66.249.70.6', '12 juil. 2019'),
(789, 4, '207.46.13.148', '12 juil. 2019'),
(790, 28, '85.10.207.195', '12 juil. 2019'),
(791, 8, '157.55.39.51', '14 juil. 2019'),
(792, 17, '40.77.167.50', '14 juil. 2019'),
(793, 26, '40.77.167.16', '14 juil. 2019'),
(794, 57, '40.77.167.26', '14 juil. 2019'),
(795, 1, '40.77.167.73', '14 juil. 2019'),
(796, 60, '157.55.39.74', '14 juil. 2019'),
(797, 47, '118.179.238.67', '15 juil. 2019'),
(798, 33, '66.249.93.208', '15 juil. 2019'),
(799, 15, '54.81.69.220', '15 juil. 2019'),
(800, 26, '87.250.224.98', '16 juil. 2019'),
(801, 16, '5.9.156.20', '16 juil. 2019'),
(802, 29, '92.98.223.0', '18 juil. 2019'),
(803, 24, '5.9.77.102', '19 juil. 2019'),
(804, 23, '117.63.122.37', '20 juil. 2019'),
(805, 33, '86.227.77.195', '20 juil. 2019'),
(806, 3, '88.125.114.213', '22 juil. 2019'),
(807, 32, '23.239.180.115', '24 juil. 2019'),
(808, 40, '144.76.7.79', '25 juil. 2019'),
(809, 35, '62.138.2.243', '28 juil. 2019'),
(810, 13, '207.46.13.47', '30 juil. 2019'),
(811, 13, '40.77.167.97', '30 juil. 2019'),
(812, 20, '148.251.125.12', '31 juil. 2019'),
(813, 16, '141.8.188.21', '8 août 2019'),
(814, 11, '66.249.73.21', '10 août 2019'),
(815, 40, '188.165.200.217', '14 août 2019'),
(816, 8, '185.107.240.217', '16 août 2019'),
(817, 20, '5.9.61.101', '17 août 2019'),
(818, 19, '207.46.13.73', '17 août 2019'),
(819, 23, '40.77.167.37', '17 août 2019'),
(820, 54, '40.77.167.9', '17 août 2019'),
(821, 21, '148.251.10.183', '23 août 2019'),
(822, 30, '3.227.233.6', '25 août 2019'),
(823, 20, '5.9.88.113', '26 août 2019'),
(824, 35, '197.149.138.202', '28 août 2019'),
(825, 20, '144.76.186.38', '30 août 2019'),
(826, 39, '78.46.149.254', '30 août 2019'),
(827, 20, '204.12.220.106', '2 sept. 2019'),
(828, 5, '41.73.107.34', '3 sept. 2019'),
(829, 20, '5.9.70.117', '4 sept. 2019'),
(830, 22, '192.99.10.39', '4 sept. 2019'),
(831, 17, '40.77.167.164', '4 sept. 2019'),
(832, 40, '207.46.13.56', '4 sept. 2019'),
(833, 37, '157.55.39.63', '4 sept. 2019'),
(834, 20, '85.10.199.185', '7 sept. 2019'),
(835, 21, '89.163.242.129', '8 sept. 2019'),
(836, 25, '144.76.3.79', '8 sept. 2019'),
(837, 30, '3.16.48.114', '9 sept. 2019'),
(838, 13, '88.164.35.203', '11 sept. 2019'),
(839, 21, '88.198.69.233', '11 sept. 2019'),
(840, 20, '5.9.71.213', '12 sept. 2019'),
(841, 21, '10.111.30.128', '12 sept. 2019'),
(842, 35, '92.167.48.118', '12 sept. 2019'),
(843, 35, '41.82.1.222', '12 sept. 2019'),
(844, 35, '197.20.33.124', '12 sept. 2019'),
(845, 37, '176.181.172.124', '12 sept. 2019'),
(846, 35, '88.167.225.31', '12 sept. 2019'),
(847, 35, '102.166.142.227', '12 sept. 2019'),
(848, 35, '88.191.232.150', '12 sept. 2019'),
(849, 35, '197.157.96.73', '13 sept. 2019'),
(850, 19, '90.22.240.148', '13 sept. 2019'),
(851, 30, '62.210.15.198', '13 sept. 2019'),
(852, 20, '89.163.146.110', '15 sept. 2019'),
(853, 35, '197.31.194.229', '15 sept. 2019'),
(854, 9, '128.93.85.164', '17 sept. 2019'),
(855, 12, '152.77.120.89', '17 sept. 2019'),
(856, 5, '129.88.37.114', '17 sept. 2019'),
(857, 9, '147.99.163.121', '17 sept. 2019'),
(858, 19, '203.147.86.178', '17 sept. 2019'),
(859, 9, '154.124.235.86', '17 sept. 2019'),
(860, 42, '41.227.21.50', '17 sept. 2019'),
(861, 31, '90.204.175.7', '18 sept. 2019'),
(862, 8, '141.8.188.9', '18 sept. 2019'),
(863, 1, '86.227.79.153', '18 sept. 2019'),
(864, 16, '128.148.231.16', '18 sept. 2019'),
(865, 20, '89.163.242.186', '19 sept. 2019'),
(866, 10, '213.180.203.62', '19 sept. 2019'),
(867, 35, '162.38.236.121', '20 sept. 2019'),
(868, 19, '35.171.146.16', '21 sept. 2019'),
(869, 21, '213.202.253.46', '22 sept. 2019'),
(870, 37, '144.76.29.149', '25 sept. 2019'),
(871, 17, '193.51.119.133', '26 sept. 2019'),
(872, 7, '10.97.27.76', '26 sept. 2019'),
(873, 34, '216.2.65.228', '26 sept. 2019'),
(874, 34, '84.100.131.12', '26 sept. 2019'),
(875, 34, '41.86.49.34', '26 sept. 2019'),
(876, 34, '154.67.220.145', '27 sept. 2019'),
(877, 21, '78.246.20.155', '27 sept. 2019'),
(878, 14, '95.108.181.77', '27 sept. 2019'),
(879, 34, '78.233.160.240', '27 sept. 2019'),
(880, 33, '92.169.153.144', '28 sept. 2019'),
(881, 13, '2.4.152.24', '28 sept. 2019'),
(882, 34, '196.224.137.239', '29 sept. 2019'),
(883, 21, '95.91.75.233', '29 sept. 2019'),
(884, 19, '144.120.91.27', '1 oct. 2019'),
(885, 27, '91.170.186.226', '2 oct. 2019'),
(886, 15, '78.46.85.236', '2 oct. 2019'),
(887, 26, '89.163.242.78', '6 oct. 2019'),
(888, 32, '193.146.155.145', '7 oct. 2019'),
(889, 40, '157.55.39.112', '7 oct. 2019'),
(890, 13, '207.46.13.24', '8 oct. 2019'),
(891, 34, '66.249.64.28', '9 oct. 2019'),
(892, 24, '66.249.64.29', '9 oct. 2019'),
(893, 33, '66.249.64.27', '9 oct. 2019'),
(894, 20, '173.212.215.43', '9 oct. 2019'),
(895, 23, '133.41.88.29', '10 oct. 2019'),
(896, 20, '213.136.75.74', '12 oct. 2019'),
(897, 13, '2.4.166.57', '13 oct. 2019'),
(898, 8, '66.249.73.38', '15 oct. 2019'),
(899, 30, '18.204.227.250', '17 oct. 2019'),
(900, 36, '134.246.84.253', '17 oct. 2019'),
(901, 36, '102.104.52.214', '17 oct. 2019'),
(902, 36, '212.195.244.30', '17 oct. 2019'),
(903, 36, '212.195.244.34', '17 oct. 2019'),
(904, 36, '91.197.46.45', '17 oct. 2019'),
(905, 10, '14.139.128.18', '17 oct. 2019'),
(906, 36, '77.111.247.213', '17 oct. 2019'),
(907, 36, '86.249.147.239', '17 oct. 2019'),
(908, 20, '148.251.9.145', '17 oct. 2019'),
(909, 53, '192.136.55.253', '18 oct. 2019'),
(910, 57, '78.193.190.198', '20 oct. 2019'),
(911, 22, '86.249.166.8', '21 oct. 2019'),
(912, 16, '195.83.20.82', '22 oct. 2019'),
(913, 20, '192.151.145.178', '24 oct. 2019'),
(914, 36, '183.182.112.162', '27 oct. 2019'),
(915, 21, '204.12.226.26', '28 oct. 2019'),
(917, 21, '192.99.13.228', '1 nov. 2019'),
(918, 20, '207.180.219.122', '3 nov. 2019'),
(919, 57, '81.64.133.188', '5 nov. 2019'),
(920, 37, '105.67.129.178', '5 nov. 2019'),
(921, 37, '77.141.119.211', '5 nov. 2019'),
(922, 37, '197.157.126.226', '6 nov. 2019'),
(923, 41, '176.137.19.206', '6 nov. 2019'),
(924, 37, '93.0.60.40', '6 nov. 2019'),
(925, 28, '5.9.70.72', '6 nov. 2019'),
(926, 21, '192.99.14.117', '6 nov. 2019'),
(927, 37, '41.82.2.223', '6 nov. 2019'),
(928, 3, '195.113.142.146', '6 nov. 2019'),
(929, 46, '66.249.64.101', '7 nov. 2019'),
(930, 26, '66.249.73.34', '8 nov. 2019'),
(931, 1, '66.249.73.37', '8 nov. 2019'),
(932, 42, '66.249.79.194', '9 nov. 2019'),
(933, 6, '66.249.79.197', '9 nov. 2019'),
(934, 9, '192.99.9.25', '9 nov. 2019'),
(935, 46, '66.249.64.98', '11 nov. 2019'),
(936, 30, '41.82.0.231', '11 nov. 2019'),
(937, 15, '144.76.14.153', '12 nov. 2019'),
(938, 20, '178.151.245.174', '13 nov. 2019'),
(939, 30, '41.82.0.57', '15 nov. 2019'),
(940, 20, '148.251.78.18', '16 nov. 2019'),
(941, 53, '92.220.10.100', '16 nov. 2019'),
(942, 42, '66.249.64.102', '17 nov. 2019'),
(943, 19, '3.93.75.242', '19 nov. 2019'),
(944, 27, '193.54.109.8', '19 nov. 2019'),
(945, 18, '41.82.0.72', '19 nov. 2019'),
(946, 31, '41.82.1.234', '20 nov. 2019'),
(947, 23, '204.12.208.154', '20 nov. 2019'),
(948, 20, '144.76.29.148', '22 nov. 2019'),
(949, 35, '178.63.34.189', '23 nov. 2019'),
(950, 30, '41.82.3.51', '23 nov. 2019'),
(951, 5, '95.91.15.173', '23 nov. 2019'),
(952, 28, '173.212.222.108', '23 nov. 2019'),
(953, 46, '82.242.96.60', '24 nov. 2019'),
(954, 21, '41.82.2.2', '24 nov. 2019'),
(955, 29, '10.9.6.11', '25 nov. 2019'),
(956, 50, '193.52.225.48', '25 nov. 2019'),
(957, 43, '41.82.208.53', '25 nov. 2019'),
(958, 4, '154.67.218.94', '25 nov. 2019'),
(959, 38, '41.82.1.66', '25 nov. 2019'),
(960, 12, '37.173.68.28', '25 nov. 2019'),
(961, 23, '85.245.105.199', '26 nov. 2019'),
(962, 16, '41.82.1.248', '26 nov. 2019'),
(963, 13, '41.82.2.219', '26 nov. 2019'),
(964, 17, '89.163.242.56', '26 nov. 2019'),
(965, 43, '141.8.188.20', '30 nov. 2019'),
(966, 8, '41.82.198.221', '30 nov. 2019'),
(967, 21, '89.163.242.62', '2 déc. 2019'),
(968, 21, '197.239.81.18', '2 déc. 2019'),
(969, 38, '109.190.253.14', '2 déc. 2019'),
(970, 38, '82.227.185.96', '2 déc. 2019'),
(971, 7, '88.122.144.72', '2 déc. 2019'),
(972, 35, '90.113.109.186', '2 déc. 2019'),
(973, 38, '119.235.96.124', '2 déc. 2019'),
(974, 38, '66.249.93.197', '2 déc. 2019'),
(975, 41, '82.224.137.33', '2 déc. 2019'),
(976, 23, '77.205.19.71', '2 déc. 2019'),
(977, 38, '103.107.196.236', '3 déc. 2019'),
(978, 38, '197.157.101.95', '3 déc. 2019'),
(979, 9, '66.249.79.198', '3 déc. 2019'),
(980, 42, '134.246.84.228', '3 déc. 2019'),
(981, 38, '93.22.133.161', '3 déc. 2019'),
(982, 37, '66.102.8.226', '3 déc. 2019'),
(983, 38, '40.94.94.28', '3 déc. 2019'),
(984, 38, '178.17.174.120', '3 déc. 2019'),
(985, 36, '196.178.5.191', '3 déc. 2019'),
(986, 34, '85.86.39.200', '3 déc. 2019'),
(987, 38, '37.166.194.133', '5 déc. 2019'),
(988, 37, '86.196.93.101', '5 déc. 2019'),
(989, 32, '82.193.102.149', '6 déc. 2019'),
(990, 37, '66.102.8.230', '6 déc. 2019'),
(991, 37, '66.102.8.228', '6 déc. 2019'),
(992, 31, '69.30.198.186', '6 déc. 2019'),
(993, 35, '192.95.29.186', '6 déc. 2019'),
(994, 34, '66.249.64.108', '6 déc. 2019'),
(995, 49, '5.9.66.153', '8 déc. 2019'),
(996, 37, '41.82.0.166', '8 déc. 2019'),
(997, 39, '211.216.26.142', '9 déc. 2019'),
(998, 40, '197.157.126.14', '10 déc. 2019'),
(999, 40, '41.82.2.171', '10 déc. 2019'),
(1000, 39, '130.190.115.172', '11 déc. 2019'),
(1001, 28, '37.173.50.31', '11 déc. 2019'),
(1002, 60, '134.59.172.47', '11 déc. 2019'),
(1003, 27, '193.57.120.39', '11 déc. 2019'),
(1004, 38, '152.77.132.118', '11 déc. 2019'),
(1005, 15, '144.76.118.82', '11 déc. 2019'),
(1006, 30, '37.166.110.76', '12 déc. 2019'),
(1007, 40, '162.38.237.132', '12 déc. 2019'),
(1008, 10, '41.82.3.241', '12 déc. 2019'),
(1009, 27, '37.166.131.140', '12 déc. 2019'),
(1010, 31, '177.237.139.16', '13 déc. 2019'),
(1011, 36, '37.60.185.250', '13 déc. 2019'),
(1012, 29, '41.82.0.147', '14 déc. 2019'),
(1013, 2, '192.99.10.47', '14 déc. 2019'),
(1014, 19, '89.163.242.239', '15 déc. 2019'),
(1015, 21, '176.31.104.153', '15 déc. 2019'),
(1016, 15, '69.197.177.50', '16 déc. 2019'),
(1017, 6, '157.55.39.203', '16 déc. 2019'),
(1018, 40, '66.249.64.106', '17 déc. 2019'),
(1019, 29, '89.217.107.70', '17 déc. 2019'),
(1020, 43, '86.193.107.14', '17 déc. 2019'),
(1021, 38, '41.82.1.87', '19 déc. 2019'),
(1022, 25, '41.82.2.127', '19 déc. 2019'),
(1023, 19, '192.99.7.128', '20 déc. 2019'),
(1024, 20, '5.9.107.211', '21 déc. 2019'),
(1025, 39, '61.78.110.12', '23 déc. 2019'),
(1026, 39, '223.62.163.180', '24 déc. 2019'),
(1027, 21, '192.99.37.116', '24 déc. 2019'),
(1028, 18, '192.99.13.75', '24 déc. 2019'),
(1029, 21, '94.211.25.10', '27 déc. 2019'),
(1030, 19, '178.154.171.152', '28 déc. 2019'),
(1031, 21, '46.4.52.175', '31 déc. 2019'),
(1032, 13, '92.129.215.41', '31 déc. 2019'),
(1033, 20, '89.163.242.228', '1 janv. 2020'),
(1034, 21, '172.241.112.83', '4 janv. 2020'),
(1035, 18, '104.140.15.222', '6 janv. 2020'),
(1036, 20, '207.180.203.210', '7 janv. 2020'),
(1037, 6, '192.99.15.199', '7 janv. 2020'),
(1038, 17, '51.15.184.151', '7 janv. 2020'),
(1039, 20, '51.15.183.217', '7 janv. 2020'),
(1040, 17, '51.15.183.122', '7 janv. 2020'),
(1041, 42, '152.77.159.13', '8 janv. 2020'),
(1042, 40, '134.246.84.145', '8 janv. 2020'),
(1043, 40, '37.173.217.113', '8 janv. 2020'),
(1044, 40, '196.179.248.80', '8 janv. 2020'),
(1045, 40, '194.214.214.143', '8 janv. 2020'),
(1046, 41, '202.28.78.18', '8 janv. 2020'),
(1047, 40, '197.157.99.169', '8 janv. 2020'),
(1048, 40, '134.246.159.70', '8 janv. 2020'),
(1049, 40, '37.173.246.161', '8 janv. 2020'),
(1050, 39, '92.184.100.4', '9 janv. 2020'),
(1051, 29, '159.138.151.118', '10 janv. 2020'),
(1052, 43, '195.98.225.103', '10 janv. 2020'),
(1053, 20, '5.9.154.69', '10 janv. 2020'),
(1054, 21, '148.251.92.39', '10 janv. 2020'),
(1055, 38, '92.167.102.226', '12 janv. 2020'),
(1056, 1, '86.193.198.134', '12 janv. 2020'),
(1057, 5, '49.229.225.164', '13 janv. 2020'),
(1058, 40, '65.208.151.116', '13 janv. 2020'),
(1059, 40, '65.208.151.118', '13 janv. 2020'),
(1060, 27, '192.99.10.170', '13 janv. 2020'),
(1061, 18, '192.99.15.33', '13 janv. 2020'),
(1062, 42, '90.57.121.89', '14 janv. 2020'),
(1063, 1, '90.120.244.120', '15 janv. 2020'),
(1064, 42, '162.38.198.22', '15 janv. 2020'),
(1065, 38, '65.208.151.117', '16 janv. 2020'),
(1066, 21, '208.110.93.78', '17 janv. 2020'),
(1067, 16, '147.100.172.65', '17 janv. 2020'),
(1068, 20, '5.9.154.68', '17 janv. 2020'),
(1069, 43, '165.51.219.90', '17 janv. 2020'),
(1070, 43, '102.178.238.185', '17 janv. 2020'),
(1071, 15, '84.59.132.173', '17 janv. 2020'),
(1072, 43, '197.157.99.64', '18 janv. 2020'),
(1073, 44, '91.174.108.195', '20 janv. 2020'),
(1074, 37, '84.100.131.23', '20 janv. 2020'),
(1075, 11, '158.69.243.138', '20 janv. 2020'),
(1076, 43, '195.98.225.200', '21 janv. 2020'),
(1077, 15, '3.229.142.175', '21 janv. 2020'),
(1078, 12, '113.161.77.104', '23 janv. 2020'),
(1079, 29, '218.59.222.103', '24 janv. 2020'),
(1080, 42, '41.138.102.208', '24 janv. 2020'),
(1081, 21, '198.204.243.138', '24 janv. 2020'),
(1082, 42, '118.179.242.130', '24 janv. 2020'),
(1083, 42, '92.184.112.134', '24 janv. 2020'),
(1084, 42, '82.225.191.134', '24 janv. 2020'),
(1085, 26, '91.203.35.14', '24 janv. 2020'),
(1086, 42, '10.9.6.12', '24 janv. 2020'),
(1087, 46, '91.174.108.251', '24 janv. 2020'),
(1088, 42, '90.40.116.193', '24 janv. 2020'),
(1089, 42, '37.171.62.28', '24 janv. 2020'),
(1090, 42, '37.172.156.150', '25 janv. 2020'),
(1091, 42, '102.179.34.141', '25 janv. 2020'),
(1092, 42, '92.184.98.165', '25 janv. 2020'),
(1093, 42, '154.70.173.65', '26 janv. 2020'),
(1094, 5, '2.4.170.111', '26 janv. 2020'),
(1095, 49, '81.64.119.231', '28 janv. 2020'),
(1096, 30, '2.4.172.248', '2 févr. 2020'),
(1097, 39, '2.4.158.92', '3 févr. 2020'),
(1098, 30, '193.54.123.228', '4 févr. 2020'),
(1099, 18, '134.58.253.57', '4 févr. 2020'),
(1100, 13, '92.167.58.210', '5 févr. 2020'),
(1101, 41, '81.221.132.122', '5 févr. 2020'),
(1102, 41, '201.17.105.109', '5 févr. 2020'),
(1103, 41, '220.156.170.79', '5 févr. 2020'),
(1104, 41, '10.9.6.26', '6 févr. 2020'),
(1105, 20, '213.180.203.104', '7 févr. 2020'),
(1106, 21, '213.180.203.9', '7 févr. 2020'),
(1107, 5, '159.138.155.226', '7 févr. 2020'),
(1108, 36, '41.82.0.252', '7 févr. 2020'),
(1109, 13, '157.55.39.40', '8 févr. 2020'),
(1110, 48, '89.82.228.185', '8 févr. 2020'),
(1111, 13, '207.46.13.48', '9 févr. 2020'),
(1112, 24, '40.77.167.8', '9 févr. 2020'),
(1113, 31, '148.251.120.201', '9 févr. 2020'),
(1114, 25, '86.227.249.202', '10 févr. 2020'),
(1115, 13, '213.180.203.165', '10 févr. 2020'),
(1116, 25, '129.234.0.181', '11 févr. 2020'),
(1117, 20, '107.150.59.98', '12 févr. 2020'),
(1118, 21, '192.99.6.226', '14 févr. 2020'),
(1119, 20, '196.171.169.163', '15 févr. 2020'),
(1120, 13, '37.239.12.26', '18 févr. 2020'),
(1121, 20, '37.167.124.186', '19 févr. 2020'),
(1122, 43, '90.46.39.220', '21 févr. 2020'),
(1123, 5, '213.180.203.97', '23 févr. 2020'),
(1124, 5, '159.138.152.221', '26 févr. 2020'),
(1125, 24, '3.234.208.66', '28 févr. 2020'),
(1126, 35, '91.137.19.156', '1 mars 2020'),
(1127, 31, '95.91.108.63', '2 mars 2020'),
(1128, 53, '5.9.138.189', '2 mars 2020'),
(1129, 20, '173.212.246.232', '2 mars 2020'),
(1130, 49, '144.76.3.131', '2 mars 2020'),
(1131, 23, '213.180.203.84', '4 mars 2020'),
(1132, 21, '192.151.157.210', '5 mars 2020'),
(1133, 40, '91.161.83.180', '5 mars 2020'),
(1134, 28, '78.46.176.21', '7 mars 2020'),
(1135, 20, '5.9.155.226', '7 mars 2020'),
(1136, 43, '41.82.1.163', '9 mars 2020'),
(1137, 11, '134.246.159.223', '10 mars 2020'),
(1138, 25, '66.249.66.140', '11 mars 2020'),
(1139, 23, '213.180.203.216', '11 mars 2020'),
(1140, 24, '66.249.66.144', '12 mars 2020'),
(1141, 22, '128.16.3.223', '12 mars 2020'),
(1142, 17, '130.149.221.181', '14 mars 2020'),
(1143, 20, '173.249.7.244', '14 mars 2020'),
(1144, 43, '195.154.156.182', '14 mars 2020'),
(1145, 7, '207.180.226.173', '14 mars 2020'),
(1146, 43, '62.210.172.215', '14 mars 2020'),
(1147, 43, '51.15.184.118', '15 mars 2020'),
(1148, 43, '51.15.184.112', '15 mars 2020'),
(1149, 21, '173.208.200.154', '16 mars 2020'),
(1150, 50, '66.249.64.112', '18 mars 2020'),
(1151, 17, '173.208.157.186', '20 mars 2020'),
(1152, 53, '144.76.96.236', '20 mars 2020'),
(1153, 26, '213.180.203.16', '21 mars 2020'),
(1154, 9, '178.154.200.97', '23 mars 2020'),
(1155, 39, '2.4.163.47', '24 mars 2020'),
(1156, 52, '207.46.13.61', '24 mars 2020'),
(1157, 6, '40.77.167.208', '25 mars 2020'),
(1158, 22, '80.215.178.218', '26 mars 2020'),
(1160, 10, '92.167.72.175', '27 mars 2020'),
(1161, 55, '158.69.243.99', '28 mars 2020'),
(1162, 20, '158.69.243.115', '31 mars 2020'),
(1163, 24, '207.46.13.109', '1 avr. 2020'),
(1164, 29, '114.119.161.198', '1 avr. 2020'),
(1165, 24, '207.46.13.12', '2 avr. 2020'),
(1166, 2, '185.230.124.54', '2 avr. 2020'),
(1167, 10, '78.200.41.58', '3 avr. 2020'),
(1168, 20, '204.12.197.234', '3 avr. 2020'),
(1169, 13, '92.167.100.75', '15 avr. 2020'),
(1170, 45, '81.64.101.123', '16 avr. 2020'),
(1171, 5, '114.119.167.90', '16 avr. 2020'),
(1172, 14, '114.119.164.104', '16 avr. 2020'),
(1173, 45, '86.201.28.117', '18 avr. 2020'),
(1174, 17, '93.23.250.50', '18 avr. 2020'),
(1175, 36, '114.119.165.207', '18 avr. 2020'),
(1176, 45, '2.4.87.133', '18 avr. 2020'),
(1177, 19, '66.249.93.212', '18 avr. 2020'),
(1178, 36, '66.249.93.213', '18 avr. 2020'),
(1179, 19, '66.249.93.214', '18 avr. 2020'),
(1180, 38, '114.119.164.205', '19 avr. 2020'),
(1181, 7, '122.177.220.109', '20 avr. 2020'),
(1182, 15, '114.119.167.107', '20 avr. 2020'),
(1183, 41, '86.227.175.110', '22 avr. 2020'),
(1184, 9, '114.119.165.23', '22 avr. 2020'),
(1185, 19, '114.119.161.135', '23 avr. 2020'),
(1186, 45, '90.51.63.172', '23 avr. 2020'),
(1187, 49, '91.160.131.163', '23 avr. 2020'),
(1188, 45, '86.253.187.31', '23 avr. 2020');
INSERT INTO `tempo` (`id`, `idInformation`, `ipNumber`, `dateStamp`) VALUES
(1189, 51, '78.211.94.202', '23 avr. 2020'),
(1190, 45, '88.122.67.63', '23 avr. 2020'),
(1191, 10, '188.2.68.6', '23 avr. 2020'),
(1192, 45, '93.23.137.148', '23 avr. 2020'),
(1193, 45, '171.100.79.178', '23 avr. 2020'),
(1194, 5, '82.240.81.207', '23 avr. 2020'),
(1195, 4, '92.167.37.128', '24 avr. 2020'),
(1196, 45, '197.157.121.124', '24 avr. 2020'),
(1197, 54, '91.170.29.124', '24 avr. 2020'),
(1198, 26, '114.119.163.11', '25 avr. 2020'),
(1199, 38, '2.4.170.123', '25 avr. 2020'),
(1200, 24, '91.161.142.208', '26 avr. 2020'),
(1201, 23, '93.22.158.220', '26 avr. 2020'),
(1202, 46, '213.136.92.207', '29 avr. 2020'),
(1203, 5, '69.30.210.242', '1 mai 2020'),
(1204, 15, '5.9.155.37', '1 mai 2020'),
(1205, 16, '90.42.198.122', '1 mai 2020'),
(1206, 12, '114.119.163.108', '2 mai 2020'),
(1207, 16, '114.119.167.63', '2 mai 2020'),
(1208, 56, '66.249.66.142', '2 mai 2020'),
(1209, 48, '66.249.70.38', '3 mai 2020'),
(1210, 32, '66.249.70.37', '4 mai 2020'),
(1211, 4, '114.119.163.235', '5 mai 2020'),
(1212, 2, '78.46.99.254', '6 mai 2020'),
(1213, 22, '66.249.70.34', '6 mai 2020'),
(1214, 2, '114.119.161.230', '6 mai 2020'),
(1215, 18, '192.99.7.182', '8 mai 2020'),
(1216, 43, '144.76.38.40', '9 mai 2020'),
(1217, 7, '124.123.80.197', '9 mai 2020'),
(1218, 34, '66.249.70.46', '11 mai 2020'),
(1219, 16, '86.193.194.215', '12 mai 2020'),
(1220, 46, '193.51.224.134', '12 mai 2020'),
(1221, 41, '91.165.229.2', '12 mai 2020'),
(1222, 46, '37.167.125.42', '12 mai 2020'),
(1223, 46, '90.23.17.100', '12 mai 2020'),
(1224, 46, '78.250.4.10', '12 mai 2020'),
(1225, 46, '41.214.86.218', '12 mai 2020'),
(1226, 46, '77.95.65.68', '12 mai 2020'),
(1227, 46, '92.133.123.96', '12 mai 2020'),
(1228, 46, '197.157.119.54', '12 mai 2020'),
(1229, 57, '81.64.135.95', '12 mai 2020'),
(1230, 46, '81.64.101.189', '12 mai 2020'),
(1231, 46, '92.167.10.19', '13 mai 2020'),
(1232, 46, '178.154.200.160', '18 mai 2020'),
(1233, 39, '139.71.144.2', '18 mai 2020'),
(1234, 21, '66.249.75.166', '18 mai 2020'),
(1235, 33, '66.249.75.194', '19 mai 2020'),
(1236, 13, '66.249.69.130', '19 mai 2020'),
(1237, 2, '114.119.161.139', '19 mai 2020'),
(1238, 35, '114.119.166.252', '19 mai 2020'),
(1239, 46, '66.249.69.128', '19 mai 2020'),
(1240, 8, '66.249.69.132', '19 mai 2020'),
(1241, 22, '66.249.75.1', '19 mai 2020'),
(1242, 23, '86.227.78.225', '20 mai 2020'),
(1243, 7, '124.123.80.232', '20 mai 2020'),
(1244, 56, '66.249.70.50', '20 mai 2020'),
(1245, 14, '114.119.166.149', '21 mai 2020'),
(1246, 35, '100.26.10.85', '22 mai 2020'),
(1247, 17, '41.202.207.131', '22 mai 2020'),
(1248, 20, '148.251.195.14', '22 mai 2020'),
(1249, 12, '114.119.163.166', '23 mai 2020'),
(1250, 18, '114.119.161.214', '25 mai 2020'),
(1251, 16, '103.112.211.245', '26 mai 2020'),
(1252, 1, '86.227.75.241', '26 mai 2020'),
(1253, 35, '80.6.86.231', '26 mai 2020'),
(1254, 9, '114.119.163.54', '29 mai 2020'),
(1255, 30, '3.235.75.174', '29 mai 2020'),
(1256, 12, '114.119.165.248', '30 mai 2020'),
(1257, 28, '66.249.65.78', '31 mai 2020'),
(1258, 19, '178.63.87.197', '1 juin 2020'),
(1259, 33, '66.249.65.80', '1 juin 2020'),
(1260, 40, '66.249.65.82', '1 juin 2020'),
(1261, 16, '5.51.231.220', '2 juin 2020'),
(1262, 19, '114.119.162.144', '3 juin 2020'),
(1263, 46, '82.64.176.84', '3 juin 2020'),
(1264, 44, '2.4.153.208', '4 juin 2020'),
(1265, 30, '114.119.160.253', '4 juin 2020'),
(1266, 11, '79.93.68.10', '5 juin 2020'),
(1267, 44, '2.4.159.32', '6 juin 2020'),
(1268, 20, '148.251.41.239', '8 juin 2020'),
(1269, 46, '2.4.153.195', '9 juin 2020'),
(1270, 13, '83.153.208.196', '9 juin 2020'),
(1271, 15, '192.99.15.29', '10 juin 2020'),
(1272, 20, '192.99.4.163', '10 juin 2020'),
(1273, 37, '176.31.124.223', '11 juin 2020'),
(1274, 1, '2.4.154.88', '12 juin 2020'),
(1275, 24, '207.46.13.163', '13 juin 2020'),
(1276, 13, '157.55.39.91', '14 juin 2020'),
(1277, 58, '88.122.63.25', '15 juin 2020'),
(1278, 4, '94.134.101.209', '16 juin 2020'),
(1279, 58, '82.64.65.60', '17 juin 2020'),
(1280, 7, '124.123.80.199', '18 juin 2020'),
(1281, 27, '82.253.195.59', '19 juin 2020'),
(1282, 47, '80.77.191.0', '20 juin 2020'),
(1283, 48, '74.125.210.34', '20 juin 2020'),
(1284, 44, '194.126.12.74', '20 juin 2020'),
(1285, 48, '213.180.203.142', '20 juin 2020'),
(1286, 15, '40.77.167.89', '20 juin 2020'),
(1287, 25, '80.77.191.101', '21 juin 2020'),
(1288, 13, '80.77.191.127', '21 juin 2020'),
(1289, 28, '80.77.191.119', '21 juin 2020'),
(1290, 30, '80.77.191.110', '21 juin 2020'),
(1291, 5, '80.77.191.92', '21 juin 2020'),
(1292, 47, '162.38.236.118', '22 juin 2020'),
(1293, 47, '82.113.19.4', '22 juin 2020'),
(1294, 47, '89.158.163.21', '22 juin 2020'),
(1295, 47, '82.228.233.83', '22 juin 2020'),
(1296, 7, '78.245.94.181', '22 juin 2020'),
(1297, 47, '191.189.20.203', '22 juin 2020'),
(1298, 47, '86.75.249.244', '22 juin 2020'),
(1299, 40, '207.46.13.71', '23 juin 2020'),
(1300, 2, '46.193.4.152', '23 juin 2020'),
(1301, 45, '10.97.58.41', '24 juin 2020'),
(1302, 45, '10.97.56.240', '24 juin 2020'),
(1303, 21, '10.97.58.40', '24 juin 2020'),
(1304, 10, '188.2.132.62', '25 juin 2020'),
(1305, 16, '66.249.73.134', '25 juin 2020'),
(1306, 32, '90.57.139.140', '28 juin 2020'),
(1307, 53, '144.76.60.198', '1 juil. 2020'),
(1308, 17, '114.119.166.9', '2 juil. 2020'),
(1309, 28, '78.228.62.152', '2 juil. 2020'),
(1310, 25, '114.119.166.130', '2 juil. 2020'),
(1311, 27, '114.119.164.194', '3 juil. 2020'),
(1312, 42, '35.168.111.204', '3 juil. 2020'),
(1313, 46, '173.208.218.130', '3 juil. 2020'),
(1314, 38, '213.180.203.23', '4 juil. 2020'),
(1315, 19, '18.232.186.117', '4 juil. 2020'),
(1316, 19, '3.81.28.10', '5 juil. 2020'),
(1317, 37, '66.249.79.3', '5 juil. 2020'),
(1318, 47, '66.249.79.6', '5 juil. 2020'),
(1319, 7, '46.193.4.71', '5 juil. 2020'),
(1320, 46, '66.249.79.4', '5 juil. 2020'),
(1321, 19, '114.119.164.10', '5 juil. 2020'),
(1322, 16, '66.249.72.6', '6 juil. 2020'),
(1323, 3, '66.249.72.3', '6 juil. 2020'),
(1324, 12, '114.119.167.208', '8 juil. 2020'),
(1325, 20, '91.121.7.147', '8 juil. 2020'),
(1326, 48, '86.211.234.61', '9 juil. 2020'),
(1327, 48, '37.164.126.11', '9 juil. 2020'),
(1328, 48, '80.77.191.146', '9 juil. 2020'),
(1329, 48, '81.53.111.127', '9 juil. 2020'),
(1330, 48, '90.108.45.190', '9 juil. 2020'),
(1331, 48, '92.49.108.139', '9 juil. 2020'),
(1332, 46, '92.167.11.72', '10 juil. 2020'),
(1333, 23, '114.119.167.251', '12 juil. 2020'),
(1334, 15, '34.204.187.106', '13 juil. 2020'),
(1335, 13, '41.214.84.208', '14 juil. 2020'),
(1336, 20, '95.111.247.252', '15 juil. 2020'),
(1337, 6, '40.77.167.122', '15 juil. 2020'),
(1338, 17, '192.99.4.151', '18 juil. 2020'),
(1339, 5, '69.30.226.234', '20 juil. 2020'),
(1340, 42, '10.9.6.2', '20 juil. 2020'),
(1341, 8, '69.30.211.2', '20 juil. 2020'),
(1342, 34, '114.119.167.249', '21 juil. 2020'),
(1343, 18, '158.69.243.108', '21 juil. 2020'),
(1344, 48, '2.15.24.219', '21 juil. 2020'),
(1345, 38, '195.154.19.223', '21 juil. 2020'),
(1346, 23, '192.99.13.133', '22 juil. 2020'),
(1347, 15, '69.30.205.218', '23 juil. 2020'),
(1348, 26, '192.99.160.200', '23 juil. 2020'),
(1349, 36, '197.14.9.158', '27 juil. 2020'),
(1350, 20, '5.9.61.232', '28 juil. 2020'),
(1351, 17, '66.249.68.3', '31 juil. 2020'),
(1352, 5, '66.249.68.6', '31 juil. 2020'),
(1353, 39, '66.249.68.4', '31 juil. 2020'),
(1354, 31, '213.239.216.194', '1 août 2020'),
(1355, 20, '144.76.137.254', '2 août 2020'),
(1356, 21, '219.150.86.18', '4 août 2020'),
(1357, 10, '188.246.42.56', '5 août 2020'),
(1358, 16, '66.249.72.4', '7 août 2020'),
(1359, 23, '5.45.207.164', '7 août 2020'),
(1360, 16, '93.40.187.159', '7 août 2020'),
(1361, 44, '210.212.87.38', '8 août 2020'),
(1362, 30, '86.193.126.217', '9 août 2020'),
(1363, 19, '5.45.207.104', '9 août 2020'),
(1364, 30, '18.233.111.242', '11 août 2020'),
(1365, 4, '66.249.70.40', '12 août 2020'),
(1366, 14, '66.249.79.54', '13 août 2020'),
(1367, 31, '66.249.79.60', '13 août 2020'),
(1368, 20, '66.249.70.48', '14 août 2020'),
(1369, 19, '5.45.207.189', '14 août 2020'),
(1370, 12, '213.180.203.4', '14 août 2020'),
(1371, 42, '34.222.204.63', '15 août 2020'),
(1372, 25, '114.119.163.5', '16 août 2020'),
(1373, 18, '177.148.233.203', '17 août 2020'),
(1374, 24, '66.249.66.128', '17 août 2020'),
(1375, 42, '5.255.253.81', '17 août 2020'),
(1376, 2, '5.45.207.79', '18 août 2020'),
(1377, 48, '89.2.227.7', '19 août 2020'),
(1378, 13, '41.214.91.54', '19 août 2020'),
(1379, 46, '18.206.89.221', '19 août 2020'),
(1380, 9, '114.119.166.61', '19 août 2020'),
(1381, 46, '184.73.111.100', '19 août 2020'),
(1382, 46, '3.93.144.79', '20 août 2020'),
(1383, 42, '114.119.160.102', '20 août 2020'),
(1384, 7, '124.123.183.214', '21 août 2020'),
(1385, 36, '141.8.142.79', '22 août 2020'),
(1386, 47, '66.249.65.68', '23 août 2020'),
(1387, 9, '66.249.65.66', '23 août 2020'),
(1388, 10, '106.38.16.138', '25 août 2020'),
(1389, 37, '66.249.70.44', '26 août 2020'),
(1390, 28, '178.154.200.116', '26 août 2020'),
(1391, 8, '213.180.203.29', '28 août 2020'),
(1392, 29, '178.154.200.23', '30 août 2020'),
(1393, 23, '114.119.167.166', '30 août 2020'),
(1394, 16, '71.121.167.220', '30 août 2020'),
(1395, 20, '149.202.82.11', '31 août 2020'),
(1396, 26, '82.102.19.142', '1 sept. 2020'),
(1397, 23, '66.249.79.16', '3 sept. 2020'),
(1398, 45, '66.249.79.18', '3 sept. 2020'),
(1399, 20, '5.189.133.135', '4 sept. 2020'),
(1400, 50, '66.249.72.18', '5 sept. 2020'),
(1401, 18, '66.249.72.16', '5 sept. 2020'),
(1402, 44, '66.249.72.14', '6 sept. 2020'),
(1403, 51, '185.191.171.5', '7 sept. 2020'),
(1404, 21, '66.249.69.149', '7 sept. 2020'),
(1405, 38, '5.255.253.190', '8 sept. 2020'),
(1406, 56, '185.191.171.3', '8 sept. 2020'),
(1407, 34, '185.191.171.8', '8 sept. 2020'),
(1408, 11, '185.191.171.9', '8 sept. 2020'),
(1409, 57, '185.191.171.14', '8 sept. 2020'),
(1410, 5, '185.191.171.21', '8 sept. 2020'),
(1411, 3, '185.191.171.12', '9 sept. 2020'),
(1412, 24, '185.191.171.4', '9 sept. 2020'),
(1413, 40, '185.191.171.13', '9 sept. 2020'),
(1414, 19, '185.191.171.15', '9 sept. 2020'),
(1415, 29, '66.249.64.241', '9 sept. 2020'),
(1416, 36, '185.191.171.1', '9 sept. 2020'),
(1417, 43, '185.191.171.34', '9 sept. 2020'),
(1418, 27, '185.191.171.17', '9 sept. 2020'),
(1419, 48, '179.181.132.219', '10 sept. 2020'),
(1420, 34, '185.191.171.24', '10 sept. 2020'),
(1421, 17, '185.191.171.23', '10 sept. 2020'),
(1422, 55, '185.191.171.20', '10 sept. 2020'),
(1423, 44, '185.191.171.33', '10 sept. 2020'),
(1424, 51, '185.191.171.7', '10 sept. 2020'),
(1425, 5, '185.191.171.2', '10 sept. 2020'),
(1426, 58, '185.191.171.35', '12 sept. 2020'),
(1427, 48, '185.191.171.6', '12 sept. 2020'),
(1428, 5, '185.191.171.18', '12 sept. 2020'),
(1429, 16, '185.191.171.19', '12 sept. 2020'),
(1430, 58, '185.191.171.16', '12 sept. 2020'),
(1431, 40, '66.249.64.237', '12 sept. 2020'),
(1432, 48, '185.191.171.10', '13 sept. 2020'),
(1433, 14, '66.249.64.239', '13 sept. 2020'),
(1434, 47, '105.227.175.240', '13 sept. 2020'),
(1435, 10, '185.191.171.25', '13 sept. 2020'),
(1436, 18, '114.119.148.187', '14 sept. 2020'),
(1437, 53, '178.63.26.114', '14 sept. 2020'),
(1438, 3, '114.119.137.162', '14 sept. 2020'),
(1439, 42, '78.43.214.157', '14 sept. 2020'),
(1440, 37, '181.16.224.12', '15 sept. 2020'),
(1441, 11, '185.191.171.26', '16 sept. 2020'),
(1442, 25, '162.216.141.24', '17 sept. 2020'),
(1443, 7, '216.244.66.245', '17 sept. 2020'),
(1444, 22, '86.227.169.17', '17 sept. 2020'),
(1445, 42, '86.193.154.169', '17 sept. 2020'),
(1446, 20, '5.9.98.234', '17 sept. 2020'),
(1447, 24, '95.149.167.142', '17 sept. 2020'),
(1448, 37, '3.237.94.109', '19 sept. 2020'),
(1449, 34, '211.233.50.244', '19 sept. 2020'),
(1450, 29, '66.249.66.89', '20 sept. 2020'),
(1451, 20, '173.208.198.162', '20 sept. 2020'),
(1452, 40, '66.249.66.87', '20 sept. 2020'),
(1453, 19, '114.119.142.47', '21 sept. 2020'),
(1454, 10, '195.221.104.202', '21 sept. 2020'),
(1455, 51, '66.249.66.88', '21 sept. 2020'),
(1456, 26, '35.202.2.1', '21 sept. 2020'),
(1457, 50, '92.167.104.133', '21 sept. 2020'),
(1458, 43, '66.249.66.68', '22 sept. 2020'),
(1459, 49, '66.249.66.70', '22 sept. 2020'),
(1460, 45, '66.249.66.72', '22 sept. 2020'),
(1461, 10, '95.210.104.63', '22 sept. 2020'),
(1462, 7, '10.97.25.66', '22 sept. 2020'),
(1463, 9, '193.52.83.10', '22 sept. 2020'),
(1464, 46, '185.191.171.22', '23 sept. 2020'),
(1465, 5, '66.249.69.150', '23 sept. 2020'),
(1466, 19, '66.249.69.148', '23 sept. 2020'),
(1467, 13, '92.167.101.68', '23 sept. 2020'),
(1468, 50, '2.4.162.101', '24 sept. 2020'),
(1469, 46, '114.119.145.233', '25 sept. 2020'),
(1470, 19, '66.249.66.93', '25 sept. 2020'),
(1471, 31, '75.101.220.230', '25 sept. 2020'),
(1472, 36, '54.237.183.249', '25 sept. 2020'),
(1473, 29, '185.191.171.11', '26 sept. 2020'),
(1474, 34, '66.249.66.74', '26 sept. 2020'),
(1475, 16, '66.249.79.57', '27 sept. 2020'),
(1476, 2, '114.119.143.77', '27 sept. 2020'),
(1477, 32, '185.191.171.36', '28 sept. 2020'),
(1478, 10, '220.181.108.153', '29 sept. 2020'),
(1479, 34, '185.191.171.41', '1 oct. 2020'),
(1480, 41, '185.191.171.38', '2 oct. 2020'),
(1481, 38, '185.191.171.40', '2 oct. 2020'),
(1482, 32, '185.191.171.43', '3 oct. 2020'),
(1483, 18, '109.248.149.12', '5 oct. 2020'),
(1484, 26, '185.191.171.37', '5 oct. 2020'),
(1485, 50, '185.96.158.19', '6 oct. 2020'),
(1486, 13, '5.62.20.39', '6 oct. 2020'),
(1487, 50, '74.125.210.51', '6 oct. 2020'),
(1488, 50, '74.125.210.49', '6 oct. 2020'),
(1489, 50, '195.154.36.140', '6 oct. 2020'),
(1490, 50, '134.246.84.44', '6 oct. 2020'),
(1491, 50, '197.149.194.124', '6 oct. 2020'),
(1492, 13, '37.170.229.223', '6 oct. 2020'),
(1493, 50, '196.50.12.201', '6 oct. 2020'),
(1494, 50, '196.179.248.169', '6 oct. 2020'),
(1495, 38, '84.6.102.66', '6 oct. 2020'),
(1496, 19, '66.249.64.114', '6 oct. 2020'),
(1497, 31, '66.249.64.110', '6 oct. 2020'),
(1498, 20, '66.249.70.90', '7 oct. 2020'),
(1499, 50, '92.167.21.240', '7 oct. 2020'),
(1500, 16, '66.249.70.92', '7 oct. 2020'),
(1501, 19, '114.119.143.18', '8 oct. 2020'),
(1502, 56, '185.191.171.44', '9 oct. 2020'),
(1503, 10, '46.240.143.122', '9 oct. 2020'),
(1504, 10, '62.240.24.250', '9 oct. 2020'),
(1505, 22, '114.119.133.245', '9 oct. 2020'),
(1506, 38, '66.249.79.124', '11 oct. 2020'),
(1507, 4, '185.191.171.42', '11 oct. 2020'),
(1508, 54, '86.198.201.33', '11 oct. 2020'),
(1509, 15, '92.105.67.33', '11 oct. 2020'),
(1510, 42, '193.51.81.251', '12 oct. 2020'),
(1511, 48, '114.119.140.169', '12 oct. 2020'),
(1512, 43, '66.249.73.80', '12 oct. 2020'),
(1513, 44, '66.249.73.78', '12 oct. 2020'),
(1514, 7, '114.119.156.203', '13 oct. 2020'),
(1515, 7, '204.111.130.4', '13 oct. 2020'),
(1516, 26, '114.119.151.107', '14 oct. 2020'),
(1517, 42, '82.102.18.49', '15 oct. 2020'),
(1518, 11, '142.44.245.88', '15 oct. 2020'),
(1519, 48, '175.137.239.75', '15 oct. 2020'),
(1520, 31, '88.125.199.28', '15 oct. 2020'),
(1521, 33, '114.119.135.187', '16 oct. 2020'),
(1522, 9, '78.123.157.214', '16 oct. 2020'),
(1523, 23, '114.119.136.88', '18 oct. 2020'),
(1524, 53, '185.191.171.39', '19 oct. 2020'),
(1525, 49, '187.108.24.21', '19 oct. 2020'),
(1526, 18, '114.119.138.35', '20 oct. 2020'),
(1527, 41, '114.119.158.58', '20 oct. 2020'),
(1528, 30, '195.36.171.213', '20 oct. 2020'),
(1529, 45, '82.224.173.66', '21 oct. 2020'),
(1530, 2, '114.119.153.161', '22 oct. 2020'),
(1531, 24, '5.255.231.116', '24 oct. 2020'),
(1532, 33, '185.191.171.45', '26 oct. 2020'),
(1533, 47, '37.166.71.1', '27 oct. 2020'),
(1534, 51, '86.227.168.27', '29 oct. 2020'),
(1535, 48, '114.119.142.43', '29 oct. 2020'),
(1536, 30, '54.236.35.159', '29 oct. 2020'),
(1537, 10, '220.181.108.158', '30 oct. 2020'),
(1538, 10, '220.181.108.172', '30 oct. 2020'),
(1539, 41, '188.191.21.7', '31 oct. 2020'),
(1540, 25, '114.119.150.94', '2 nov. 2020'),
(1541, 38, '143.89.16.138', '2 nov. 2020'),
(1542, 40, '66.249.79.122', '2 nov. 2020'),
(1543, 20, '144.76.200.68', '4 nov. 2020'),
(1544, 28, '192.151.145.82', '4 nov. 2020'),
(1545, 10, '188.2.132.187', '5 nov. 2020'),
(1546, 23, '111.106.166.13', '6 nov. 2020'),
(1547, 10, '105.159.37.249', '7 nov. 2020'),
(1548, 9, '69.30.213.202', '7 nov. 2020'),
(1549, 49, '37.171.143.208', '8 nov. 2020'),
(1550, 41, '66.249.75.252', '8 nov. 2020'),
(1551, 40, '66.249.75.248', '8 nov. 2020'),
(1552, 48, '66.249.75.250', '8 nov. 2020'),
(1553, 10, '87.116.180.130', '9 nov. 2020'),
(1554, 49, '147.94.135.145', '9 nov. 2020'),
(1555, 39, '144.91.91.164', '10 nov. 2020'),
(1556, 23, '114.119.136.99', '11 nov. 2020'),
(1557, 10, '83.205.225.13', '12 nov. 2020'),
(1558, 49, '181.223.218.76', '12 nov. 2020'),
(1559, 49, '191.189.23.151', '12 nov. 2020'),
(1560, 49, '78.248.34.171', '12 nov. 2020'),
(1561, 53, '91.175.40.195', '12 nov. 2020'),
(1562, 49, '58.11.27.51', '12 nov. 2020'),
(1563, 49, '86.75.249.108', '13 nov. 2020'),
(1564, 22, '114.119.144.202', '14 nov. 2020'),
(1565, 8, '114.119.128.46', '15 nov. 2020'),
(1566, 15, '86.67.103.33', '16 nov. 2020'),
(1567, 26, '114.119.153.169', '16 nov. 2020'),
(1568, 53, '82.236.107.174', '16 nov. 2020'),
(1569, 33, '114.119.136.219', '17 nov. 2020'),
(1570, 23, '114.119.134.49', '17 nov. 2020'),
(1571, 46, '114.119.133.220', '17 nov. 2020'),
(1572, 51, '90.51.60.247', '18 nov. 2020'),
(1573, 51, '82.113.19.6', '18 nov. 2020'),
(1574, 13, '91.173.121.197', '18 nov. 2020'),
(1575, 49, '81.64.100.196', '19 nov. 2020'),
(1576, 58, '114.119.146.251', '19 nov. 2020'),
(1577, 18, '91.166.129.188', '19 nov. 2020'),
(1578, 36, '41.214.94.96', '19 nov. 2020'),
(1579, 8, '5.45.207.66', '20 nov. 2020'),
(1580, 51, '92.184.117.147', '20 nov. 2020'),
(1581, 17, '114.119.155.81', '20 nov. 2020'),
(1582, 12, '114.119.133.192', '21 nov. 2020'),
(1583, 8, '114.119.140.250', '21 nov. 2020'),
(1584, 23, '114.119.131.28', '21 nov. 2020'),
(1585, 23, '114.119.150.2', '22 nov. 2020'),
(1586, 35, '114.119.151.152', '22 nov. 2020'),
(1587, 14, '114.119.138.239', '22 nov. 2020'),
(1588, 19, '114.119.152.195', '23 nov. 2020'),
(1589, 10, '80.214.69.16', '24 nov. 2020'),
(1590, 51, '78.116.217.187', '25 nov. 2020'),
(1591, 58, '88.122.49.165', '25 nov. 2020'),
(1592, 51, '86.75.249.68', '25 nov. 2020'),
(1593, 51, '81.185.165.255', '25 nov. 2020'),
(1594, 9, '78.250.195.150', '25 nov. 2020'),
(1595, 1, '185.187.30.13', '25 nov. 2020'),
(1596, 25, '193.54.246.154', '25 nov. 2020'),
(1597, 27, '90.51.105.18', '25 nov. 2020'),
(1598, 22, '114.119.135.133', '25 nov. 2020'),
(1599, 40, '212.102.63.133', '25 nov. 2020'),
(1600, 51, '92.184.117.93', '25 nov. 2020'),
(1601, 36, '92.184.117.89', '26 nov. 2020'),
(1602, 60, '41.86.46.56', '26 nov. 2020'),
(1603, 19, '91.160.135.190', '26 nov. 2020'),
(1604, 50, '77.136.151.7', '26 nov. 2020'),
(1605, 1, '176.139.245.85', '26 nov. 2020'),
(1606, 23, '92.170.61.119', '26 nov. 2020'),
(1607, 46, '92.142.100.151', '26 nov. 2020'),
(1608, 49, '90.113.117.66', '26 nov. 2020'),
(1609, 5, '201.17.88.198', '26 nov. 2020'),
(1610, 24, '138.96.220.140', '26 nov. 2020'),
(1611, 29, '90.90.207.64', '26 nov. 2020'),
(1612, 47, '91.160.166.140', '26 nov. 2020'),
(1613, 51, '154.125.18.57', '26 nov. 2020'),
(1614, 37, '66.249.73.82', '26 nov. 2020'),
(1615, 3, '114.119.155.149', '26 nov. 2020'),
(1616, 9, '66.249.79.120', '27 nov. 2020'),
(1617, 38, '41.214.93.202', '30 nov. 2020'),
(1618, 20, '92.184.102.107', '2 déc. 2020'),
(1619, 10, '92.184.102.22', '2 déc. 2020'),
(1620, 10, '79.25.24.34', '3 déc. 2020'),
(1621, 10, '64.62.202.71', '3 déc. 2020'),
(1622, 42, '128.90.183.112', '4 déc. 2020'),
(1623, 51, '207.46.13.50', '7 déc. 2020'),
(1624, 25, '93.28.191.27', '8 déc. 2020'),
(1625, 10, '131.175.56.104', '9 déc. 2020'),
(1626, 10, '93.56.170.121', '9 déc. 2020'),
(1627, 49, '92.184.107.94', '9 déc. 2020'),
(1628, 2, '37.172.61.188', '10 déc. 2020'),
(1629, 43, '37.173.20.98', '15 déc. 2020'),
(1630, 13, '92.184.107.129', '15 déc. 2020'),
(1631, 19, '92.184.107.120', '15 déc. 2020'),
(1632, 37, '51.116.184.103', '17 déc. 2020'),
(1633, 4, '92.133.51.25', '17 déc. 2020'),
(1634, 10, '79.13.241.111', '21 déc. 2020'),
(1635, 14, '66.249.75.176', '22 déc. 2020'),
(1636, 28, '114.119.141.228', '23 déc. 2020'),
(1637, 19, '5.255.231.94', '24 déc. 2020'),
(1638, 51, '207.46.13.31', '27 déc. 2020'),
(1639, 13, '114.119.159.86', '27 déc. 2020'),
(1640, 16, '66.249.65.93', '28 déc. 2020'),
(1641, 1, '66.249.65.94', '28 déc. 2020'),
(1642, 49, '66.249.65.92', '28 déc. 2020'),
(1643, 6, '5.9.140.242', '31 déc. 2020'),
(1644, 4, '114.119.156.247', '31 déc. 2020'),
(1645, 20, '114.119.153.108', '1 janv. 2021'),
(1646, 29, '2.4.153.251', '1 janv. 2021'),
(1647, 24, '66.249.75.178', '2 janv. 2021'),
(1648, 16, '207.180.245.134', '2 janv. 2021'),
(1649, 50, '66.249.75.174', '2 janv. 2021'),
(1650, 12, '167.114.100.201', '2 janv. 2021'),
(1651, 34, '114.119.140.174', '4 janv. 2021'),
(1652, 48, '114.119.145.142', '4 janv. 2021'),
(1653, 13, '37.172.51.181', '5 janv. 2021'),
(1654, 27, '114.119.133.249', '5 janv. 2021'),
(1655, 46, '114.119.134.165', '7 janv. 2021'),
(1656, 55, '185.85.189.241', '7 janv. 2021'),
(1657, 44, '114.119.136.217', '7 janv. 2021'),
(1658, 41, '114.119.138.140', '8 janv. 2021'),
(1659, 7, '114.119.150.57', '9 janv. 2021'),
(1660, 30, '66.249.66.210', '10 janv. 2021'),
(1661, 30, '114.119.150.5', '11 janv. 2021'),
(1662, 30, '114.119.138.130', '11 janv. 2021'),
(1663, 7, '77.141.122.207', '12 janv. 2021'),
(1664, 20, '95.91.76.137', '12 janv. 2021'),
(1665, 51, '197.149.195.120', '13 janv. 2021'),
(1666, 5, '114.119.137.139', '14 janv. 2021'),
(1667, 19, '114.119.141.200', '14 janv. 2021'),
(1668, 32, '114.119.129.190', '14 janv. 2021'),
(1669, 1, '90.51.30.218', '15 janv. 2021'),
(1670, 5, '192.99.101.79', '15 janv. 2021'),
(1671, 9, '114.119.157.75', '16 janv. 2021'),
(1672, 39, '114.119.133.165', '16 janv. 2021'),
(1673, 25, '114.119.140.238', '17 janv. 2021'),
(1674, 51, '40.77.167.68', '17 janv. 2021'),
(1675, 55, '114.119.136.221', '17 janv. 2021'),
(1676, 25, '66.249.75.93', '19 janv. 2021'),
(1677, 8, '37.57.218.243', '19 janv. 2021'),
(1678, 36, '114.119.140.87', '19 janv. 2021'),
(1679, 13, '66.249.75.94', '19 janv. 2021'),
(1680, 46, '37.171.108.91', '19 janv. 2021'),
(1681, 50, '66.249.75.95', '19 janv. 2021'),
(1682, 44, '66.249.75.92', '20 janv. 2021'),
(1683, 12, '114.119.151.67', '20 janv. 2021'),
(1684, 28, '41.214.91.120', '22 janv. 2021'),
(1685, 43, '114.119.149.92', '22 janv. 2021'),
(1686, 29, '114.119.142.27', '22 janv. 2021'),
(1687, 52, '195.221.175.103', '22 janv. 2021'),
(1688, 52, '91.169.26.62', '22 janv. 2021'),
(1689, 35, '41.214.84.14', '22 janv. 2021'),
(1690, 51, '209.14.0.252', '22 janv. 2021'),
(1691, 15, '41.214.91.196', '22 janv. 2021'),
(1692, 27, '41.214.90.220', '22 janv. 2021'),
(1693, 52, '193.51.224.135', '22 janv. 2021'),
(1694, 52, '41.86.49.32', '23 janv. 2021'),
(1695, 4, '212.33.205.18', '23 janv. 2021'),
(1696, 43, '176.36.20.67', '23 janv. 2021'),
(1697, 20, '192.99.14.130', '23 janv. 2021'),
(1698, 20, '41.214.85.251', '23 janv. 2021'),
(1699, 20, '41.214.95.22', '23 janv. 2021'),
(1700, 41, '200.85.169.18', '24 janv. 2021'),
(1701, 33, '91.224.182.49', '24 janv. 2021'),
(1702, 19, '66.249.79.14', '24 janv. 2021'),
(1703, 7, '102.156.165.174', '25 janv. 2021'),
(1704, 40, '27.122.56.235', '25 janv. 2021'),
(1705, 42, '139.255.160.23', '25 janv. 2021'),
(1706, 33, '5.178.193.43', '25 janv. 2021'),
(1707, 47, '114.119.131.189', '27 janv. 2021'),
(1708, 44, '37.169.21.217', '28 janv. 2021'),
(1709, 53, '192.99.4.140', '28 janv. 2021'),
(1710, 16, '154.124.225.21', '29 janv. 2021'),
(1711, 21, '95.91.107.69', '29 janv. 2021'),
(1712, 10, '151.246.199.74', '30 janv. 2021'),
(1713, 39, '37.169.26.51', '30 janv. 2021'),
(1714, 39, '167.114.159.183', '30 janv. 2021'),
(1715, 10, '143.215.38.207', '31 janv. 2021'),
(1716, 33, '217.117.251.200', '1 févr. 2021'),
(1717, 53, '37.169.26.137', '2 févr. 2021'),
(1718, 53, '37.169.28.100', '3 févr. 2021'),
(1719, 13, '37.169.28.95', '3 févr. 2021'),
(1720, 16, '66.249.69.80', '4 févr. 2021'),
(1721, 26, '66.249.69.82', '4 févr. 2021'),
(1722, 7, '37.166.203.136', '4 févr. 2021'),
(1723, 53, '91.167.190.68', '8 févr. 2021'),
(1724, 53, '83.114.103.217', '8 févr. 2021'),
(1725, 53, '86.71.35.150', '8 févr. 2021'),
(1726, 22, '77.193.8.103', '8 févr. 2021'),
(1727, 53, '91.174.108.193', '8 févr. 2021'),
(1728, 53, '86.210.52.205', '8 févr. 2021'),
(1729, 53, '86.75.249.207', '8 févr. 2021'),
(1730, 53, '78.46.63.108', '10 févr. 2021'),
(1731, 54, '90.51.61.117', '10 févr. 2021'),
(1732, 46, '107.178.238.104', '10 févr. 2021'),
(1733, 27, '92.184.123.128', '11 févr. 2021'),
(1734, 41, '103.149.16.198', '11 févr. 2021'),
(1735, 32, '37.169.25.181', '15 févr. 2021'),
(1736, 47, '66.249.69.78', '16 févr. 2021'),
(1737, 13, '88.99.31.160', '17 févr. 2021'),
(1738, 43, '37.169.38.255', '17 févr. 2021'),
(1739, 54, '132.177.103.226', '17 févr. 2021'),
(1740, 26, '37.165.41.236', '17 févr. 2021'),
(1741, 54, '37.169.60.55', '18 févr. 2021'),
(1742, 8, '66.249.76.236', '18 févr. 2021'),
(1743, 29, '40.77.167.23', '18 févr. 2021'),
(1744, 10, '176.195.3.191', '20 févr. 2021'),
(1745, 9, '163.5.101.94', '20 févr. 2021'),
(1746, 17, '66.249.69.76', '21 févr. 2021'),
(1747, 50, '114.119.145.198', '22 févr. 2021'),
(1748, 42, '77.148.127.164', '22 févr. 2021'),
(1749, 18, '37.169.57.212', '22 févr. 2021'),
(1750, 20, '137.129.13.93', '23 févr. 2021'),
(1751, 54, '185.185.119.32', '23 févr. 2021'),
(1752, 40, '157.55.39.225', '25 févr. 2021'),
(1753, 54, '157.55.39.76', '25 févr. 2021'),
(1754, 53, '157.55.39.81', '25 févr. 2021'),
(1755, 54, '90.1.42.243', '25 févr. 2021'),
(1756, 54, '81.185.168.45', '25 févr. 2021'),
(1757, 57, '179.218.10.198', '25 févr. 2021'),
(1758, 58, '93.4.40.23', '25 févr. 2021'),
(1759, 54, '109.190.253.11', '25 févr. 2021'),
(1760, 54, '205.169.39.185', '25 févr. 2021'),
(1761, 54, '37.169.8.147', '25 févr. 2021'),
(1762, 39, '194.33.45.150', '28 févr. 2021'),
(1763, 7, '37.169.36.64', '1 mars 2021'),
(1764, 55, '88.165.128.144', '2 mars 2021'),
(1765, 41, '90.73.216.93', '2 mars 2021'),
(1766, 54, '92.169.238.237', '2 mars 2021'),
(1767, 54, '176.137.141.211', '2 mars 2021'),
(1768, 28, '10.111.25.98', '2 mars 2021'),
(1769, 54, '86.210.12.106', '2 mars 2021'),
(1770, 54, '10.111.31.45', '2 mars 2021'),
(1771, 54, '10.111.30.97', '2 mars 2021'),
(1772, 22, '90.1.1.157', '2 mars 2021'),
(1773, 53, '37.169.55.105', '2 mars 2021'),
(1774, 16, '106.38.16.141', '2 mars 2021'),
(1775, 54, '54.236.58.220', '2 mars 2021'),
(1776, 40, '90.116.35.212', '4 mars 2021'),
(1777, 13, '37.169.44.240', '4 mars 2021'),
(1778, 1, '37.164.108.244', '5 mars 2021'),
(1779, 30, '3.237.97.64', '6 mars 2021'),
(1780, 35, '91.227.155.139', '8 mars 2021'),
(1781, 54, '108.168.58.109', '8 mars 2021'),
(1782, 35, '195.216.155.16', '9 mars 2021'),
(1783, 23, '37.169.40.224', '9 mars 2021'),
(1784, 35, '194.61.9.166', '9 mars 2021'),
(1785, 10, '46.100.140.234', '10 mars 2021'),
(1786, 35, '194.61.9.237', '10 mars 2021'),
(1787, 40, '109.92.71.50', '10 mars 2021'),
(1788, 35, '194.61.9.149', '11 mars 2021'),
(1789, 35, '176.119.140.169', '12 mars 2021'),
(1790, 33, '202.65.45.222', '12 mars 2021'),
(1791, 10, '95.234.144.190', '13 mars 2021'),
(1792, 2, '66.249.70.88', '13 mars 2021'),
(1793, 26, '37.228.237.242', '16 mars 2021'),
(1794, 51, '37.169.25.20', '17 mars 2021'),
(1795, 10, '89.64.37.83', '17 mars 2021'),
(1796, 55, '37.169.8.28', '17 mars 2021'),
(1797, 55, '37.169.23.44', '18 mars 2021'),
(1798, 55, '90.112.61.7', '18 mars 2021'),
(1799, 55, '37.169.4.250', '18 mars 2021'),
(1800, 10, '185.112.22.22', '18 mars 2021'),
(1801, 42, '37.169.25.130', '21 mars 2021'),
(1802, 35, '157.55.39.205', '21 mars 2021'),
(1803, 22, '157.55.39.231', '21 mars 2021'),
(1804, 55, '40.77.167.34', '21 mars 2021'),
(1805, 31, '40.77.167.1', '22 mars 2021'),
(1806, 20, '40.77.167.21', '22 mars 2021'),
(1807, 6, '40.77.167.24', '22 mars 2021'),
(1808, 19, '40.77.167.17', '23 mars 2021'),
(1809, 44, '157.55.39.220', '23 mars 2021'),
(1810, 26, '157.55.39.188', '23 mars 2021'),
(1811, 13, '157.55.39.219', '23 mars 2021'),
(1812, 43, '157.55.39.175', '24 mars 2021'),
(1813, 42, '66.249.73.29', '24 mars 2021'),
(1814, 55, '37.169.42.129', '24 mars 2021'),
(1815, 55, '90.51.29.192', '24 mars 2021'),
(1816, 57, '176.173.214.121', '24 mars 2021'),
(1817, 46, '91.164.58.225', '24 mars 2021'),
(1818, 55, '84.6.156.143', '24 mars 2021'),
(1819, 55, '90.1.82.237', '24 mars 2021'),
(1820, 55, '86.75.249.172', '24 mars 2021'),
(1821, 55, '193.54.246.132', '24 mars 2021'),
(1822, 55, '77.200.232.198', '24 mars 2021'),
(1823, 46, '80.214.212.253', '25 mars 2021'),
(1824, 47, '129.88.33.39', '25 mars 2021'),
(1825, 17, '157.55.39.173', '25 mars 2021'),
(1826, 37, '66.249.65.46', '25 mars 2021'),
(1827, 22, '66.249.65.50', '25 mars 2021'),
(1828, 13, '13.66.139.90', '25 mars 2021'),
(1829, 10, '89.90.145.168', '26 mars 2021'),
(1830, 52, '207.46.13.77', '27 mars 2021'),
(1831, 49, '207.46.13.27', '28 mars 2021'),
(1832, 55, '37.169.46.241', '28 mars 2021'),
(1833, 53, '157.55.39.215', '28 mars 2021'),
(1834, 55, '207.46.13.102', '29 mars 2021'),
(1835, 13, '13.66.139.49', '29 mars 2021'),
(1836, 21, '207.46.13.26', '30 mars 2021'),
(1837, 46, '44.227.133.159', '30 mars 2021'),
(1838, 46, '44.227.103.78', '30 mars 2021'),
(1839, 50, '157.55.39.119', '31 mars 2021'),
(1840, 51, '13.66.139.0', '31 mars 2021'),
(1841, 42, '157.55.39.105', '31 mars 2021'),
(1842, 13, '13.66.139.44', '31 mars 2021'),
(1843, 35, '37.169.36.163', '31 mars 2021'),
(1844, 46, '207.46.13.67', '1 avr. 2021'),
(1845, 52, '157.55.39.87', '2 avr. 2021'),
(1846, 13, '13.66.139.88', '2 avr. 2021'),
(1847, 43, '92.184.100.162', '2 avr. 2021'),
(1848, 13, '78.46.106.84', '3 avr. 2021'),
(1849, 55, '157.55.39.110', '5 avr. 2021'),
(1850, 14, '77.94.25.85', '5 avr. 2021'),
(1851, 13, '2.4.171.255', '6 avr. 2021'),
(1852, 40, '100.27.5.29', '7 avr. 2021'),
(1853, 30, '157.55.39.227', '7 avr. 2021'),
(1854, 19, '207.46.13.59', '8 avr. 2021'),
(1855, 30, '207.46.13.60', '8 avr. 2021'),
(1856, 1, '207.46.13.55', '9 avr. 2021'),
(1857, 48, '66.249.73.26', '9 avr. 2021'),
(1858, 57, '66.249.73.25', '9 avr. 2021'),
(1859, 7, '195.83.22.215', '9 avr. 2021'),
(1860, 46, '207.46.13.58', '10 avr. 2021'),
(1861, 22, '2.4.171.126', '10 avr. 2021'),
(1862, 55, '3.238.174.50', '10 avr. 2021'),
(1863, 2, '40.77.167.20', '11 avr. 2021'),
(1864, 33, '207.46.13.20', '11 avr. 2021'),
(1865, 40, '66.249.64.243', '11 avr. 2021'),
(1866, 8, '66.249.64.245', '11 avr. 2021'),
(1867, 58, '40.77.167.27', '12 avr. 2021'),
(1868, 35, '40.77.167.103', '13 avr. 2021'),
(1869, 10, '49.204.191.186', '13 avr. 2021'),
(1870, 48, '176.145.76.5', '13 avr. 2021'),
(1871, 52, '37.170.9.253', '13 avr. 2021'),
(1872, 22, '92.93.212.182', '13 avr. 2021'),
(1873, 49, '66.249.66.82', '15 avr. 2021'),
(1874, 57, '92.167.103.103', '15 avr. 2021'),
(1875, 21, '46.193.4.10', '15 avr. 2021'),
(1876, 8, '5.255.253.160', '17 avr. 2021'),
(1877, 55, '100.25.42.117', '18 avr. 2021'),
(1878, 15, '192.99.5.228', '18 avr. 2021'),
(1879, 55, '3.235.41.241', '19 avr. 2021'),
(1880, 2, '193.134.202.246', '19 avr. 2021'),
(1881, 55, '66.249.75.84', '19 avr. 2021'),
(1882, 6, '66.249.69.114', '19 avr. 2021'),
(1883, 16, '66.249.69.116', '19 avr. 2021'),
(1884, 54, '66.249.69.118', '19 avr. 2021'),
(1885, 31, '40.77.167.106', '19 avr. 2021'),
(1886, 5, '157.90.209.83', '20 avr. 2021'),
(1887, 47, '10.9.6.36', '20 avr. 2021'),
(1888, 8, '95.91.15.174', '20 avr. 2021'),
(1889, 54, '156.68.117.178', '20 avr. 2021'),
(1890, 48, '207.46.13.158', '20 avr. 2021'),
(1891, 40, '207.46.13.66', '22 avr. 2021'),
(1892, 40, '52.44.255.232', '23 avr. 2021'),
(1893, 14, '207.46.13.72', '23 avr. 2021'),
(1894, 41, '37.173.143.196', '23 avr. 2021'),
(1895, 13, '37.169.23.7', '23 avr. 2021'),
(1896, 49, '37.172.177.228', '25 avr. 2021'),
(1897, 23, '37.166.68.148', '26 avr. 2021'),
(1898, 54, '50.17.226.87', '27 avr. 2021'),
(1899, 20, '164.68.121.239', '28 avr. 2021'),
(1900, 5, '66.249.64.229', '29 avr. 2021'),
(1901, 38, '37.169.51.91', '30 avr. 2021'),
(1902, 15, '197.207.45.205', '4 mai 2021'),
(1903, 43, '207.46.13.107', '4 mai 2021'),
(1904, 10, '188.120.103.225', '5 mai 2021'),
(1905, 17, '201.230.158.27', '6 mai 2021'),
(1906, 10, '68.174.229.162', '6 mai 2021'),
(1907, 56, '66.249.69.212', '7 mai 2021'),
(1908, 57, '66.249.69.210', '8 mai 2021'),
(1909, 38, '66.249.69.214', '8 mai 2021'),
(1910, 22, '207.46.13.127', '8 mai 2021'),
(1911, 45, '66.249.66.155', '10 mai 2021'),
(1912, 10, '148.81.137.221', '10 mai 2021'),
(1913, 42, '66.249.79.48', '10 mai 2021'),
(1914, 58, '66.249.64.252', '12 mai 2021'),
(1915, 53, '66.249.64.250', '12 mai 2021'),
(1916, 40, '66.249.70.52', '13 mai 2021'),
(1917, 41, '66.249.64.254', '13 mai 2021'),
(1918, 57, '2.10.121.188', '14 mai 2021'),
(1919, 5, '40.77.167.28', '14 mai 2021'),
(1920, 14, '40.77.167.36', '15 mai 2021'),
(1921, 46, '40.77.167.74', '15 mai 2021'),
(1922, 17, '157.55.39.30', '16 mai 2021'),
(1923, 10, '157.55.39.60', '17 mai 2021'),
(1924, 56, '54.37.100.109', '17 mai 2021'),
(1925, 58, '193.70.55.172', '17 mai 2021'),
(1926, 56, '80.215.219.53', '17 mai 2021'),
(1927, 56, '139.124.158.206', '17 mai 2021'),
(1928, 56, '90.37.208.146', '17 mai 2021'),
(1929, 56, '37.167.91.31', '17 mai 2021'),
(1930, 56, '118.168.216.44', '17 mai 2021'),
(1931, 56, '134.246.216.26', '17 mai 2021'),
(1932, 2, '157.55.39.23', '17 mai 2021'),
(1933, 24, '66.249.70.54', '18 mai 2021'),
(1934, 56, '86.75.249.21', '18 mai 2021'),
(1935, 57, '66.249.64.248', '18 mai 2021'),
(1936, 6, '157.55.39.129', '19 mai 2021'),
(1937, 56, '91.162.188.169', '19 mai 2021'),
(1938, 46, '66.249.64.234', '19 mai 2021'),
(1939, 56, '197.149.220.5', '19 mai 2021'),
(1940, 53, '217.121.153.188', '19 mai 2021'),
(1941, 54, '5.88.19.243', '22 mai 2021'),
(1942, 54, '66.249.69.216', '23 mai 2021'),
(1943, 48, '90.3.87.24', '24 mai 2021'),
(1944, 54, '132.203.82.174', '24 mai 2021'),
(1945, 40, '54.210.41.46', '25 mai 2021'),
(1946, 7, '45.89.174.39', '25 mai 2021'),
(1947, 57, '51.255.119.240', '27 mai 2021'),
(1948, 57, '51.89.255.22', '27 mai 2021'),
(1949, 57, '157.161.155.132', '27 mai 2021'),
(1950, 57, '90.116.101.180', '27 mai 2021'),
(1951, 57, '78.197.54.14', '27 mai 2021'),
(1952, 57, '134.246.84.176', '27 mai 2021'),
(1953, 57, '77.95.65.70', '27 mai 2021'),
(1954, 57, '220.136.50.145', '27 mai 2021'),
(1955, 57, '66.249.69.204', '27 mai 2021'),
(1956, 41, '183.88.133.127', '28 mai 2021'),
(1957, 56, '90.1.112.239', '28 mai 2021'),
(1958, 17, '66.249.69.202', '29 mai 2021'),
(1959, 53, '93.215.177.130', '29 mai 2021'),
(1960, 10, '151.247.19.215', '29 mai 2021'),
(1961, 56, '66.249.65.89', '30 mai 2021'),
(1962, 56, '66.249.65.88', '30 mai 2021'),
(1963, 7, '66.249.65.70', '30 mai 2021'),
(1964, 3, '66.249.70.56', '31 mai 2021'),
(1965, 26, '66.249.70.60', '31 mai 2021'),
(1966, 22, '66.249.70.58', '31 mai 2021'),
(1967, 48, '129.177.196.144', '31 mai 2021'),
(1968, 55, '185.119.81.96', '6 juin 2021'),
(1969, 45, '79.43.234.117', '8 juin 2021'),
(1970, 42, '66.249.64.238', '8 juin 2021'),
(1971, 17, '66.249.92.66', '9 juin 2021'),
(1972, 33, '130.133.68.197', '10 juin 2021'),
(1973, 5, '157.90.177.213', '11 juin 2021'),
(1974, 54, '185.94.192.242', '11 juin 2021'),
(1975, 35, '66.249.64.236', '13 juin 2021'),
(1976, 54, '92.32.247.101', '13 juin 2021'),
(1977, 23, '157.55.39.78', '14 juin 2021'),
(1978, 27, '2.4.162.19', '14 juin 2021'),
(1979, 23, '207.46.13.180', '14 juin 2021'),
(1980, 21, '157.55.39.42', '16 juin 2021'),
(1981, 42, '157.55.39.47', '16 juin 2021'),
(1982, 57, '157.55.39.56', '16 juin 2021'),
(1983, 18, '207.46.13.179', '17 juin 2021'),
(1984, 32, '207.46.13.52', '17 juin 2021'),
(1985, 53, '114.119.128.142', '17 juin 2021'),
(1986, 54, '209.121.229.233', '18 juin 2021'),
(1987, 45, '207.46.13.86', '18 juin 2021'),
(1988, 8, '207.46.13.161', '19 juin 2021'),
(1989, 5, '40.77.167.65', '19 juin 2021'),
(1990, 15, '40.77.167.57', '20 juin 2021'),
(1991, 45, '66.249.64.251', '20 juin 2021'),
(1992, 46, '40.77.167.102', '21 juin 2021'),
(1993, 53, '207.46.13.183', '21 juin 2021'),
(1994, 57, '83.197.211.74', '21 juin 2021'),
(1995, 48, '66.249.69.215', '21 juin 2021'),
(1996, 47, '66.249.69.219', '21 juin 2021'),
(1997, 8, '66.249.69.217', '21 juin 2021'),
(1998, 54, '3.235.184.215', '22 juin 2021'),
(1999, 12, '114.119.147.73', '22 juin 2021'),
(2000, 6, '114.119.146.255', '22 juin 2021'),
(2001, 55, '157.55.39.138', '23 juin 2021'),
(2002, 16, '114.119.150.223', '23 juin 2021'),
(2003, 30, '114.119.147.196', '23 juin 2021'),
(2004, 36, '24.50.112.62', '23 juin 2021'),
(2005, 56, '77.141.121.132', '23 juin 2021'),
(2006, 7, '114.119.140.4', '23 juin 2021'),
(2007, 5, '114.119.130.26', '23 juin 2021'),
(2008, 37, '114.119.159.233', '23 juin 2021'),
(2009, 50, '77.131.35.54', '24 juin 2021'),
(2010, 30, '3.235.223.5', '24 juin 2021'),
(2011, 43, '114.119.129.143', '25 juin 2021'),
(2012, 28, '80.214.75.245', '25 juin 2021'),
(2013, 58, '91.171.187.99', '25 juin 2021'),
(2014, 58, '54.37.100.116', '25 juin 2021'),
(2015, 58, '90.1.108.229', '25 juin 2021'),
(2016, 53, '37.164.176.34', '25 juin 2021'),
(2017, 43, '66.249.64.247', '25 juin 2021'),
(2018, 58, '197.157.106.17', '26 juin 2021'),
(2019, 55, '103.37.201.175', '26 juin 2021'),
(2020, 27, '66.249.64.249', '27 juin 2021'),
(2021, 32, '114.119.128.26', '27 juin 2021'),
(2022, 7, '103.107.143.98', '29 juin 2021'),
(2023, 30, '167.114.64.97', '29 juin 2021'),
(2024, 17, '114.119.133.222', '30 juin 2021'),
(2025, 28, '192.99.10.93', '30 juin 2021'),
(2026, 22, '114.119.158.216', '30 juin 2021'),
(2027, 15, '167.114.159.99', '30 juin 2021'),
(2028, 49, '114.119.156.142', '1 juil. 2021'),
(2029, 34, '114.119.130.60', '1 juil. 2021'),
(2030, 50, '176.159.211.238', '1 juil. 2021'),
(2031, 28, '114.119.141.127', '2 juil. 2021'),
(2032, 4, '114.119.137.200', '2 juil. 2021'),
(2033, 17, '5.9.112.210', '2 juil. 2021'),
(2034, 14, '207.180.218.247', '2 juil. 2021'),
(2035, 45, '114.119.136.174', '2 juil. 2021'),
(2036, 24, '5.255.253.93', '3 juil. 2021'),
(2037, 10, '165.73.223.243', '3 juil. 2021'),
(2038, 10, '109.70.100.47', '5 juil. 2021'),
(2039, 50, '207.46.13.35', '5 juil. 2021'),
(2040, 36, '114.119.145.110', '6 juil. 2021'),
(2041, 58, '77.67.20.130', '6 juil. 2021'),
(2042, 58, '102.164.181.31', '6 juil. 2021'),
(2043, 35, '157.55.39.168', '7 juil. 2021'),
(2044, 9, '157.55.39.62', '7 juil. 2021'),
(2045, 32, '207.46.13.125', '8 juil. 2021'),
(2046, 47, '197.27.143.73', '9 juil. 2021'),
(2047, 38, '114.119.135.73', '11 juil. 2021'),
(2048, 54, '181.65.44.219', '12 juil. 2021'),
(2049, 55, '157.55.39.53', '12 juil. 2021'),
(2050, 4, '114.119.154.200', '13 juil. 2021'),
(2051, 24, '80.214.208.241', '13 juil. 2021'),
(2052, 7, '5.45.207.108', '13 juil. 2021'),
(2053, 31, '5.45.207.181', '13 juil. 2021'),
(2054, 54, '176.142.243.95', '13 juil. 2021'),
(2055, 16, '66.249.64.235', '14 juil. 2021'),
(2056, 1, '114.119.151.133', '15 juil. 2021'),
(2057, 46, '66.249.75.124', '16 juil. 2021'),
(2058, 6, '207.46.13.28', '16 juil. 2021'),
(2059, 8, '114.119.153.49', '17 juil. 2021'),
(2060, 30, '207.46.13.14', '17 juil. 2021'),
(2061, 28, '5.255.231.85', '17 juil. 2021'),
(2062, 28, '157.55.39.117', '17 juil. 2021'),
(2063, 56, '213.180.203.177', '17 juil. 2021'),
(2064, 17, '66.249.65.112', '17 juil. 2021'),
(2065, 44, '5.45.207.145', '18 juil. 2021'),
(2066, 4, '66.249.65.110', '18 juil. 2021'),
(2067, 52, '157.55.39.13', '18 juil. 2021'),
(2068, 19, '66.249.65.108', '18 juil. 2021'),
(2069, 7, '157.55.39.114', '19 juil. 2021'),
(2070, 18, '114.119.135.237', '20 juil. 2021'),
(2071, 14, '207.46.13.40', '20 juil. 2021'),
(2072, 56, '114.119.143.51', '20 juil. 2021'),
(2073, 44, '207.46.13.29', '20 juil. 2021'),
(2074, 52, '114.119.151.246', '20 juil. 2021'),
(2075, 44, '5.45.207.171', '22 juil. 2021'),
(2076, 55, '157.55.39.163', '22 juil. 2021'),
(2077, 5, '66.249.64.253', '22 juil. 2021'),
(2078, 45, '66.249.68.30', '23 juil. 2021'),
(2079, 7, '197.250.60.123', '23 juil. 2021'),
(2080, 7, '66.249.83.197', '23 juil. 2021'),
(2081, 55, '34.204.180.1', '23 juil. 2021'),
(2082, 24, '66.249.75.120', '28 juil. 2021'),
(2083, 53, '195.98.253.249', '28 juil. 2021'),
(2084, 26, '114.119.156.193', '30 juil. 2021'),
(2085, 54, '66.249.65.120', '30 juil. 2021'),
(2086, 42, '66.249.65.122', '30 juil. 2021'),
(2087, 31, '66.249.65.118', '30 juil. 2021'),
(2088, 10, '24.171.116.30', '4 août 2021'),
(2089, 19, '84.38.135.154', '4 août 2021'),
(2090, 37, '5.255.253.154', '4 août 2021'),
(2091, 39, '5.255.231.9', '4 août 2021'),
(2092, 55, '66.249.66.138', '5 août 2021'),
(2093, 48, '202.36.29.252', '6 août 2021'),
(2094, 10, '196.188.51.241', '6 août 2021'),
(2095, 56, '207.46.13.130', '7 août 2021'),
(2096, 45, '207.46.13.157', '7 août 2021'),
(2097, 31, '66.249.69.220', '8 août 2021'),
(2098, 54, '66.249.69.218', '8 août 2021'),
(2099, 48, '114.119.128.219', '10 août 2021'),
(2100, 44, '205.169.39.231', '11 août 2021'),
(2101, 58, '207.46.13.84', '11 août 2021'),
(2102, 58, '92.167.103.82', '11 août 2021'),
(2103, 57, '86.227.72.12', '11 août 2021'),
(2104, 10, '54.172.91.236', '12 août 2021'),
(2105, 55, '202.61.253.63', '13 août 2021'),
(2106, 55, '76.87.240.136', '14 août 2021'),
(2107, 28, '157.55.39.135', '14 août 2021'),
(2108, 56, '115.126.185.220', '15 août 2021'),
(2109, 47, '72.142.5.98', '15 août 2021'),
(2110, 7, '114.119.139.112', '16 août 2021'),
(2111, 44, '80.214.146.238', '24 août 2021'),
(2112, 25, '185.81.157.47', '24 août 2021'),
(2113, 44, '5.45.207.166', '24 août 2021'),
(2114, 41, '157.55.39.170', '26 août 2021'),
(2115, 15, '119.30.38.102', '26 août 2021'),
(2116, 8, '207.46.13.155', '26 août 2021'),
(2117, 5, '5.255.253.156', '27 août 2021'),
(2118, 30, '114.119.138.70', '27 août 2021'),
(2119, 19, '213.180.203.6', '27 août 2021'),
(2120, 7, '114.119.133.35', '27 août 2021'),
(2121, 2, '114.119.140.66', '27 août 2021'),
(2122, 36, '88.168.181.45', '27 août 2021'),
(2123, 43, '213.180.203.76', '28 août 2021'),
(2124, 46, '157.55.39.161', '28 août 2021'),
(2125, 56, '207.46.13.106', '28 août 2021'),
(2126, 49, '157.55.39.177', '29 août 2021'),
(2127, 12, '114.119.141.232', '31 août 2021'),
(2128, 55, '114.119.132.70', '31 août 2021'),
(2129, 10, '198.27.81.59', '1 sept. 2021'),
(2130, 54, '92.184.124.13', '1 sept. 2021'),
(2131, 52, '80.214.145.213', '1 sept. 2021'),
(2132, 44, '5.255.253.97', '1 sept. 2021'),
(2133, 20, '167.114.211.237', '2 sept. 2021'),
(2134, 27, '77.88.5.62', '3 sept. 2021'),
(2135, 35, '77.88.5.109', '3 sept. 2021'),
(2136, 9, '66.249.79.34', '3 sept. 2021'),
(2137, 53, '167.114.158.215', '3 sept. 2021'),
(2138, 51, '66.249.73.110', '4 sept. 2021'),
(2139, 55, '66.249.73.112', '4 sept. 2021'),
(2140, 5, '114.119.137.177', '5 sept. 2021'),
(2141, 6, '66.249.73.114', '5 sept. 2021'),
(2142, 53, '192.99.161.45', '6 sept. 2021'),
(2143, 20, '77.88.5.233', '7 sept. 2021'),
(2144, 31, '93.158.161.42', '7 sept. 2021'),
(2145, 39, '77.88.5.130', '7 sept. 2021'),
(2146, 54, '172.103.208.59', '7 sept. 2021'),
(2147, 7, '218.104.31.2', '8 sept. 2021'),
(2148, 34, '5.255.231.186', '8 sept. 2021'),
(2149, 23, '176.158.61.65', '8 sept. 2021'),
(2150, 36, '141.8.142.80', '9 sept. 2021'),
(2151, 29, '78.112.182.97', '9 sept. 2021'),
(2152, 7, '118.70.175.18', '9 sept. 2021'),
(2153, 21, '66.249.64.122', '11 sept. 2021'),
(2154, 55, '66.249.64.120', '11 sept. 2021'),
(2155, 35, '66.249.64.124', '12 sept. 2021'),
(2156, 20, '114.119.136.168', '13 sept. 2021'),
(2157, 54, '99.192.39.8', '13 sept. 2021'),
(2158, 28, '207.46.13.133', '14 sept. 2021'),
(2159, 23, '86.227.171.172', '15 sept. 2021'),
(2160, 54, '157.55.39.88', '16 sept. 2021'),
(2161, 54, '5.255.231.133', '16 sept. 2021'),
(2162, 6, '66.249.65.124', '17 sept. 2021'),
(2163, 59, '213.180.203.22', '17 sept. 2021'),
(2164, 41, '207.46.13.110', '17 sept. 2021'),
(2165, 20, '80.215.170.151', '17 sept. 2021'),
(2166, 37, '213.152.161.244', '17 sept. 2021'),
(2167, 10, '3.233.242.204', '19 sept. 2021'),
(2168, 29, '165.225.17.30', '19 sept. 2021'),
(2169, 34, '157.55.39.80', '19 sept. 2021'),
(2170, 50, '207.46.13.145', '20 sept. 2021'),
(2171, 13, '80.214.19.2', '20 sept. 2021'),
(2172, 25, '40.77.167.54', '20 sept. 2021'),
(2173, 43, '157.55.39.37', '20 sept. 2021'),
(2174, 56, '207.46.13.87', '22 sept. 2021'),
(2175, 53, '66.249.66.94', '23 sept. 2021'),
(2176, 60, '34.221.49.214', '23 sept. 2021'),
(2177, 46, '207.46.13.37', '23 sept. 2021'),
(2178, 35, '77.88.5.252', '24 sept. 2021'),
(2179, 60, '176.161.224.120', '25 sept. 2021'),
(2180, 47, '197.250.197.237', '25 sept. 2021'),
(2181, 20, '144.76.71.176', '26 sept. 2021'),
(2182, 43, '93.158.161.48', '26 sept. 2021'),
(2183, 32, '93.158.161.2', '26 sept. 2021'),
(2184, 45, '93.158.161.59', '26 sept. 2021'),
(2185, 55, '77.88.5.126', '26 sept. 2021'),
(2186, 11, '142.44.166.135', '27 sept. 2021'),
(2187, 47, '5.32.85.221', '27 sept. 2021'),
(2188, 54, '66.249.66.204', '28 sept. 2021'),
(2189, 18, '157.55.39.141', '28 sept. 2021'),
(2190, 59, '37.165.135.141', '28 sept. 2021'),
(2191, 36, '37.165.182.254', '28 sept. 2021'),
(2192, 42, '37.172.20.206', '29 sept. 2021'),
(2193, 60, '3.81.206.201', '29 sept. 2021'),
(2194, 60, '51.195.130.156', '29 sept. 2021'),
(2195, 60, '185.185.177.25', '29 sept. 2021'),
(2196, 60, '89.187.219.69', '29 sept. 2021'),
(2197, 60, '92.184.102.89', '29 sept. 2021'),
(2198, 60, '185.104.137.33', '29 sept. 2021'),
(2199, 48, '109.27.29.72', '29 sept. 2021'),
(2200, 29, '90.48.152.136', '29 sept. 2021'),
(2201, 43, '157.55.39.137', '29 sept. 2021'),
(2202, 36, '192.140.152.119', '30 sept. 2021'),
(2203, 57, '77.88.5.27', '30 sept. 2021'),
(2204, 8, '77.88.5.57', '30 sept. 2021'),
(2205, 31, '157.55.39.54', '1 oct. 2021'),
(2206, 60, '37.170.48.184', '1 oct. 2021'),
(2207, 26, '77.88.5.44', '1 oct. 2021'),
(2208, 44, '37.165.231.94', '2 oct. 2021'),
(2209, 5, '77.88.5.245', '2 oct. 2021'),
(2210, 29, '114.119.130.168', '2 oct. 2021'),
(2211, 48, '40.77.167.55', '3 oct. 2021'),
(2212, 9, '66.249.66.206', '3 oct. 2021'),
(2213, 58, '93.158.161.60', '4 oct. 2021'),
(2214, 34, '77.88.5.38', '4 oct. 2021'),
(2215, 8, '5.188.211.16', '5 oct. 2021'),
(2216, 41, '5.188.211.13', '5 oct. 2021'),
(2217, 24, '66.249.66.95', '5 oct. 2021'),
(2218, 8, '5.188.211.22', '5 oct. 2021'),
(2219, 8, '5.255.253.144', '5 oct. 2021'),
(2220, 8, '66.249.66.216', '6 oct. 2021'),
(2221, 6, '87.250.224.59', '8 oct. 2021'),
(2222, 15, '5.255.253.110', '8 oct. 2021'),
(2223, 54, '212.195.243.248', '8 oct. 2021'),
(2224, 53, '197.210.47.250', '8 oct. 2021'),
(2225, 6, '51.39.227.83', '9 oct. 2021'),
(2226, 56, '66.249.66.24', '12 oct. 2021'),
(2227, 48, '134.246.150.73', '12 oct. 2021'),
(2228, 30, '195.220.151.96', '12 oct. 2021'),
(2229, 54, '205.211.133.133', '12 oct. 2021'),
(2230, 30, '86.48.32.140', '12 oct. 2021'),
(2231, 33, '114.119.138.32', '13 oct. 2021'),
(2232, 41, '95.108.213.29', '13 oct. 2021'),
(2233, 54, '66.249.66.28', '14 oct. 2021'),
(2234, 8, '80.215.153.234', '15 oct. 2021'),
(2235, 59, '41.214.95.33', '25 oct. 2021'),
(2236, 29, '93.145.56.144', '25 oct. 2021'),
(2237, 53, '207.46.13.78', '25 oct. 2021'),
(2238, 53, '207.46.13.90', '25 oct. 2021'),
(2239, 23, '157.55.39.32', '25 oct. 2021'),
(2240, 42, '157.55.39.55', '25 oct. 2021'),
(2241, 54, '41.214.90.46', '26 oct. 2021'),
(2242, 40, '2.9.205.170', '26 oct. 2021'),
(2243, 43, '41.214.90.33', '26 oct. 2021'),
(2244, 48, '13.89.140.22', '26 oct. 2021'),
(2245, 51, '40.77.167.13', '26 oct. 2021'),
(2246, 26, '10.97.27.142', '26 oct. 2021'),
(2247, 54, '103.166.71.246', '26 oct. 2021'),
(2248, 34, '5.45.207.141', '26 oct. 2021'),
(2249, 5, '13.89.137.131', '27 oct. 2021'),
(2250, 49, '40.77.167.82', '27 oct. 2021'),
(2251, 59, '3.229.142.91', '27 oct. 2021'),
(2252, 59, '95.108.213.2', '27 oct. 2021'),
(2253, 54, '104.247.24.50', '28 oct. 2021'),
(2254, 47, '52.158.175.164', '28 oct. 2021'),
(2255, 51, '40.77.167.78', '29 oct. 2021'),
(2256, 3, '5.255.231.249', '31 oct. 2021'),
(2257, 39, '41.214.95.122', '31 oct. 2021'),
(2258, 36, '207.46.13.4', '1 nov. 2021'),
(2259, 5, '40.77.167.101', '1 nov. 2021'),
(2260, 1, '66.249.66.26', '2 nov. 2021'),
(2261, 53, '223.235.57.11', '3 nov. 2021'),
(2262, 8, '207.46.13.131', '4 nov. 2021'),
(2263, 3, '157.55.39.153', '4 nov. 2021'),
(2264, 52, '41.214.91.179', '4 nov. 2021'),
(2265, 51, '78.197.196.252', '4 nov. 2021'),
(2266, 56, '157.55.39.124', '5 nov. 2021'),
(2267, 1, '207.46.13.2', '5 nov. 2021'),
(2268, 39, '40.77.167.77', '6 nov. 2021'),
(2269, 57, '207.46.13.75', '6 nov. 2021'),
(2270, 36, '41.214.90.251', '7 nov. 2021'),
(2271, 48, '52.185.105.10', '7 nov. 2021'),
(2272, 25, '114.119.137.80', '9 nov. 2021'),
(2273, 9, '114.119.132.36', '9 nov. 2021'),
(2274, 48, '114.119.134.204', '9 nov. 2021'),
(2275, 56, '114.119.133.232', '9 nov. 2021'),
(2276, 48, '114.119.140.136', '9 nov. 2021'),
(2277, 59, '117.23.18.129', '9 nov. 2021'),
(2278, 5, '52.185.105.13', '9 nov. 2021'),
(2279, 10, '77.81.26.185', '9 nov. 2021'),
(2280, 58, '114.119.134.79', '9 nov. 2021'),
(2281, 54, '114.119.132.192', '10 nov. 2021'),
(2282, 53, '114.119.132.42', '10 nov. 2021'),
(2283, 33, '114.119.136.134', '10 nov. 2021'),
(2284, 46, '114.119.137.94', '10 nov. 2021'),
(2285, 50, '40.77.167.67', '11 nov. 2021'),
(2286, 50, '35.86.185.24', '11 nov. 2021'),
(2287, 45, '39.107.236.213', '11 nov. 2021'),
(2288, 47, '13.89.110.44', '12 nov. 2021'),
(2289, 42, '87.250.224.198', '12 nov. 2021'),
(2290, 8, '66.249.66.220', '12 nov. 2021'),
(2291, 3, '157.55.39.27', '13 nov. 2021'),
(2292, 50, '207.46.13.121', '13 nov. 2021'),
(2293, 60, '95.108.213.10', '14 nov. 2021'),
(2294, 47, '95.108.213.67', '14 nov. 2021'),
(2295, 47, '114.119.136.150', '15 nov. 2021'),
(2296, 55, '114.119.137.91', '15 nov. 2021'),
(2297, 8, '114.119.143.182', '15 nov. 2021'),
(2298, 58, '114.119.134.41', '15 nov. 2021'),
(2299, 33, '114.119.128.34', '15 nov. 2021'),
(2300, 43, '114.119.129.92', '15 nov. 2021'),
(2301, 14, '114.119.135.84', '15 nov. 2021'),
(2302, 20, '114.119.136.32', '15 nov. 2021'),
(2303, 8, '114.119.134.1', '15 nov. 2021'),
(2304, 8, '114.119.132.227', '15 nov. 2021'),
(2305, 48, '114.119.129.22', '15 nov. 2021'),
(2306, 47, '114.119.139.115', '15 nov. 2021'),
(2307, 41, '114.119.133.213', '15 nov. 2021'),
(2308, 21, '114.119.130.57', '15 nov. 2021'),
(2309, 41, '114.119.130.154', '15 nov. 2021'),
(2310, 38, '114.119.128.23', '15 nov. 2021'),
(2311, 21, '114.119.150.166', '15 nov. 2021'),
(2312, 58, '114.119.137.193', '15 nov. 2021'),
(2313, 29, '114.119.131.52', '15 nov. 2021'),
(2314, 48, '114.119.132.34', '15 nov. 2021'),
(2315, 24, '114.119.131.245', '15 nov. 2021'),
(2316, 58, '114.119.131.166', '15 nov. 2021'),
(2317, 43, '114.119.133.211', '15 nov. 2021'),
(2318, 58, '114.119.128.253', '15 nov. 2021'),
(2319, 39, '114.119.136.245', '15 nov. 2021'),
(2320, 7, '114.119.131.43', '15 nov. 2021'),
(2321, 39, '114.119.140.161', '15 nov. 2021'),
(2322, 52, '114.119.131.131', '15 nov. 2021'),
(2323, 52, '207.46.13.160', '15 nov. 2021'),
(2324, 32, '213.55.19.102', '15 nov. 2021'),
(2325, 55, '173.212.202.122', '16 nov. 2021'),
(2326, 43, '114.119.132.89', '16 nov. 2021'),
(2327, 24, '114.119.128.55', '16 nov. 2021'),
(2328, 46, '114.119.139.59', '16 nov. 2021'),
(2329, 9, '114.119.128.57', '16 nov. 2021'),
(2330, 34, '114.119.138.127', '16 nov. 2021'),
(2331, 8, '114.119.136.188', '16 nov. 2021'),
(2332, 56, '114.119.132.228', '16 nov. 2021'),
(2333, 19, '114.119.128.237', '16 nov. 2021'),
(2334, 55, '114.119.137.8', '16 nov. 2021'),
(2335, 18, '114.119.129.179', '16 nov. 2021'),
(2336, 55, '66.249.79.28', '16 nov. 2021'),
(2337, 26, '114.119.136.30', '17 nov. 2021'),
(2338, 43, '66.249.79.24', '17 nov. 2021'),
(2339, 23, '114.119.132.211', '17 nov. 2021'),
(2340, 48, '114.119.140.38', '17 nov. 2021'),
(2341, 12, '114.119.136.64', '17 nov. 2021'),
(2342, 57, '114.119.134.107', '17 nov. 2021'),
(2343, 49, '114.119.135.207', '17 nov. 2021'),
(2344, 32, '114.119.129.218', '17 nov. 2021'),
(2345, 4, '114.119.130.110', '17 nov. 2021'),
(2346, 23, '114.119.139.102', '17 nov. 2021'),
(2347, 51, '114.119.135.136', '17 nov. 2021');
INSERT INTO `tempo` (`id`, `idInformation`, `ipNumber`, `dateStamp`) VALUES
(2348, 39, '114.119.156.133', '17 nov. 2021'),
(2349, 3, '114.119.136.8', '17 nov. 2021'),
(2350, 55, '114.119.129.254', '17 nov. 2021'),
(2351, 27, '114.119.136.95', '17 nov. 2021'),
(2352, 5, '41.214.91.228', '17 nov. 2021'),
(2353, 57, '114.119.139.104', '18 nov. 2021'),
(2354, 8, '114.119.136.96', '18 nov. 2021'),
(2355, 19, '114.119.132.202', '18 nov. 2021'),
(2356, 30, '114.119.139.94', '18 nov. 2021'),
(2357, 31, '114.119.139.1', '18 nov. 2021'),
(2358, 55, '114.119.132.161', '18 nov. 2021'),
(2359, 58, '114.119.140.166', '18 nov. 2021'),
(2360, 55, '207.46.13.34', '18 nov. 2021'),
(2361, 54, '114.119.137.184', '18 nov. 2021'),
(2362, 32, '114.119.131.14', '18 nov. 2021'),
(2363, 11, '114.119.132.104', '19 nov. 2021'),
(2364, 19, '114.119.133.204', '19 nov. 2021'),
(2365, 56, '114.119.135.169', '19 nov. 2021'),
(2366, 21, '58.8.5.177', '19 nov. 2021'),
(2367, 1, '114.119.135.37', '19 nov. 2021'),
(2368, 51, '114.119.134.152', '19 nov. 2021'),
(2369, 37, '114.119.134.207', '19 nov. 2021'),
(2370, 12, '114.119.138.210', '19 nov. 2021'),
(2371, 45, '41.214.89.214', '19 nov. 2021'),
(2372, 13, '114.119.130.201', '19 nov. 2021'),
(2373, 21, '114.119.139.247', '19 nov. 2021'),
(2374, 15, '114.119.128.233', '19 nov. 2021'),
(2375, 11, '41.214.91.150', '19 nov. 2021'),
(2376, 48, '114.119.137.167', '19 nov. 2021'),
(2377, 27, '114.119.132.12', '19 nov. 2021'),
(2378, 58, '24.249.199.4', '19 nov. 2021'),
(2379, 55, '114.119.162.33', '19 nov. 2021'),
(2380, 52, '114.119.129.225', '19 nov. 2021'),
(2381, 58, '114.119.134.196', '19 nov. 2021'),
(2382, 15, '114.119.133.116', '19 nov. 2021'),
(2383, 14, '114.119.136.139', '19 nov. 2021'),
(2384, 8, '114.119.132.25', '19 nov. 2021'),
(2385, 5, '114.119.137.31', '20 nov. 2021'),
(2386, 39, '114.119.132.88', '20 nov. 2021'),
(2387, 52, '114.119.133.251', '20 nov. 2021'),
(2388, 43, '114.119.135.251', '20 nov. 2021'),
(2389, 44, '114.119.132.105', '20 nov. 2021'),
(2390, 31, '114.119.133.208', '20 nov. 2021'),
(2391, 41, '114.119.136.12', '20 nov. 2021'),
(2392, 25, '207.46.13.175', '20 nov. 2021'),
(2393, 53, '114.119.129.244', '20 nov. 2021'),
(2394, 42, '114.119.134.48', '20 nov. 2021'),
(2395, 32, '114.119.140.48', '20 nov. 2021'),
(2396, 44, '114.119.135.254', '20 nov. 2021'),
(2397, 40, '193.49.112.182', '20 nov. 2021'),
(2398, 55, '114.119.135.143', '20 nov. 2021'),
(2399, 51, '114.119.135.32', '20 nov. 2021'),
(2400, 38, '114.119.143.130', '20 nov. 2021'),
(2401, 12, '114.119.140.178', '21 nov. 2021'),
(2402, 60, '114.119.132.11', '21 nov. 2021'),
(2403, 14, '114.119.136.51', '21 nov. 2021'),
(2404, 46, '114.119.136.224', '21 nov. 2021'),
(2405, 52, '157.55.39.1', '21 nov. 2021'),
(2406, 15, '41.214.94.243', '21 nov. 2021'),
(2407, 20, '114.119.140.29', '21 nov. 2021'),
(2408, 22, '114.119.133.30', '21 nov. 2021'),
(2409, 25, '114.119.129.237', '21 nov. 2021'),
(2410, 10, '114.119.134.72', '21 nov. 2021'),
(2411, 48, '114.119.138.235', '22 nov. 2021'),
(2412, 44, '114.119.132.114', '22 nov. 2021'),
(2413, 12, '114.119.128.50', '22 nov. 2021'),
(2414, 18, '114.119.133.83', '22 nov. 2021'),
(2415, 39, '114.119.135.205', '22 nov. 2021'),
(2416, 32, '114.119.152.134', '22 nov. 2021'),
(2417, 53, '114.119.134.116', '22 nov. 2021'),
(2418, 53, '82.65.149.84', '23 nov. 2021'),
(2419, 60, '114.119.136.249', '23 nov. 2021'),
(2420, 19, '114.119.131.180', '23 nov. 2021'),
(2421, 6, '114.119.157.132', '23 nov. 2021'),
(2422, 18, '114.119.130.67', '23 nov. 2021'),
(2423, 31, '114.119.140.103', '23 nov. 2021'),
(2424, 4, '114.119.132.10', '23 nov. 2021'),
(2425, 10, '114.119.137.124', '23 nov. 2021'),
(2426, 13, '114.119.128.139', '24 nov. 2021'),
(2427, 23, '114.119.133.42', '24 nov. 2021'),
(2428, 34, '114.119.137.224', '24 nov. 2021'),
(2429, 38, '114.119.137.38', '24 nov. 2021'),
(2430, 48, '114.119.132.173', '24 nov. 2021'),
(2431, 46, '157.55.39.33', '24 nov. 2021'),
(2432, 23, '114.119.147.229', '24 nov. 2021'),
(2433, 52, '114.119.132.242', '24 nov. 2021'),
(2434, 39, '199.47.82.19', '24 nov. 2021'),
(2435, 56, '114.119.132.72', '24 nov. 2021'),
(2436, 37, '114.119.139.202', '24 nov. 2021'),
(2437, 15, '114.119.139.86', '24 nov. 2021'),
(2438, 56, '114.119.138.205', '24 nov. 2021'),
(2439, 11, '114.119.138.155', '24 nov. 2021'),
(2440, 19, '114.119.135.204', '25 nov. 2021'),
(2441, 49, '114.119.138.74', '25 nov. 2021'),
(2442, 1, '114.119.140.185', '25 nov. 2021'),
(2443, 23, '114.119.132.101', '25 nov. 2021'),
(2444, 45, '114.119.133.98', '25 nov. 2021'),
(2445, 38, '207.46.13.135', '25 nov. 2021'),
(2446, 18, '114.119.132.171', '25 nov. 2021'),
(2447, 37, '114.119.128.203', '25 nov. 2021'),
(2448, 48, '114.119.133.26', '25 nov. 2021'),
(2449, 19, '157.55.39.192', '25 nov. 2021'),
(2450, 48, '114.119.134.212', '25 nov. 2021'),
(2451, 19, '114.119.130.18', '26 nov. 2021'),
(2452, 14, '114.119.134.220', '26 nov. 2021'),
(2453, 23, '199.47.82.18', '26 nov. 2021'),
(2454, 5, '114.119.137.64', '26 nov. 2021'),
(2455, 32, '114.119.131.195', '26 nov. 2021'),
(2456, 5, '114.119.133.191', '26 nov. 2021'),
(2457, 46, '114.119.132.122', '26 nov. 2021'),
(2458, 40, '114.119.150.186', '26 nov. 2021'),
(2459, 35, '114.119.137.122', '26 nov. 2021'),
(2460, 51, '114.119.130.210', '26 nov. 2021'),
(2461, 1, '114.119.138.82', '26 nov. 2021'),
(2462, 25, '114.119.134.106', '27 nov. 2021'),
(2463, 39, '114.119.129.147', '27 nov. 2021'),
(2464, 32, '114.119.130.96', '27 nov. 2021'),
(2465, 38, '114.119.140.217', '27 nov. 2021'),
(2466, 40, '114.119.135.66', '27 nov. 2021'),
(2467, 58, '157.55.39.49', '27 nov. 2021'),
(2468, 19, '114.119.138.178', '27 nov. 2021'),
(2469, 46, '114.119.128.181', '27 nov. 2021'),
(2470, 56, '114.119.128.162', '27 nov. 2021'),
(2471, 30, '3.89.204.127', '27 nov. 2021'),
(2472, 55, '114.119.149.145', '27 nov. 2021'),
(2473, 20, '66.249.65.74', '28 nov. 2021'),
(2474, 57, '114.119.136.253', '28 nov. 2021'),
(2475, 29, '114.119.130.152', '28 nov. 2021'),
(2476, 5, '114.119.130.29', '28 nov. 2021'),
(2477, 54, '66.249.65.76', '28 nov. 2021'),
(2478, 34, '114.119.134.35', '28 nov. 2021'),
(2479, 53, '114.119.136.208', '28 nov. 2021'),
(2480, 8, '114.119.129.233', '28 nov. 2021'),
(2481, 26, '114.119.135.57', '28 nov. 2021'),
(2482, 43, '114.119.131.33', '29 nov. 2021'),
(2483, 53, '114.119.131.10', '29 nov. 2021'),
(2484, 25, '114.119.133.158', '29 nov. 2021'),
(2485, 19, '114.119.139.185', '29 nov. 2021'),
(2486, 32, '114.119.129.24', '29 nov. 2021'),
(2487, 28, '114.119.130.27', '29 nov. 2021'),
(2488, 59, '114.119.135.152', '29 nov. 2021'),
(2489, 56, '114.119.136.14', '30 nov. 2021'),
(2490, 24, '114.119.136.254', '30 nov. 2021'),
(2491, 5, '114.119.139.186', '30 nov. 2021'),
(2492, 39, '114.119.138.117', '30 nov. 2021'),
(2493, 2, '114.119.133.250', '30 nov. 2021'),
(2494, 13, '114.119.133.34', '30 nov. 2021'),
(2495, 20, '114.119.132.74', '30 nov. 2021'),
(2496, 50, '114.119.134.64', '30 nov. 2021'),
(2497, 43, '114.119.139.78', '30 nov. 2021'),
(2498, 47, '114.119.136.251', '30 nov. 2021'),
(2499, 11, '114.119.131.116', '30 nov. 2021'),
(2500, 24, '114.119.133.14', '30 nov. 2021'),
(2501, 55, '114.119.156.56', '30 nov. 2021'),
(2502, 48, '114.119.138.59', '30 nov. 2021'),
(2503, 16, '199.47.82.21', '1 déc. 2021'),
(2504, 26, '114.119.134.203', '1 déc. 2021'),
(2505, 23, '114.119.134.12', '1 déc. 2021'),
(2506, 52, '114.119.130.109', '1 déc. 2021'),
(2507, 60, '199.47.82.20', '2 déc. 2021'),
(2508, 5, '114.119.131.92', '2 déc. 2021'),
(2509, 29, '114.119.156.27', '2 déc. 2021'),
(2510, 17, '114.119.140.196', '2 déc. 2021'),
(2511, 32, '114.119.134.3', '2 déc. 2021'),
(2512, 60, '66.249.66.208', '2 déc. 2021'),
(2513, 57, '138.102.16.4', '2 déc. 2021'),
(2514, 40, '114.119.129.235', '2 déc. 2021'),
(2515, 60, '114.119.131.210', '2 déc. 2021'),
(2516, 47, '114.119.136.75', '2 déc. 2021'),
(2517, 19, '114.119.135.158', '3 déc. 2021'),
(2518, 39, '114.119.138.154', '3 déc. 2021'),
(2519, 39, '114.119.138.251', '3 déc. 2021'),
(2520, 10, '114.119.130.102', '3 déc. 2021'),
(2521, 48, '114.119.134.216', '3 déc. 2021'),
(2522, 58, '114.119.158.34', '3 déc. 2021'),
(2523, 16, '114.119.131.253', '3 déc. 2021'),
(2524, 3, '114.119.140.237', '3 déc. 2021'),
(2525, 52, '66.249.66.218', '3 déc. 2021'),
(2526, 48, '20.84.225.130', '3 déc. 2021'),
(2527, 48, '114.119.133.119', '3 déc. 2021'),
(2528, 36, '66.249.83.203', '3 déc. 2021'),
(2529, 56, '114.119.135.181', '3 déc. 2021'),
(2530, 6, '114.119.138.230', '3 déc. 2021'),
(2531, 40, '114.119.136.44', '3 déc. 2021'),
(2532, 51, '77.88.5.23', '4 déc. 2021'),
(2533, 5, '77.88.5.37', '4 déc. 2021'),
(2534, 57, '114.119.133.12', '4 déc. 2021'),
(2535, 21, '54.198.139.112', '4 déc. 2021'),
(2536, 35, '114.119.136.31', '4 déc. 2021'),
(2537, 46, '114.119.129.71', '4 déc. 2021'),
(2538, 54, '114.119.136.184', '4 déc. 2021'),
(2539, 7, '114.119.137.95', '5 déc. 2021'),
(2540, 38, '114.119.149.109', '5 déc. 2021'),
(2541, 1, '114.119.132.149', '5 déc. 2021'),
(2542, 8, '114.119.129.74', '5 déc. 2021'),
(2543, 41, '114.119.128.40', '5 déc. 2021'),
(2544, 37, '114.119.137.173', '5 déc. 2021'),
(2545, 51, '114.119.136.238', '5 déc. 2021'),
(2546, 10, '124.43.59.20', '5 déc. 2021'),
(2547, 47, '20.84.225.129', '5 déc. 2021'),
(2548, 17, '114.119.137.134', '5 déc. 2021'),
(2549, 43, '114.119.133.190', '5 déc. 2021'),
(2550, 12, '114.119.159.177', '5 déc. 2021'),
(2551, 25, '114.119.139.133', '5 déc. 2021'),
(2552, 37, '209.95.51.166', '6 déc. 2021'),
(2553, 58, '132.180.225.183', '6 déc. 2021'),
(2554, 28, '93.158.161.35', '7 déc. 2021'),
(2555, 55, '93.158.161.53', '8 déc. 2021'),
(2556, 50, '66.249.69.92', '9 déc. 2021'),
(2557, 30, '66.249.69.88', '9 déc. 2021'),
(2558, 10, '192.236.163.12', '10 déc. 2021'),
(2559, 10, '103.85.25.193', '10 déc. 2021'),
(2560, 35, '90.1.100.50', '10 déc. 2021'),
(2561, 47, '114.119.139.205', '11 déc. 2021'),
(2562, 23, '114.119.140.234', '11 déc. 2021'),
(2563, 5, '114.119.138.98', '11 déc. 2021'),
(2564, 10, '114.119.140.107', '11 déc. 2021'),
(2565, 16, '114.119.138.77', '11 déc. 2021'),
(2566, 26, '114.119.140.206', '12 déc. 2021'),
(2567, 43, '114.119.151.113', '12 déc. 2021'),
(2568, 49, '114.119.140.111', '12 déc. 2021'),
(2569, 58, '77.88.5.218', '12 déc. 2021'),
(2570, 39, '114.119.128.196', '12 déc. 2021'),
(2571, 14, '114.119.137.160', '12 déc. 2021'),
(2572, 48, '114.119.140.56', '12 déc. 2021'),
(2573, 2, '114.119.130.31', '12 déc. 2021'),
(2574, 60, '114.119.128.5', '12 déc. 2021'),
(2575, 49, '114.119.139.207', '12 déc. 2021'),
(2576, 31, '114.119.128.132', '12 déc. 2021'),
(2577, 53, '114.119.137.190', '12 déc. 2021'),
(2578, 24, '114.119.133.236', '12 déc. 2021'),
(2579, 44, '114.119.134.187', '12 déc. 2021'),
(2580, 51, '114.119.136.164', '12 déc. 2021'),
(2581, 52, '114.119.129.25', '13 déc. 2021'),
(2582, 31, '114.119.134.9', '13 déc. 2021'),
(2583, 55, '114.119.131.50', '13 déc. 2021'),
(2584, 44, '114.119.131.97', '13 déc. 2021'),
(2585, 41, '114.119.138.27', '13 déc. 2021'),
(2586, 40, '114.119.130.177', '13 déc. 2021'),
(2587, 24, '114.119.135.233', '13 déc. 2021'),
(2588, 6, '114.119.135.206', '13 déc. 2021'),
(2589, 25, '114.119.138.28', '13 déc. 2021'),
(2590, 31, '114.119.136.128', '13 déc. 2021'),
(2591, 56, '41.82.169.229', '13 déc. 2021'),
(2592, 51, '114.119.138.78', '13 déc. 2021'),
(2593, 19, '114.119.129.14', '13 déc. 2021'),
(2594, 11, '114.119.137.237', '13 déc. 2021'),
(2595, 48, '20.84.225.204', '14 déc. 2021'),
(2596, 25, '114.119.135.34', '14 déc. 2021'),
(2597, 57, '114.119.129.82', '14 déc. 2021'),
(2598, 22, '14.139.181.162', '14 déc. 2021'),
(2599, 22, '114.119.137.7', '15 déc. 2021'),
(2600, 15, '114.119.133.237', '15 déc. 2021'),
(2601, 51, '66.249.64.56', '15 déc. 2021'),
(2602, 7, '5.173.33.14', '15 déc. 2021'),
(2603, 56, '114.119.136.190', '16 déc. 2021'),
(2604, 19, '66.249.64.58', '16 déc. 2021'),
(2605, 38, '66.249.64.60', '16 déc. 2021'),
(2606, 40, '41.82.160.215', '16 déc. 2021'),
(2607, 38, '114.119.133.182', '16 déc. 2021'),
(2608, 31, '114.119.129.9', '16 déc. 2021'),
(2609, 38, '207.231.107.186', '16 déc. 2021'),
(2610, 14, '114.119.128.218', '16 déc. 2021'),
(2611, 60, '41.82.170.13', '16 déc. 2021'),
(2612, 23, '114.119.136.138', '17 déc. 2021'),
(2613, 54, '114.119.133.125', '17 déc. 2021'),
(2614, 7, '114.119.138.65', '17 déc. 2021'),
(2615, 59, '114.119.140.221', '17 déc. 2021'),
(2616, 60, '114.119.134.80', '17 déc. 2021'),
(2617, 1, '114.119.132.45', '17 déc. 2021'),
(2618, 48, '86.227.124.30', '17 déc. 2021'),
(2619, 5, '20.84.225.84', '17 déc. 2021'),
(2620, 25, '114.119.129.206', '18 déc. 2021'),
(2621, 41, '114.119.131.139', '18 déc. 2021'),
(2622, 7, '114.119.128.172', '18 déc. 2021'),
(2623, 10, '114.119.130.136', '18 déc. 2021'),
(2624, 32, '114.119.137.68', '18 déc. 2021'),
(2625, 15, '5.9.141.8', '18 déc. 2021'),
(2626, 5, '114.119.136.72', '18 déc. 2021'),
(2627, 46, '114.119.132.159', '19 déc. 2021'),
(2628, 16, '114.119.136.141', '19 déc. 2021'),
(2629, 34, '114.119.131.181', '19 déc. 2021'),
(2630, 19, '114.119.137.103', '19 déc. 2021'),
(2631, 25, '114.119.137.105', '19 déc. 2021'),
(2632, 53, '114.119.138.5', '19 déc. 2021'),
(2633, 53, '159.138.102.98', '19 déc. 2021'),
(2634, 19, '207.46.13.154', '19 déc. 2021'),
(2635, 43, '114.119.130.13', '19 déc. 2021'),
(2636, 52, '114.119.129.81', '19 déc. 2021'),
(2637, 26, '114.119.139.110', '19 déc. 2021'),
(2638, 44, '114.119.134.51', '20 déc. 2021'),
(2639, 56, '114.119.139.35', '20 déc. 2021'),
(2640, 48, '114.119.150.210', '20 déc. 2021'),
(2641, 59, '103.113.156.95', '20 déc. 2021'),
(2642, 31, '114.119.130.105', '20 déc. 2021'),
(2643, 40, '66.249.69.90', '20 déc. 2021'),
(2644, 24, '114.119.131.211', '20 déc. 2021'),
(2645, 3, '114.119.131.42', '20 déc. 2021');

--
-- Contraintes pour les tables exportées
--

--
-- Contraintes pour la table `information`
--
ALTER TABLE `information`
  ADD CONSTRAINT `Information_refauthor` FOREIGN KEY (`idRef_Author`) REFERENCES `ref_author` (`idRef_Author`) ON DELETE NO ACTION ON UPDATE NO ACTION,
  ADD CONSTRAINT `Information_refdimension` FOREIGN KEY (`idRef_Dimension`) REFERENCES `ref_dimension` (`idRef_Dimension`) ON DELETE NO ACTION ON UPDATE NO ACTION,
  ADD CONSTRAINT `Information_refmisc1` FOREIGN KEY (`idRef_Misc1`) REFERENCES `ref_misc1` (`idRef_Misc1`) ON DELETE NO ACTION ON UPDATE NO ACTION,
  ADD CONSTRAINT `Information_refsource` FOREIGN KEY (`idRef_Source`) REFERENCES `ref_source` (`idRef_Source`) ON DELETE NO ACTION ON UPDATE NO ACTION;

--
-- Contraintes pour la table `info_access`
--
ALTER TABLE `info_access`
  ADD CONSTRAINT `infoaccesstoinformation` FOREIGN KEY (`idInformation`) REFERENCES `information` (`idInformation`);

--
-- Contraintes pour la table `info_keyword`
--
ALTER TABLE `info_keyword`
  ADD CONSTRAINT `infokeywordtoinformation` FOREIGN KEY (`idInformation`) REFERENCES `information` (`idInformation`),
  ADD CONSTRAINT `infokeywordtorefkeyword` FOREIGN KEY (`idRef_Keyword`) REFERENCES `ref_keyword` (`idRef_Keyword`);

--
-- Contraintes pour la table `info_link`
--
ALTER TABLE `info_link`
  ADD CONSTRAINT `infolinktoinformation1` FOREIGN KEY (`idInformation1`) REFERENCES `information` (`idInformation`),
  ADD CONSTRAINT `infolinktoinformation2` FOREIGN KEY (`idInformation2`) REFERENCES `information` (`idInformation`);

--
-- Contraintes pour la table `info_medium`
--
ALTER TABLE `info_medium`
  ADD CONSTRAINT `infomediumtoinformation` FOREIGN KEY (`idInformation`) REFERENCES `information` (`idInformation`) ON DELETE NO ACTION ON UPDATE NO ACTION,
  ADD CONSTRAINT `infomediumtorefmedium` FOREIGN KEY (`idRef_Medium`) REFERENCES `ref_medium` (`idRef_Medium`) ON DELETE NO ACTION ON UPDATE NO ACTION;

--
-- Contraintes pour la table `info_misc2`
--
ALTER TABLE `info_misc2`
  ADD CONSTRAINT `infomisc2toinformation` FOREIGN KEY (`idInformation`) REFERENCES `information` (`idInformation`) ON DELETE NO ACTION ON UPDATE NO ACTION,
  ADD CONSTRAINT `info_misc2_ibfk_2` FOREIGN KEY (`idRef_Misc2`) REFERENCES `ref_misc2` (`idRef_Misc2`) ON DELETE NO ACTION ON UPDATE NO ACTION;

--
-- Contraintes pour la table `ref_keyword`
--
ALTER TABLE `ref_keyword`
  ADD CONSTRAINT `refkeywordtorefmetakeyword` FOREIGN KEY (`idRef_MetaKeyword`) REFERENCES `ref_metakeyword` (`idRef_MetaKeyword`) ON DELETE NO ACTION ON UPDATE NO ACTION;

--
-- Contraintes pour la table `tempo`
--
ALTER TABLE `tempo`
  ADD CONSTRAINT `tempotoinformation` FOREIGN KEY (`idInformation`) REFERENCES `information` (`idInformation`);

/*!40101 SET CHARACTER_SET_CLIENT=@OLD_CHARACTER_SET_CLIENT */;
/*!40101 SET CHARACTER_SET_RESULTS=@OLD_CHARACTER_SET_RESULTS */;
/*!40101 SET COLLATION_CONNECTION=@OLD_COLLATION_CONNECTION */;
